SK_ID_CURR,TARGET
334430,0
166351,0
286414,0
278072,0
119615,0
332901,0
120076,0
156910,0
409200,0
409200,0
325538,0
303796,0
109974,0
109974,0
399350,0
399350,0
399350,0
171814,0
171814,0
290805,0
145180,0
276789,0
276789,0
288635,0
288635,0
288635,0
314462,0
314462,0
211040,0
102374,0
315254,0
224278,0
357181,0
265229,0
353786,0
424322,0
328409,0
348048,0
416779,0
253670,0
208379,0
208379,0
320336,0
451304,0
368071,0
368071,0
154987,0
230340,0
423445,0
423445,0
423445,0
174390,0
399298,0
318031,0
318031,0
318031,0
231143,0
331822,0
331822,0
331822,0
425651,0
425651,0
370946,0
387005,0
387005,0
172130,0
287278,0
287278,0
289964,0
234818,0
234818,0
234818,0
234818,0
362132,0
265654,0
265654,0
407981,0
407981,0
253711,0
101587,0
101587,0
163970,0
163970,0
163970,0
163970,0
100417,0
252142,0
174112,0
243857,0
219813,0
305904,0
201709,0
143547,0
143547,0
381795,0
381795,0
427343,0
427343,0
410071,0
410071,0
410071,0
196603,0
252006,0
252006,0
137203,0
107701,0
107701,0
154158,0
442989,0
333482,0
385246,0
299578,0
331751,0
427604,0
427604,0
353480,0
236017,0
183471,0
183471,0
366165,0
309955,0
454885,0
454885,0
158440,0
213951,0
253357,0
253357,0
394017,0
394017,0
142224,0
295229,0
295229,0
295229,0
295229,0
295229,0
362685,0
175268,0
175268,0
419149,0
271989,0
271989,0
183709,0
148022,0
268719,0
246920,0
218376,0
105410,0
105410,0
237550,0
201307,0
279359,0
279359,0
412987,0
373138,0
419156,0
195660,0
233907,0
372586,0
138594,0
396669,0
331914,0
109876,0
109876,0
109876,0
109876,0
284187,0
274745,0
274745,0
195912,0
433373,0
424840,0
117475,0
117475,0
223802,0
223802,0
223802,0
223802,0
440527,0
170847,0
170847,0
170847,0
170847,0
170847,0
206221,0
206221,0
206221,0
129251,0
129251,0
443576,0
284626,0
419036,0
419036,0
419036,0
419036,0
190323,0
215297,0
215297,0
210265,0
210265,0
210265,0
121698,0
121698,0
121698,0
303003,0
106146,0
106146,0
106146,0
106146,0
208194,0
208194,0
291476,0
291476,0
291476,0
314382,0
131764,0
131764,0
434032,0
433695,0
257940,0
386491,0
258132,0
258132,0
386748,0
386748,0
264146,0
289951,0
421206,0
355487,0
109676,0
109676,0
157060,0
381020,0
233763,0
233763,0
170264,0
145167,0
261831,0
123471,0
244926,0
244926,0
436954,0
436954,0
427034,0
427034,0
268935,0
268935,0
268935,0
430111,0
430111,0
430111,0
372252,0
452623,0
395743,0
395743,0
310285,0
175465,0
175465,0
238699,0
238699,0
306381,0
306381,0
306381,0
240942,0
240942,0
292400,0
292400,0
331662,0
358540,0
358540,0
378794,0
342638,0
445355,0
409871,0
409871,0
112846,0
112846,0
112846,0
335354,0
418487,0
133813,0
374177,0
246799,0
246799,0
246799,0
370124,0
370124,0
389301,0
428832,0
251341,0
334989,0
334989,0
243963,0
243963,0
333018,0
434790,0
434790,0
310510,0
310510,0
310510,0
370961,0
370961,0
448187,0
448187,0
448187,0
435745,0
143701,0
143701,0
407102,0
407102,0
407102,0
407102,0
423273,0
423273,0
423273,0
454465,0
454465,0
371610,0
275244,0
275244,0
449979,0
176946,0
267840,0
175459,0
334466,0
118168,0
366456,0
250035,0
143963,0
143963,0
269887,0
402931,0
280586,0
315216,0
183471,0
400794,0
400794,0
266672,0
266672,0
425834,0
345035,0
119002,0
384074,0
384074,0
233731,0
257680,0
257680,0
331300,0
101105,0
263448,0
354699,0
295180,0
116727,0
116727,0
116727,0
163289,0
213270,0
386170,0
386170,0
386170,0
386170,0
386170,0
386170,0
386170,0
270890,0
270890,0
367912,0
213250,0
151424,0
151424,0
151424,0
151424,0
174020,0
174020,0
453678,0
381926,0
437552,0
438495,0
386903,0
386903,0
275571,0
203474,0
218866,0
242950,0
361586,0
171038,0
140463,0
247394,0
439678,0
436416,0
426013,0
310894,0
291769,0
251706,0
251706,0
176278,0
176278,0
182606,0
182606,0
187445,0
381743,0
167805,0
167805,0
368213,0
349720,0
253100,0
157650,0
407027,0
407027,0
240225,0
240225,0
449615,0
297898,0
155573,0
155227,0
163385,0
250448,0
250448,0
143023,0
143023,0
109959,0
322131,0
176977,0
176977,0
176977,0
176977,0
273699,0
273699,0
167275,0
361274,0
361274,0
361274,0
361274,0
361274,0
312118,0
171490,0
115528,0
208329,0
338414,0
338414,0
393187,0
286151,0
447936,0
447936,0
416318,0
172549,0
172549,0
447492,0
247102,0
247102,0
247102,0
247102,0
291309,0
291309,0
370312,0
200889,0
394377,0
394377,0
394377,0
215208,0
215208,0
215208,0
321155,0
321155,0
321155,0
321155,0
419920,0
419920,0
143474,0
126364,0
126364,0
126364,0
207323,0
248267,0
354421,0
367951,0
367951,0
367951,0
347708,0
401501,0
368921,0
368921,0
343702,0
135496,0
135496,0
400927,0
148368,0
219892,0
313036,0
313036,0
188830,0
400650,0
384306,0
384306,0
384306,0
384306,0
384306,0
272653,0
100606,0
100606,0
194565,0
258973,0
184841,0
186860,0
370703,0
370703,0
370703,0
147619,0
258105,0
258105,0
118955,0
399695,0
386372,0
386372,0
386372,0
420925,0
263182,0
450828,0
427497,0
427497,0
427497,0
394095,0
394095,0
430156,0
282763,0
378039,0
378039,0
188184,0
363685,0
368354,0
311455,0
311455,0
311455,0
311455,0
360774,0
305458,0
335163,0
233601,0
223985,0
106470,0
214531,0
342830,0
177798,0
401401,0
283066,0
283066,0
278077,0
105217,0
295002,0
150615,0
150615,0
326622,0
326622,0
326622,0
326622,0
442692,0
216014,0
216014,0
216014,0
216014,0
216014,0
216014,0
216014,0
192465,0
252542,0
252542,0
296254,0
226223,0
326788,0
285779,0
452462,0
337746,0
217993,0
217993,0
364592,0
371308,0
224828,0
156434,0
442709,0
442709,0
442709,0
221226,0
275258,0
438582,0
438582,0
339254,0
339254,0
119184,0
119184,0
356633,0
167954,0
285980,0
285980,0
289448,0
289448,0
309313,0
309313,0
379544,0
379544,0
209336,0
338700,0
207722,0
218246,0
351341,0
197588,0
197975,0
365310,0
105846,0
112731,0
112731,0
303373,0
430608,0
430608,0
430608,0
431273,0
163826,0
354109,0
354109,0
407627,0
192442,0
148327,0
188718,0
448223,0
448223,0
448223,0
434164,0
412326,0
348184,0
192416,0
242867,0
242867,0
367958,0
214419,0
360829,0
197125,0
265401,0
265401,0
201304,0
136085,0
136085,0
168671,0
357195,0
398056,0
398056,0
113896,0
105206,0
105206,0
105206,0
105206,0
195215,0
182754,0
237662,0
237662,0
131660,0
131660,0
270077,0
149404,0
399673,0
399673,0
103966,0
341872,0
341872,0
341872,0
433743,0
374357,0
374357,0
374357,0
374357,0
374357,0
374357,0
374357,0
287068,0
287068,0
198834,0
276261,0
272857,0
403778,0
304139,0
383301,0
248394,0
320771,0
393209,0
227532,0
227532,0
227532,0
401447,0
352618,0
352618,0
380062,0
380062,0
303150,0
427594,0
427594,0
417640,0
417640,0
424501,0
424501,0
424501,0
424501,0
308443,0
308443,0
308443,0
213549,0
213549,0
213796,0
426758,0
358677,0
358677,0
358677,0
358677,0
359816,0
296472,0
296472,0
273041,0
377348,0
377348,0
275118,0
436230,0
100465,0
100465,0
109406,0
109406,0
114879,0
114879,0
303954,0
209216,0
209216,0
169705,0
235574,0
369394,0
174020,0
174020,0
147046,0
176633,0
217868,0
217868,0
217868,0
187945,0
102196,0
317038,0
317038,0
456114,0
456114,0
456114,0
456114,0
456114,0
456114,0
456114,0
233569,0
291848,0
291848,0
291848,0
209279,0
168796,0
115245,0
115245,0
137415,0
137415,0
306128,0
306128,0
255675,0
163302,0
194223,0
194223,0
362359,0
262202,0
390195,0
208060,0
236600,0
236600,0
317709,0
317709,0
432695,0
319544,0
319544,0
379544,0
379544,0
265394,0
326774,0
193386,0
124922,0
230607,0
289125,0
158965,0
158965,0
140732,0
224585,0
342120,0
218817,0
218817,0
218817,0
406690,0
406690,0
420823,0
203915,0
203915,0
309043,0
309043,0
342617,0
342617,0
342617,0
342617,0
335205,0
296939,0
296939,0
330107,0
123965,0
424881,0
424881,0
163977,0
163977,0
163977,0
163977,0
450401,0
450401,0
246105,0
254544,0
254544,0
254544,0
357595,0
304906,0
356445,0
138643,0
324472,0
256347,0
256347,0
340217,0
410043,0
243378,0
243378,0
243378,0
273965,0
273965,0
273965,0
273965,0
273965,0
367777,0
367777,0
334537,0
334537,0
328082,0
158571,0
312072,0
144417,0
144417,0
146933,0
431028,0
185435,0
432915,0
340989,0
118554,0
331390,0
439291,0
250857,0
148789,0
331328,0
296948,0
193187,0
193187,0
317237,0
277142,0
277142,0
277142,0
277142,0
277142,0
215325,0
215325,0
202322,0
227345,0
114433,0
114433,0
114433,0
114433,0
229422,0
229422,0
201239,0
201239,0
201239,0
135504,0
429454,0
429454,0
233705,0
163870,0
163870,0
163870,0
163870,0
334693,0
334693,0
418793,0
134789,0
266097,0
266097,0
302475,0
266205,0
188157,0
386866,0
365593,0
365593,0
353419,0
397032,0
397032,0
397032,0
269466,0
296120,0
294217,0
182213,0
182213,0
214410,0
214410,0
205032,0
319800,0
319800,0
257642,0
124261,0
124261,0
421195,0
421195,0
421195,0
430712,0
351684,0
351684,0
437541,0
164246,0
164246,0
164246,0
366936,0
139025,0
277708,0
355823,0
451840,0
294572,0
238134,0
206221,0
201853,0
201853,0
267081,0
267081,0
267081,0
267081,0
297276,0
297276,0
297276,0
154193,0
154193,0
388076,0
366019,0
205264,0
204089,0
185771,0
280650,0
149034,0
149034,0
211643,0
273866,0
164676,0
284098,0
207813,0
278856,0
275993,0
275993,0
112731,0
112731,0
264501,0
133564,0
307434,0
185737,0
432068,0
261633,0
332588,0
332588,0
140444,0
187168,0
187168,0
187168,0
456089,0
413970,0
413970,0
129557,0
370682,0
368713,0
453925,0
453925,0
453925,0
453925,0
347107,0
347107,0
305835,0
305835,0
210955,0
360328,0
360328,0
360328,0
166887,0
166887,0
280483,0
327845,0
433825,0
275467,0
275467,0
263243,0
430273,0
430340,0
387702,0
387702,0
387702,0
373908,0
147249,0
147249,0
332577,0
366164,0
258999,0
222233,0
277915,0
277915,0
406557,0
406557,0
406557,0
406557,0
319631,0
415484,0
243697,0
243697,0
132203,0
215162,0
259022,0
318487,0
318487,0
289636,0
157057,0
157057,0
436934,0
242227,0
178905,0
165846,0
136177,0
380052,0
390268,0
390268,0
329416,0
229694,0
229694,0
229694,0
370591,0
370591,0
370591,0
330562,0
330562,0
330562,0
330562,0
180654,0
430878,0
449803,0
168653,0
168653,0
342132,0
322517,0
414033,0
414033,0
130065,0
257541,0
257541,0
257541,0
257541,0
322181,0
322181,0
322181,0
441935,0
298643,0
324472,0
317764,0
243272,0
243272,0
243272,0
243272,0
455546,0
455546,0
416136,0
416136,0
425651,0
425651,0
107080,0
255017,0
255017,0
328804,0
234463,0
102747,0
102747,0
113106,0
113106,0
202304,0
202304,0
448819,0
367153,0
367153,0
253295,0
317631,0
236354,0
236354,0
280362,0
232763,0
175217,0
341536,0
341536,0
246639,0
295313,0
295313,0
365016,0
365016,0
365016,0
222430,0
256509,0
308892,0
269990,0
202361,0
334849,0
337688,0
337688,0
337688,0
337688,0
342773,0
130522,0
130522,0
231453,0
231453,0
231453,0
455496,0
244153,0
221045,0
225890,0
300591,0
379629,0
177882,0
290849,0
315489,0
342381,0
385711,0
113224,0
176852,0
115046,0
115046,0
115952,0
456018,0
456119,0
104455,0
439089,0
439089,0
353642,0
259490,0
381524,0
381524,0
134242,0
348962,0
348962,0
377590,0
377590,0
126084,0
126084,0
126084,0
436209,0
124974,0
124974,0
389581,0
229923,0
169003,0
161276,0
254670,0
139583,0
139583,0
260846,0
260846,0
260846,0
129530,0
307490,0
175079,0
427336,0
391131,0
430223,0
430223,0
252688,0
252688,0
252688,0
252688,0
113906,0
124072,0
124072,0
124072,0
124072,0
234749,0
257329,0
257329,0
257329,0
257329,0
306421,0
306421,0
151754,0
151754,0
245438,0
245438,0
298100,0
298100,0
119594,0
125259,0
188820,0
232285,0
231462,0
231462,0
285689,0
285689,0
285689,0
285689,0
235671,0
419507,0
419507,0
104042,0
104042,0
337688,0
337688,0
279600,0
295198,0
295198,0
365534,0
279250,0
355678,0
355678,0
226521,0
226521,0
226521,0
222294,0
222294,0
222294,0
222294,0
258199,0
264951,0
264951,0
306318,0
430527,0
257823,0
257823,0
425269,0
351341,0
307939,0
324958,0
259923,0
259923,0
259923,0
259923,0
310642,0
310642,0
277361,0
270966,0
146100,0
318702,0
318702,0
271368,0
271368,0
302635,0
302635,0
123093,0
133564,0
133564,0
133564,0
386319,0
218734,0
275384,0
326974,0
402252,0
235133,0
235133,0
358713,0
330648,0
385213,0
385213,0
385213,0
385213,0
289565,0
289565,0
118523,0
164252,0
164252,0
164252,0
164252,0
164252,0
164252,0
262625,0
262625,0
155036,0
155036,0
310858,0
310858,0
371227,0
371227,0
187056,0
407293,0
236465,0
322801,0
322801,0
322801,0
322801,0
259850,0
259850,0
257521,0
257521,0
173259,0
116259,0
150942,0
271412,0
271412,0
271412,0
419647,0
260699,0
352429,0
381405,0
381405,0
224069,0
296948,0
286048,0
130093,0
266587,0
332946,0
346530,0
346530,0
346530,0
354242,0
354242,0
404745,0
166829,0
104987,0
119420,0
142847,0
142847,0
321055,0
321055,0
189305,0
372394,0
372394,0
187659,0
388658,0
218734,0
255670,0
255670,0
255670,0
211597,0
436471,0
436471,0
436471,0
183609,0
264034,0
316748,0
337684,0
337684,0
337684,0
107141,0
107141,0
391098,0
391098,0
247240,0
101937,0
186161,0
186161,0
225950,0
312300,0
118678,0
156231,0
185738,0
366704,0
281162,0
403560,0
257360,0
449600,0
122013,0
122013,0
127149,0
103205,0
274251,0
415553,0
303565,0
233692,0
265717,0
153966,0
419708,0
199204,0
357494,0
252076,0
373936,0
250142,0
429965,0
148921,0
288086,0
330867,0
160233,0
431034,0
210662,0
336168,0
349807,0
349807,0
415417,0
174253,0
208562,0
379321,0
376756,0
380982,0
157383,0
395085,0
226661,0
226661,0
282524,0
299312,0
358458,0
358458,0
358458,0
309691,0
356351,0
171540,0
138806,0
138806,0
310180,0
355920,0
281858,0
384940,0
401748,0
374704,0
114890,0
142924,0
249887,0
443489,0
222053,0
325510,0
223411,0
330135,0
256079,0
289084,0
352910,0
226828,0
399394,0
141710,0
376021,0
376021,0
147269,0
238151,0
238151,0
238151,0
195229,0
124224,0
372252,0
372252,0
372252,0
386356,0
139840,0
139840,0
422052,0
224226,0
224226,0
105510,0
432977,0
432977,0
432977,0
409475,0
409475,0
251460,0
251460,0
251460,0
251460,0
251460,0
368154,0
189123,0
153015,0
227321,0
113533,0
331099,0
331099,0
331099,0
331099,0
331099,0
191092,0
281850,0
357714,0
355479,0
241651,0
115096,0
418264,0
225834,0
225834,0
215727,0
215727,0
215727,0
105190,0
105190,0
110601,0
110601,0
110601,0
164588,0
398988,0
398988,0
191749,0
191749,0
176970,0
452412,0
341555,0
341555,0
393494,0
439132,0
158149,0
247115,0
103115,0
221781,0
390680,0
105524,0
303306,0
227213,0
307362,0
306684,0
306117,0
306117,0
437057,0
422535,0
364437,0
286531,0
417163,0
417163,0
417163,0
403196,0
358659,0
316893,0
316893,0
178609,0
178609,0
376090,0
124395,0
105923,0
105923,0
105923,0
353078,0
393431,0
393431,0
261329,0
261329,0
261329,0
283010,0
159914,0
163773,0
372743,0
455887,0
228441,0
228441,0
129341,0
211288,0
190624,0
236111,0
129666,0
346263,0
286488,0
452228,0
336906,0
118257,0
392502,0
262226,0
144649,0
223187,0
223187,0
223187,0
273965,0
273965,0
273965,0
273965,0
273965,0
273965,0
273965,0
274487,0
167217,0
167217,0
167217,0
167217,0
167217,0
167217,0
181045,0
148043,0
148043,0
148043,0
171319,0
171319,0
114879,0
114879,0
114879,0
168606,0
349883,0
349883,0
349883,0
371978,0
371978,0
371978,0
211314,0
172686,0
200723,0
200723,0
200723,0
295426,0
295426,0
295426,0
124610,0
124610,0
154511,0
154511,0
310343,0
310343,0
103068,0
142061,0
142061,0
213074,0
184687,0
184687,0
434079,0
417666,0
417666,0
264729,0
102366,0
171503,0
326556,0
404476,0
270880,0
270880,0
434333,0
218028,0
208379,0
309273,0
309273,0
238407,0
238407,0
238407,0
348467,0
348467,0
266556,0
155670,0
155670,0
100754,0
204739,0
204739,0
204739,0
403038,0
168882,0
168882,0
153467,0
374719,0
224182,0
224182,0
224182,0
367482,0
367482,0
315472,0
256422,0
256422,0
271954,0
253895,0
442014,0
144246,0
302495,0
398234,0
398234,0
213597,0
369951,0
343056,0
320816,0
249024,0
450422,0
450422,0
450422,0
408175,0
342811,0
241629,0
333088,0
333088,0
424598,0
169370,0
235244,0
235244,0
235244,0
305584,0
451284,0
451284,0
445401,0
445401,0
141194,0
353467,0
353467,0
286608,0
286608,0
286608,0
427007,0
239069,0
203774,0
157892,0
157892,0
157892,0
413276,0
413276,0
413276,0
120434,0
120434,0
292554,0
139277,0
139277,0
139277,0
187967,0
219540,0
219540,0
446722,0
446722,0
446722,0
446722,0
446722,0
125771,0
125771,0
248167,0
363287,0
363287,0
363287,0
373175,0
373175,0
414093,0
414093,0
414093,0
270996,0
332021,0
276474,0
276474,0
249661,0
249661,0
249661,0
183851,0
381665,0
381665,0
381665,0
381665,0
381665,0
443388,0
380052,0
155979,0
148625,0
148625,0
148625,0
148625,0
148625,0
350137,0
350137,0
388582,0
166800,0
216522,0
216522,0
304561,0
247699,0
247699,0
412320,0
412320,0
412320,0
128477,0
112917,0
436787,0
289695,0
298516,0
298516,0
187293,0
275148,0
314759,0
119556,0
119556,0
119556,0
246024,0
441219,0
394420,0
116511,0
116511,0
236337,0
236337,0
125283,0
221931,0
356458,0
189956,0
245061,0
311270,0
226883,0
330562,0
256375,0
168439,0
168439,0
168439,0
168439,0
168439,0
168439,0
205896,0
432321,0
327881,0
380106,0
423115,0
367077,0
421500,0
283530,0
403907,0
120481,0
269176,0
235770,0
185117,0
185117,0
185117,0
185117,0
185117,0
307147,0
307147,0
307147,0
307147,0
307147,0
307147,0
307147,0
442959,0
442959,0
442959,0
449843,0
449843,0
449843,0
449843,0
449843,0
449843,0
103206,0
103206,0
103206,0
119805,0
119805,0
266958,0
373364,0
373364,0
208259,0
441350,0
167889,0
167889,0
362837,0
362837,0
362837,0
362837,0
191330,0
191330,0
218675,0
218675,0
218675,0
218675,0
101873,0
103496,0
103496,0
103496,0
103496,0
247077,0
311761,0
376806,0
182408,0
182408,0
193251,0
193251,0
256205,0
110567,0
399074,0
399074,0
429708,0
232052,0
177368,0
104056,0
340406,0
304829,0
443451,0
443451,0
443451,0
264529,0
264529,0
250937,0
168839,0
389769,0
199070,0
125585,0
159072,0
159072,0
315587,0
315587,0
315587,0
222320,0
222320,0
222320,0
191732,0
257624,0
389665,0
452390,0
452390,0
452390,0
452390,0
452390,0
177368,0
177368,0
425971,0
266936,0
266936,0
336091,0
336091,0
336091,0
336091,0
355296,0
355296,0
355296,0
355296,0
278982,0
278982,0
398469,0
398469,0
196143,0
196143,0
185944,0
134892,0
302368,0
250094,0
142381,0
294794,0
392231,0
201884,0
233863,0
243209,0
362491,0
446796,0
268775,0
304828,0
393768,0
300105,0
422340,0
341035,0
399458,0
314349,0
245481,0
454553,0
260406,0
344120,0
287042,0
248277,0
286426,0
423176,0
247398,0
112564,0
251002,0
401447,0
252426,0
252796,0
383960,0
119217,0
235165,0
211545,0
377876,0
187807,0
186101,0
316388,0
352257,0
112642,0
294589,0
102068,0
222538,0
444448,0
296503,0
439018,0
143963,0
222737,0
222737,0
315108,0
326393,0
122312,0
410639,0
390195,0
252557,0
189817,0
252437,0
423724,0
342002,0
401531,0
412388,0
255987,0
196164,0
172046,0
400569,0
105439,0
372397,0
190641,0
190641,0
247983,0
351648,0
303306,0
110167,0
351674,0
213150,0
178679,0
378857,0
432591,0
242436,0
319310,0
208102,0
308531,0
300640,0
410810,0
410810,0
323569,0
337082,0
279875,0
232319,0
366232,0
252853,0
133277,0
414883,0
174453,0
352764,0
276251,0
245578,0
245578,0
198725,0
393494,0
122908,0
139081,0
411467,0
352581,0
174991,0
437298,0
137036,0
323837,0
353582,0
445943,0
168796,0
317734,0
363625,0
233359,0
376553,0
212967,0
196646,0
218789,0
171399,0
336998,0
248654,0
215280,0
215280,0
129396,0
400627,0
417667,0
223368,0
369014,0
199227,0
331390,0
319672,0
283741,0
138209,0
312194,0
140820,0
351424,0
120206,0
221082,0
387750,0
277046,0
334025,0
121723,0
113375,0
435568,0
127953,0
143528,0
325401,0
405795,0
136466,0
316651,0
277439,0
444793,0
213712,0
416371,0
419755,0
129548,0
243865,0
360431,0
401437,0
422097,0
108199,0
273550,0
291911,0
423480,0
371800,0
371778,0
416780,0
272372,0
169286,0
102989,0
105834,0
193926,0
289868,0
289868,0
147432,0
451533,0
380696,0
193321,0
330259,0
410473,0
245415,0
199402,0
199402,0
283565,0
427848,0
348143,0
270243,0
278633,0
360696,0
254276,0
226941,0
221283,0
236094,0
197060,0
305761,0
383599,0
137735,0
323599,0
350534,0
102842,0
265272,0
406535,0
422486,0
241034,0
373282,0
373282,0
202450,0
291769,0
397372,0
256351,0
123471,0
366879,0
153403,0
253603,0
382701,0
282717,0
149481,0
299908,0
114596,0
422690,0
420003,0
216581,0
321245,0
376387,0
278594,0
437099,0
399350,0
425450,0
285333,0
224958,0
256531,0
404460,0
226295,0
252236,0
412442,0
186333,0
449056,0
449056,0
155992,0
113813,0
360696,0
301331,0
301331,0
349369,0
349369,0
197896,0
452898,0
177314,0
239117,0
192472,0
174132,0
433475,0
146981,0
241801,0
299113,0
140522,0
341495,0
341495,0
453294,0
453294,0
396746,0
396746,0
421398,0
421398,0
421398,0
199722,0
145418,0
235822,0
386202,0
432618,0
255891,0
176560,0
368135,0
368135,0
368135,0
170079,0
348264,0
348264,0
348264,0
348264,0
323307,0
180813,0
180813,0
419665,0
419665,0
153464,0
170923,0
181393,0
181393,0
166197,0
113883,0
113883,0
113883,0
113883,0
113883,0
235673,0
171961,0
171961,0
319465,0
168040,0
327800,0
213318,0
317245,0
160580,0
160580,0
160580,0
160580,0
160580,0
290587,0
397262,0
134100,0
429399,0
138669,0
101761,0
217865,0
198305,0
374816,0
374816,0
360405,0
360405,0
360405,0
226462,0
186333,0
115608,0
115608,0
115608,0
212802,0
281958,0
281958,0
286590,0
194193,0
203308,0
392733,0
227858,0
243765,0
381342,0
330109,0
396534,0
396534,0
396534,0
320172,0
320172,0
320172,0
132553,0
263746,0
362698,0
362698,0
425328,0
426106,0
426106,0
248528,0
248528,0
401262,0
401262,0
442551,0
285528,0
285528,0
318834,0
318834,0
133536,0
133536,0
133536,0
133536,0
214605,0
282010,0
301369,0
357463,0
183485,0
365872,0
193346,0
218946,0
301476,0
375401,0
451269,0
194011,0
194011,0
262959,0
262959,0
244858,0
244858,0
244858,0
155508,0
180547,0
180547,0
180547,0
230830,0
254932,0
142049,0
120970,0
120970,0
120970,0
299577,0
426131,0
426131,0
220547,0
220547,0
229830,0
229830,0
190464,0
190464,0
314641,0
306100,0
332614,0
332614,0
111526,0
277508,0
383034,0
383034,0
383034,0
369699,0
240972,0
240972,0
454465,0
347665,0
347665,0
292228,0
315587,0
185642,0
185642,0
185642,0
155562,0
155562,0
379522,0
266198,0
266198,0
407502,0
352822,0
432988,0
432988,0
432988,0
158468,0
304331,0
292000,0
292000,0
138870,0
138870,0
300248,0
300248,0
373259,0
373259,0
258978,0
187795,0
332031,0
332031,0
328703,0
328703,0
328703,0
328703,0
413005,0
413005,0
413005,0
263339,0
263339,0
369841,0
259516,0
245964,0
245964,0
245964,0
245964,0
288788,0
288788,0
285976,0
285976,0
419818,0
419818,0
419818,0
450106,0
450106,0
450106,0
450106,0
450106,0
264057,0
264057,0
107968,0
107968,0
310953,0
310953,0
310953,0
196020,0
270865,0
270865,0
163304,0
163304,0
243648,0
303324,0
303324,0
303324,0
303324,0
251206,0
251206,0
216140,0
216140,0
216140,0
241629,0
241629,0
241629,0
241629,0
206822,0
429073,0
284686,0
284686,0
308997,0
308997,0
257788,0
157228,0
202583,0
202583,0
295577,0
295577,0
295577,0
383960,0
383960,0
378285,0
209758,0
209758,0
421465,0
262489,0
262489,0
262489,0
262489,0
262489,0
310300,0
310300,0
282729,0
238868,0
229710,0
229710,0
301092,0
178058,0
335619,0
312996,0
312996,0
376037,0
293152,0
385417,0
385417,0
183826,0
101991,0
179139,0
371309,0
141600,0
141600,0
297983,0
221388,0
221388,0
221388,0
221388,0
221388,0
399291,0
349091,0
349091,0
349091,0
383116,0
383116,0
383116,0
383116,0
436023,0
436023,0
436023,0
441602,0
441602,0
325145,0
289324,0
302263,0
216522,0
170597,0
170597,0
170597,0
170597,0
330098,0
330098,0
330098,0
178377,0
256381,0
372099,0
132865,0
243120,0
373643,0
373643,0
175854,0
175854,0
175854,0
175854,0
158502,0
158502,0
394814,0
259915,0
392426,0
392426,0
392426,0
392426,0
392426,0
156216,0
248615,0
348951,0
282427,0
282427,0
245430,0
245430,0
245430,0
245430,0
284919,0
193965,0
193965,0
454241,0
454241,0
454241,0
333136,0
438495,0
438495,0
438495,0
438495,0
361696,0
304333,0
172623,0
172623,0
422771,0
274518,0
171483,0
171483,0
171483,0
311473,0
445792,0
445792,0
175527,0
175527,0
175527,0
294228,0
294228,0
362837,0
268531,0
198657,0
437595,0
437595,0
411351,0
216800,0
230379,0
230379,0
352344,0
110676,0
110676,0
110676,0
401916,0
235700,0
330648,0
338328,0
190602,0
190602,0
439132,0
163879,0
163879,0
171228,0
347005,0
434423,0
117179,0
104616,0
288882,0
177014,0
329414,0
235076,0
235076,0
411819,0
392323,0
392323,0
349068,0
166113,0
242867,0
242867,0
135152,0
447450,0
447450,0
161753,0
161753,0
203507,0
138486,0
138486,0
434786,0
182505,0
351052,0
157650,0
121490,0
105065,0
402568,0
402568,0
402568,0
277424,0
224075,0
360405,0
360405,0
447833,0
211903,0
449175,0
395255,0
125426,0
404845,0
196379,0
149540,0
149540,0
149540,0
109959,0
142615,0
142615,0
142615,0
258339,0
227712,0
129514,0
129514,0
300637,0
118454,0
171809,0
216644,0
216644,0
216644,0
216644,0
216644,0
236472,0
236472,0
253947,0
435100,0
435100,0
419427,0
419427,0
419427,0
353320,0
250402,0
101298,0
129974,0
267015,0
431413,0
431413,0
431413,0
114228,0
114228,0
431581,0
314139,0
141013,0
141013,0
357082,0
357082,0
261063,0
261063,0
275308,0
275308,0
275308,0
344066,0
367043,0
135887,0
209950,0
209950,0
312969,0
343015,0
343015,0
421682,0
246682,0
246682,0
407489,0
404107,0
435023,0
291450,0
219309,0
102611,0
214667,0
193133,0
239010,0
207854,0
170089,0
416566,0
361995,0
361995,0
117061,0
106470,0
114433,0
280513,0
430818,0
302377,0
302377,0
418665,0
418665,0
418665,0
173000,0
323956,0
323956,0
313751,0
313751,0
313751,0
423182,0
423182,0
423182,0
237185,0
313625,0
162510,0
162510,0
107019,0
290128,0
349505,0
349505,0
349505,0
312194,0
243960,0
350840,0
307568,0
156322,0
339150,0
321112,0
198730,0
238483,0
180649,0
380027,0
448361,0
369653,0
369653,0
262131,0
228376,0
155637,0
355779,0
107745,0
311560,0
311560,0
280959,0
280959,0
280959,0
363298,0
367125,0
367125,0
155824,0
155824,0
155824,0
303851,0
136996,0
136996,0
132825,0
132825,0
132825,0
319381,0
329892,0
311973,0
357921,0
357921,0
146603,0
332590,0
212126,0
225899,0
349292,0
323266,0
416332,0
416332,0
326660,0
326660,0
326660,0
211012,0
238457,0
241134,0
241134,0
148022,0
231512,0
175490,0
280809,0
280809,0
397404,0
217121,0
259613,0
326466,0
180549,0
284952,0
151611,0
243777,0
444824,0
356279,0
382948,0
382948,0
382948,0
169001,0
169001,0
248160,0
237175,0
348518,0
348518,0
348518,0
348518,0
348518,0
112235,0
395674,0
395674,0
395674,0
138538,0
370313,0
431076,0
277644,0
260936,0
260936,0
302265,0
302265,0
353417,0
353417,0
260603,0
317326,0
317326,0
317326,0
317326,0
361254,0
179632,0
198187,0
408501,0
408501,0
172451,0
172451,0
172451,0
172451,0
345197,0
316957,0
100350,0
133706,0
133706,0
133706,0
233405,0
233405,0
233405,0
167055,0
167055,0
188755,0
329415,0
329415,0
381149,0
244361,0
244361,0
374976,0
180200,0
242917,0
179335,0
179335,0
325408,0
374231,0
374231,0
400420,0
244453,0
221718,0
262959,0
262959,0
262959,0
352327,0
352327,0
352327,0
101390,0
101390,0
387693,0
426057,0
187604,0
148882,0
148882,0
148882,0
297180,0
297180,0
166529,0
343188,0
343188,0
343188,0
210438,0
129459,0
129459,0
284688,0
284688,0
144131,0
144131,0
181991,0
331299,0
206056,0
277763,0
124287,0
285916,0
355239,0
125934,0
266318,0
177440,0
177440,0
177440,0
333696,0
333696,0
145643,0
201993,0
415754,0
136853,0
188375,0
188375,0
202739,0
202739,0
202739,0
264675,0
305727,0
104966,0
385627,0
385627,0
267625,0
267625,0
366104,0
231441,0
319686,0
181733,0
167911,0
386293,0
268048,0
193906,0
425729,0
329457,0
131563,0
131563,0
192167,0
192167,0
208092,0
377507,0
196416,0
196416,0
196416,0
254817,0
276979,0
317090,0
286117,0
384746,0
157491,0
282633,0
186145,0
343947,0
249992,0
155667,0
283066,0
189633,0
363350,0
363350,0
276024,0
276024,0
415754,0
415754,0
415754,0
415754,0
398856,0
351496,0
233658,0
271954,0
134538,0
201709,0
334551,0
112791,0
238528,0
447018,0
447018,0
308666,0
308666,0
173301,0
164767,0
405008,0
405008,0
405008,0
348315,0
150061,0
150061,0
444146,0
408154,0
107986,0
425600,0
106813,0
255181,0
126292,0
126292,0
126292,0
428777,0
114328,0
114328,0
114328,0
114328,0
114328,0
313622,0
188820,0
188820,0
188820,0
188820,0
188820,0
416044,0
131563,0
131563,0
131563,0
422726,0
105019,0
278072,0
354360,0
190088,0
113077,0
113077,0
113077,0
445255,0
445255,0
370124,0
370124,0
287403,0
287403,0
406962,0
108676,0
247102,0
359119,0
377470,0
377470,0
383920,0
253469,0
253469,0
370485,0
388526,0
388526,0
191345,0
191345,0
142381,0
410071,0
410071,0
442192,0
392924,0
310199,0
316598,0
397807,0
397807,0
397807,0
122157,0
434592,0
338594,0
338594,0
338594,0
401588,0
401588,0
401588,0
401588,0
386119,0
156397,0
425450,0
438929,0
143441,0
450918,0
129293,0
129293,0
428623,0
428623,0
428623,0
370922,0
454973,0
454973,0
202149,0
202149,0
164767,0
164767,0
164767,0
164767,0
164767,0
164767,0
187818,0
359817,0
319870,0
381973,0
210309,0
446045,0
111509,0
111509,0
408512,0
408512,0
408512,0
164588,0
164588,0
164588,0
324762,0
324762,0
216815,0
216815,0
374657,0
374657,0
374657,0
374657,0
374657,0
374657,0
374657,0
374657,0
182841,0
182841,0
182841,0
182841,0
182841,0
182841,0
228245,0
331326,0
324523,0
425544,0
425544,0
337011,0
337011,0
107847,0
360451,0
444676,0
261329,0
261329,0
449682,0
449682,0
326714,0
385397,0
385397,0
385397,0
385397,0
400560,0
413121,0
377678,0
377678,0
107541,0
124748,0
251781,0
251781,0
271353,0
271353,0
144087,0
144087,0
144087,0
454392,0
233517,0
233517,0
135079,0
454606,0
157153,0
437847,0
216788,0
216788,0
216788,0
357071,0
119275,0
367614,0
367614,0
107746,0
107746,0
308335,0
312637,0
296537,0
316336,0
387545,0
335664,0
360848,0
220061,0
433221,0
433221,0
164901,0
267304,0
267304,0
267304,0
188465,0
414562,0
254957,0
383883,0
383883,0
440087,0
440087,0
440087,0
402643,0
172623,0
171399,0
150628,0
150628,0
177219,0
400706,0
443843,0
289183,0
323495,0
189956,0
189956,0
189956,0
189956,0
189956,0
189956,0
344299,0
344299,0
108834,0
437918,0
437918,0
142200,0
259908,0
382895,0
300273,0
300273,0
300273,0
300548,0
342443,0
172083,0
254372,0
254372,0
254372,0
145981,0
145981,0
103406,0
198675,0
198675,0
248332,0
248332,0
248332,0
248332,0
429934,0
348014,0
348014,0
348014,0
356665,0
196102,0
196102,0
381832,0
126374,0
366042,0
366042,0
273423,0
273423,0
107968,0
306102,0
282767,0
390000,0
228653,0
437313,0
190129,0
149399,0
295145,0
295145,0
199024,0
199024,0
199024,0
295844,0
128066,0
326513,0
224294,0
160821,0
297750,0
397713,0
209085,0
107475,0
328389,0
324020,0
324020,0
236066,0
353236,0
334288,0
101675,0
193175,0
409803,0
238280,0
167338,0
433043,0
424478,0
446357,0
182030,0
182030,0
182922,0
182922,0
182922,0
182922,0
182922,0
260400,0
260400,0
260400,0
274640,0
346433,0
128874,0
101405,0
321638,0
176822,0
176822,0
278083,0
428961,0
428961,0
203063,0
203063,0
437944,0
282427,0
164213,0
164213,0
164213,0
334579,0
334579,0
334579,0
453108,0
336082,0
456002,0
315888,0
315888,0
370112,0
370112,0
280265,0
298543,0
429191,0
206661,0
206661,0
156480,0
442123,0
268145,0
298128,0
280708,0
280708,0
400616,0
400616,0
200417,0
424137,0
424137,0
424137,0
416249,0
214242,0
339115,0
123883,0
195099,0
115534,0
299099,0
299099,0
198927,0
198927,0
261711,0
261711,0
214756,0
334803,0
334803,0
281188,0
240409,0
306988,0
437171,0
132527,0
132527,0
329582,0
329582,0
329582,0
329582,0
288886,0
224835,0
304010,0
108262,0
316383,0
316383,0
316383,0
225943,0
337782,0
395531,0
321324,0
318893,0
318893,0
264741,0
264696,0
107131,0
341374,0
266042,0
266042,0
213100,0
220223,0
231260,0
454973,0
425271,0
417004,0
210405,0
288064,0
288064,0
288064,0
247042,0
418334,0
418334,0
356591,0
207633,0
445938,0
266070,0
266070,0
118955,0
264495,0
171814,0
171814,0
422913,0
422913,0
422913,0
399607,0
399607,0
281309,0
319680,0
399136,0
399136,0
256439,0
256439,0
256439,0
256439,0
299016,0
367922,0
367922,0
259484,0
117863,0
453078,0
126238,0
131468,0
131468,0
298106,0
298106,0
401030,0
318702,0
210975,0
149227,0
183115,0
343458,0
195765,0
235652,0
235652,0
213363,0
432147,0
214829,0
150942,0
269291,0
269291,0
442355,0
172308,0
165244,0
165244,0
323342,0
373352,0
159958,0
159958,0
159958,0
281486,0
250616,0
365437,0
176059,0
163870,0
123610,0
388928,0
361513,0
218756,0
218756,0
269223,0
269223,0
319764,0
258885,0
381327,0
164598,0
392204,0
392204,0
422208,0
333584,0
182682,0
271038,0
292245,0
100050,0
378135,0
378135,0
433729,0
429503,0
193424,0
193424,0
108883,0
118700,0
182412,0
293102,0
293102,0
104602,0
104602,0
104602,0
112027,0
345609,0
307934,0
283706,0
172971,0
416929,0
416929,0
194395,0
194395,0
299260,0
320406,0
232036,0
363879,0
363879,0
327175,0
327175,0
338190,0
153015,0
153015,0
153015,0
395437,0
182475,0
301056,0
301056,0
228220,0
228220,0
385417,0
435485,0
435485,0
229317,0
229317,0
238582,0
339144,0
339144,0
191176,0
255392,0
255392,0
255392,0
255392,0
255392,0
108237,0
108237,0
245667,0
245667,0
245667,0
245667,0
245667,0
245667,0
338345,0
213250,0
213250,0
213873,0
359235,0
127100,0
125021,0
125021,0
304473,0
385943,0
123813,0
312244,0
134538,0
368118,0
368118,0
390322,0
390322,0
390322,0
336290,0
110486,0
120965,0
282086,0
282086,0
262033,0
437527,0
414603,0
267408,0
455150,0
428836,0
389769,0
404631,0
271248,0
152848,0
186944,0
129367,0
129367,0
129367,0
242047,0
314965,0
340454,0
333840,0
372482,0
449047,0
256310,0
256310,0
303324,0
309756,0
441389,0
441389,0
144272,0
238043,0
238043,0
398997,0
398997,0
398997,0
391418,0
117106,0
408872,0
123895,0
448349,0
448349,0
397682,0
193113,0
213598,0
213598,0
346531,0
448353,0
221702,0
278260,0
278260,0
278260,0
278260,0
278260,0
123756,0
137907,0
302667,0
373209,0
222865,0
183994,0
138571,0
138571,0
354360,0
354360,0
354360,0
385007,0
385007,0
385007,0
385007,0
385007,0
433775,0
433775,0
264950,0
264950,0
253560,0
253560,0
445943,0
376070,0
295750,0
220748,0
220748,0
330979,0
195440,0
195440,0
195440,0
226177,0
124126,0
397570,0
397570,0
380691,0
201109,0
292355,0
338394,0
429071,0
429071,0
429071,0
416501,0
325382,0
259037,0
202334,0
426057,0
377822,0
348883,0
348883,0
348883,0
427668,0
363544,0
363544,0
336646,0
293099,0
336762,0
165117,0
165117,0
432736,0
432736,0
428649,0
333859,0
170636,0
170636,0
265190,0
265190,0
265190,0
371483,0
381566,0
175554,0
395925,0
330022,0
193839,0
193839,0
108367,0
108367,0
204170,0
204170,0
204170,0
387526,0
387526,0
325166,0
454252,0
362315,0
445747,0
369841,0
142855,0
108772,0
108772,0
108772,0
236427,0
263008,0
263008,0
263008,0
163852,0
376414,0
358370,0
358370,0
358370,0
358370,0
281241,0
451055,0
422563,0
217601,0
217601,0
217601,0
220181,0
382585,0
185959,0
163138,0
106458,0
239221,0
294740,0
294740,0
107821,0
112943,0
233817,0
233817,0
143181,0
143181,0
352630,0
177512,0
107960,0
195066,0
195066,0
195066,0
160218,0
160218,0
310866,0
202314,0
196638,0
310250,0
119373,0
411997,0
106222,0
106222,0
375513,0
300827,0
300827,0
318607,0
318607,0
318607,0
318607,0
318607,0
308374,0
104916,0
386903,0
386903,0
336103,0
276688,0
233118,0
388067,0
127685,0
127685,0
127685,0
418828,0
256630,0
362125,0
362125,0
362125,0
351971,0
164371,0
164371,0
115668,0
115668,0
182393,0
345207,0
320375,0
146598,0
302420,0
301366,0
353826,0
117104,0
117104,0
117104,0
407650,0
374451,0
327147,0
451474,0
307938,0
198986,0
294589,0
272934,0
117013,0
117013,0
117013,0
362359,0
362359,0
419507,0
139741,0
139741,0
212693,0
131618,0
375770,0
375770,0
375770,0
456163,0
161294,0
161294,0
161294,0
293149,0
140626,0
129434,0
129434,0
110901,0
344866,0
341359,0
341359,0
161795,0
164767,0
376825,0
296490,0
296490,0
223074,0
313184,0
127095,0
322610,0
129294,0
403103,0
403103,0
106336,0
372086,0
301939,0
301939,0
452433,0
452433,0
434612,0
285360,0
183790,0
183790,0
144641,0
257940,0
146191,0
146191,0
257417,0
222528,0
147521,0
147521,0
405992,0
343891,0
343891,0
266612,0
266612,0
255934,0
255934,0
449231,0
275138,0
447589,0
105114,0
174013,0
174013,0
387591,0
403348,0
449532,0
396032,0
396032,0
102885,0
404200,0
372696,0
372696,0
203080,0
203080,0
173593,0
141625,0
146465,0
146465,0
169076,0
169076,0
139030,0
139030,0
161633,0
273500,0
273500,0
273500,0
422166,0
212015,0
212015,0
145944,0
419708,0
246910,0
246910,0
314369,0
324507,0
324507,0
245100,0
235016,0
198305,0
198305,0
389409,0
107692,0
350879,0
336226,0
278516,0
278516,0
165722,0
252226,0
409095,0
347958,0
124109,0
328141,0
301621,0
405429,0
405429,0
249353,0
249353,0
330735,0
384316,0
384316,0
216966,0
345870,0
345870,0
258998,0
338575,0
314372,0
241780,0
199272,0
345737,0
345737,0
118567,0
350422,0
350422,0
394424,0
186834,0
391989,0
305322,0
430225,0
264729,0
173901,0
173901,0
173901,0
433535,0
433535,0
386162,0
410967,0
448043,0
276332,0
211484,0
184754,0
124528,0
272372,0
424086,0
176640,0
176640,0
299398,0
299398,0
366557,0
366557,0
263228,0
425834,0
455543,0
455543,0
455543,0
146490,0
146490,0
146490,0
233459,0
233459,0
204812,0
158392,0
270479,0
270479,0
270479,0
166197,0
219022,0
219022,0
219022,0
346353,0
324463,0
130622,0
440816,0
252006,0
138404,0
138404,0
108247,0
391838,0
197512,0
275727,0
275727,0
275727,0
214174,0
322151,0
429615,0
270221,0
118399,0
118399,0
163921,0
191450,0
390268,0
390268,0
390268,0
390268,0
263359,0
263359,0
125242,0
125242,0
220938,0
220938,0
155653,0
347624,0
174993,0
174993,0
174993,0
322682,0
322682,0
390576,0
390576,0
195312,0
191830,0
191830,0
383141,0
383141,0
149885,0
389289,0
389289,0
165868,0
165868,0
190251,0
440651,0
218512,0
433492,0
338029,0
338029,0
321428,0
321428,0
257821,0
257821,0
257821,0
397137,0
105217,0
395459,0
221979,0
221979,0
149779,0
428702,0
428702,0
115508,0
291911,0
436300,0
190823,0
365016,0
305797,0
305797,0
280794,0
280794,0
124168,0
113924,0
207099,0
278402,0
278402,0
167191,0
167191,0
133642,0
186749,0
186749,0
238542,0
252306,0
159358,0
165069,0
443699,0
276338,0
236092,0
300827,0
237913,0
237913,0
237913,0
328755,0
328755,0
341604,0
364246,0
372648,0
428339,0
428339,0
428339,0
329522,0
329522,0
325090,0
451147,0
451147,0
137322,0
223100,0
315949,0
434963,0
434963,0
148789,0
148789,0
148789,0
407292,0
245685,0
245685,0
375731,0
333589,0
418181,0
418181,0
111883,0
111883,0
276901,0
130658,0
255614,0
255614,0
255614,0
255614,0
391648,0
391648,0
391648,0
415337,0
415337,0
338813,0
197359,0
308643,0
165258,0
234469,0
453159,0
446418,0
388055,0
421462,0
421462,0
183777,0
427057,0
154272,0
380075,0
328442,0
406613,0
406613,0
136104,0
428960,0
278594,0
278594,0
278594,0
278594,0
278594,0
278594,0
278594,0
269380,0
269380,0
222249,0
222249,0
126008,0
131384,0
332946,0
432024,0
203602,0
203602,0
231100,0
187568,0
187568,0
424162,0
324523,0
163392,0
145222,0
122062,0
248753,0
434479,0
434479,0
191795,0
191795,0
319933,0
319933,0
427265,0
427265,0
167377,0
307465,0
307465,0
363372,0
145509,0
382840,0
382840,0
340095,0
118700,0
118700,0
118700,0
370324,0
326381,0
443353,0
443353,0
295522,0
295522,0
242946,0
436856,0
116001,0
304093,0
304093,0
225845,0
320185,0
320185,0
229211,0
142172,0
255182,0
255182,0
373110,0
426323,0
384367,0
400966,0
400966,0
351051,0
210419,0
346841,0
241768,0
241768,0
241768,0
150675,0
345044,0
167123,0
437099,0
454597,0
119293,0
101137,0
427956,0
143742,0
404745,0
404745,0
285644,0
234519,0
113741,0
351424,0
262625,0
168868,0
182952,0
169330,0
337284,0
259907,0
140281,0
140281,0
334868,0
334868,0
253421,0
253421,0
177407,0
278157,0
278157,0
242622,0
354685,0
171399,0
446079,0
204854,0
284574,0
284574,0
284574,0
298989,0
298989,0
298989,0
298989,0
416017,0
255742,0
323280,0
250835,0
322239,0
273922,0
273922,0
273922,0
196609,0
196609,0
247768,0
426968,0
195995,0
127560,0
136768,0
136768,0
136768,0
136768,0
373741,0
323151,0
399472,0
399472,0
399472,0
437321,0
349288,0
421680,0
372648,0
372648,0
404312,0
404312,0
428016,0
168744,0
117349,0
359085,0
327750,0
327750,0
327750,0
327750,0
276163,0
285396,0
251201,0
233259,0
110974,0
266682,0
266682,0
216681,0
372913,0
372913,0
372913,0
372913,0
372913,0
224435,0
224435,0
200445,0
200445,0
189050,0
189050,0
227246,0
242864,0
281737,0
374901,0
430527,0
430527,0
359460,0
295544,0
298837,0
164177,0
361770,0
420854,0
142782,0
105929,0
242340,0
386179,0
386179,0
386179,0
386179,0
396849,0
396849,0
260493,0
213727,0
325724,0
325724,0
377021,0
377021,0
336998,0
116964,0
251558,0
385004,0
137637,0
331179,0
386560,0
386560,0
386560,0
452695,0
452695,0
332852,0
332852,0
286560,0
286560,0
170462,0
328890,0
328890,0
328890,0
404035,0
215637,0
131653,0
119420,0
119420,0
131679,0
131679,0
380821,0
380821,0
380821,0
380821,0
348911,0
132825,0
405705,0
430818,0
343950,0
343950,0
326938,0
326938,0
398473,0
357223,0
418313,0
418313,0
423547,0
401226,0
404352,0
404352,0
404352,0
142128,0
415438,0
415438,0
339837,0
342314,0
271201,0
208135,0
278495,0
353012,0
353012,0
224051,0
130408,0
361707,0
419148,0
280833,0
188157,0
416267,0
395311,0
324918,0
225943,0
168331,0
168331,0
234350,0
234350,0
117632,0
117632,0
227843,0
422642,0
258885,0
169605,0
412087,0
304239,0
304239,0
446908,0
446908,0
291131,0
291131,0
309273,0
145685,0
145685,0
145685,0
145685,0
106761,0
106761,0
106761,0
106761,0
427521,0
427521,0
282010,0
282010,0
229699,0
229699,0
217460,0
217460,0
217460,0
217460,0
208562,0
436389,0
217339,0
217339,0
147701,0
410471,0
276163,0
192214,0
192214,0
192214,0
180147,0
180147,0
301766,0
303058,0
303058,0
114607,0
438099,0
438099,0
219846,0
219846,0
219846,0
198187,0
198187,0
315617,0
328442,0
209520,0
209520,0
373220,0
248863,0
342524,0
432378,0
191191,0
191191,0
191191,0
183256,0
132290,0
132290,0
198657,0
359903,0
344675,0
210431,0
210431,0
301064,0
313751,0
313751,0
369603,0
369603,0
374623,0
409561,0
433888,0
433888,0
433888,0
321245,0
335677,0
186775,0
226207,0
321603,0
119805,0
119805,0
285078,0
275883,0
275883,0
288797,0
288797,0
259749,0
259749,0
307466,0
417622,0
417622,0
209232,0
209232,0
366343,0
126553,0
126553,0
392484,0
392484,0
275129,0
373520,0
373520,0
156231,0
352910,0
177999,0
177999,0
268337,0
268337,0
268337,0
366557,0
296205,0
281068,0
281068,0
186402,0
186402,0
186402,0
186402,0
271971,0
163153,0
163153,0
262058,0
262058,0
249779,0
324328,0
202992,0
188442,0
164890,0
164890,0
359687,0
366721,0
366721,0
342702,0
276916,0
412549,0
412549,0
412549,0
358773,0
325510,0
325510,0
343470,0
454039,0
454039,0
287051,0
207944,0
441946,0
452950,0
390047,0
390047,0
390047,0
390047,0
337648,0
337648,0
356633,0
356633,0
356633,0
356633,0
385710,0
390684,0
135231,0
112905,0
310472,0
365253,0
350099,0
368328,0
383392,0
407264,0
180452,0
355828,0
259390,0
259390,0
255403,0
386913,0
138208,0
203876,0
431189,0
431189,0
220840,0
208551,0
373090,0
373090,0
341551,0
341551,0
341551,0
132890,0
313032,0
313032,0
313032,0
313032,0
345478,0
345478,0
199361,0
199361,0
329374,0
250799,0
250799,0
198986,0
349814,0
420889,0
362086,0
163599,0
267862,0
267862,0
241514,0
241514,0
254718,0
318873,0
356730,0
356730,0
330837,0
242436,0
242436,0
180357,0
205792,0
138386,0
385710,0
385710,0
385710,0
437493,0
122273,0
400505,0
263016,0
263016,0
168478,0
168478,0
451166,0
451166,0
149404,0
149404,0
137973,0
377301,0
231897,0
225075,0
106568,0
347134,0
347134,0
255334,0
255334,0
195238,0
160753,0
416650,0
214902,0
333496,0
267771,0
438432,0
438432,0
306310,0
340138,0
243209,0
243209,0
344098,0
280973,0
375989,0
375989,0
411314,0
411314,0
205912,0
183301,0
314039,0
385716,0
385716,0
270099,0
285894,0
285894,0
285894,0
285894,0
285894,0
288704,0
207581,0
453056,0
286095,0
286095,0
286095,0
449378,0
371376,0
127117,0
385978,0
385978,0
162428,0
184809,0
315839,0
315839,0
315839,0
315839,0
315839,0
315839,0
372586,0
309281,0
279772,0
279772,0
450865,0
407506,0
133452,0
133452,0
148740,0
315509,0
315509,0
318179,0
393115,0
219090,0
219090,0
198419,0
401447,0
401447,0
401447,0
401447,0
401447,0
358357,0
358357,0
358357,0
149944,0
242764,0
208397,0
208397,0
208397,0
164588,0
408922,0
107906,0
284737,0
183204,0
183204,0
414911,0
198725,0
417354,0
315509,0
315509,0
450124,0
450124,0
341594,0
343306,0
174868,0
114582,0
319515,0
319515,0
319515,0
305253,0
252485,0
252485,0
165826,0
165826,0
319596,0
109997,0
351836,0
346137,0
217454,0
217454,0
195357,0
379419,0
196949,0
398003,0
225039,0
158500,0
158500,0
158500,0
158500,0
123379,0
330490,0
141387,0
141387,0
115918,0
442024,0
442024,0
335378,0
407031,0
407031,0
407031,0
127780,0
354300,0
354300,0
197375,0
197375,0
186157,0
224860,0
122170,0
125062,0
125062,0
161503,0
101744,0
229617,0
229617,0
229617,0
339122,0
360016,0
394206,0
420560,0
177316,0
212979,0
128744,0
128744,0
193554,0
355732,0
320620,0
227736,0
201668,0
119474,0
119474,0
268587,0
268587,0
359475,0
246596,0
246596,0
246596,0
246596,0
246596,0
238625,0
328394,0
148712,0
148712,0
207889,0
207889,0
355920,0
422210,0
422210,0
453469,0
434974,0
229941,0
229941,0
178274,0
422492,0
215295,0
405516,0
373936,0
373936,0
140732,0
255323,0
290075,0
434697,0
434697,0
285671,0
386058,0
386058,0
386058,0
378774,0
367043,0
326079,0
446950,0
235824,0
235824,0
116801,0
116801,0
193066,0
193066,0
125320,0
125320,0
407224,0
369747,0
295951,0
247159,0
247159,0
126677,0
273547,0
249161,0
119249,0
119249,0
220541,0
405681,0
428120,0
201405,0
122902,0
201405,0
117694,0
117694,0
117694,0
255981,0
330518,0
138575,0
226072,0
226072,0
226072,0
190875,0
275351,0
181818,0
181818,0
391409,0
280577,0
280577,0
438929,0
334522,0
421898,0
361846,0
344302,0
174832,0
174832,0
228781,0
140281,0
274627,0
449922,0
445636,0
445636,0
403103,0
230781,0
378558,0
186940,0
137730,0
137730,0
137730,0
202605,0
103409,0
372945,0
372945,0
374125,0
291393,0
106981,0
349736,0
129613,0
129613,0
129613,0
129613,0
141815,0
375068,0
375068,0
375068,0
442692,0
404923,0
128122,0
128122,0
280080,0
350943,0
270458,0
270458,0
232067,0
232067,0
453910,0
453910,0
297254,0
100368,0
334010,0
334010,0
384956,0
384956,0
199070,0
199070,0
199070,0
118248,0
118248,0
392287,0
137642,0
112798,0
199111,0
199111,0
199111,0
239117,0
161167,0
146473,0
146473,0
275221,0
275221,0
344805,0
344805,0
344805,0
317416,0
317416,0
449174,0
449174,0
289829,0
337953,0
337953,0
341359,0
341359,0
341359,0
237030,0
232626,0
232626,0
170650,0
170650,0
167145,0
435705,0
435705,0
316835,0
130038,0
130038,0
229781,0
372902,0
189029,0
171876,0
171876,0
171876,0
171876,0
147171,0
449703,0
190641,0
449595,0
271330,0
261694,0
229962,0
153023,0
153023,0
405681,0
372929,0
302951,0
219401,0
219401,0
148631,0
148631,0
148631,0
148631,0
455619,0
455619,0
260699,0
260699,0
260699,0
442257,0
435586,0
237044,0
453056,0
433400,0
251542,0
427837,0
419944,0
366986,0
203292,0
196741,0
298731,0
275386,0
408880,0
399016,0
110214,0
236753,0
236753,0
270292,0
429965,0
384785,0
150887,0
150887,0
150887,0
290887,0
290887,0
324802,0
195355,0
382899,0
277479,0
277479,0
226387,0
450109,0
450109,0
367312,0
381830,0
381830,0
177440,0
349409,0
416209,0
274826,0
269852,0
387015,0
396662,0
109843,0
312864,0
341265,0
416310,0
405063,0
175526,0
422937,0
422937,0
158389,0
201874,0
201874,0
201874,0
201874,0
181846,0
134100,0
155462,0
263047,0
281533,0
192761,0
224737,0
224737,0
264571,0
264571,0
264571,0
338922,0
338922,0
264539,0
255633,0
318386,0
318386,0
266421,0
266421,0
123624,0
172656,0
172656,0
242693,0
306988,0
306988,0
193576,0
193576,0
183900,0
267408,0
325372,0
237951,0
392857,0
415030,0
227910,0
227910,0
223340,0
144619,0
169370,0
311131,0
224828,0
213646,0
213646,0
133809,0
301400,0
301400,0
301400,0
323703,0
176896,0
122875,0
122875,0
122875,0
356755,0
137811,0
137811,0
137811,0
170351,0
291358,0
276713,0
283479,0
283479,0
289211,0
289211,0
294834,0
294834,0
294834,0
294834,0
439678,0
397308,0
418606,0
335342,0
264667,0
264667,0
353670,0
353670,0
353670,0
344888,0
122778,0
428016,0
332946,0
122100,0
375335,0
195326,0
160329,0
160329,0
257788,0
257788,0
305513,0
305513,0
223088,0
291171,0
212311,0
339319,0
220918,0
220918,0
390422,0
166444,0
284328,0
341545,0
453783,0
449413,0
202264,0
202264,0
123667,0
283109,0
106642,0
106642,0
106642,0
106642,0
131906,0
400757,0
154069,0
439798,0
418606,0
452624,0
321153,0
240134,0
223985,0
118554,0
243031,0
136608,0
451070,0
205806,0
438395,0
438395,0
438395,0
413831,0
413831,0
428537,0
428537,0
428537,0
306396,0
233518,0
283758,0
418436,0
118742,0
118742,0
118742,0
427866,0
427866,0
329979,0
248595,0
407860,0
424150,0
424150,0
337907,0
213133,0
213133,0
203941,0
187291,0
127780,0
258105,0
122376,0
122376,0
371926,0
371926,0
155495,0
155495,0
194531,0
194531,0
194531,0
436441,0
332696,0
332696,0
162504,0
178704,0
125155,0
125155,0
125155,0
154887,0
154887,0
338078,0
338078,0
219090,0
219090,0
219090,0
412917,0
429641,0
421535,0
421535,0
421535,0
224447,0
103205,0
103205,0
103205,0
313562,0
157219,0
157219,0
157219,0
157219,0
154212,0
157024,0
423155,0
423155,0
325154,0
111669,0
137384,0
170554,0
210763,0
164246,0
253177,0
401549,0
400600,0
430192,0
334664,0
334664,0
315441,0
422102,0
187374,0
187374,0
178325,0
394502,0
394502,0
354335,0
299884,0
299884,0
116145,0
116145,0
315466,0
410168,0
361922,0
172735,0
203006,0
203006,0
168277,0
168277,0
303796,0
303796,0
251710,0
255645,0
255645,0
255645,0
157236,0
157236,0
157236,0
157236,0
329385,0
140710,0
140710,0
271817,0
407860,0
207431,0
207431,0
259880,0
148857,0
115580,0
115580,0
367712,0
266301,0
266301,0
266301,0
447102,0
202936,0
219545,0
220854,0
220854,0
214388,0
164598,0
164598,0
333901,0
253334,0
253334,0
286653,0
105957,0
105957,0
105957,0
381895,0
208060,0
151499,0
289249,0
134773,0
134773,0
134773,0
298207,0
399840,0
399840,0
382449,0
397807,0
156642,0
156642,0
334522,0
334522,0
152282,0
259640,0
444215,0
444215,0
251845,0
324056,0
324056,0
406486,0
169649,0
446010,0
412989,0
412189,0
153298,0
149210,0
149210,0
309846,0
193621,0
347556,0
430648,0
430648,0
420469,0
325801,0
359951,0
359951,0
455694,0
455694,0
208551,0
208551,0
343776,0
166322,0
382098,0
158570,0
245223,0
282000,0
400600,0
400600,0
400600,0
400600,0
400600,0
157147,0
267447,0
267447,0
180219,0
202144,0
358285,0
261548,0
284914,0
166082,0
432357,0
139281,0
139281,0
164377,0
320451,0
383359,0
402291,0
363009,0
363009,0
305706,0
305706,0
305706,0
305706,0
222627,0
222627,0
417383,0
417383,0
417383,0
330824,0
330824,0
330824,0
330824,0
238509,0
220182,0
349136,0
264285,0
258518,0
178470,0
393912,0
388132,0
435426,0
118700,0
138087,0
138087,0
448289,0
423075,0
383658,0
383658,0
157654,0
157654,0
392733,0
423244,0
132134,0
132134,0
132134,0
451495,0
451495,0
260683,0
260683,0
260683,0
260683,0
336159,0
336159,0
370166,0
407293,0
407293,0
289369,0
227649,0
227649,0
190752,0
273822,0
378072,0
207821,0
287848,0
287848,0
110837,0
456217,0
162377,0
348878,0
348878,0
376090,0
376090,0
376090,0
376090,0
369699,0
193576,0
392398,0
165652,0
310850,0
257585,0
428237,0
426705,0
426705,0
426705,0
361905,0
361905,0
361905,0
284619,0
257804,0
257804,0
257804,0
257804,0
257804,0
402103,0
433004,0
210434,0
165671,0
165671,0
165671,0
242217,0
403238,0
395780,0
320006,0
230379,0
436298,0
436298,0
357958,0
357958,0
128773,0
256923,0
441931,0
416044,0
416044,0
416044,0
440889,0
440889,0
440889,0
205372,0
425611,0
202249,0
263145,0
387997,0
302220,0
285495,0
140209,0
193244,0
193244,0
286326,0
286326,0
177539,0
111972,0
420346,0
111645,0
155979,0
320472,0
401950,0
232772,0
266682,0
302247,0
297341,0
297341,0
103446,0
103446,0
103446,0
175061,0
363533,0
363533,0
363533,0
131671,0
121622,0
254666,0
415688,0
273619,0
273619,0
177166,0
159971,0
156746,0
122106,0
122106,0
263685,0
188570,0
418027,0
421898,0
380153,0
136016,0
136016,0
175640,0
175640,0
175640,0
379544,0
379544,0
379544,0
379544,0
392567,0
134242,0
210625,0
441705,0
315028,0
416029,0
258392,0
189392,0
207339,0
207339,0
222737,0
286630,0
420156,0
116801,0
365580,0
255248,0
173751,0
386560,0
295145,0
348568,0
348568,0
348568,0
348568,0
454217,0
169763,0
169763,0
169763,0
144456,0
440568,0
348848,0
266737,0
266737,0
266737,0
322395,0
322395,0
171540,0
206101,0
182627,0
392307,0
312194,0
191277,0
296384,0
296384,0
328558,0
348649,0
348649,0
349656,0
149765,0
153178,0
211545,0
211545,0
133069,0
133069,0
262608,0
364582,0
155149,0
155149,0
155149,0
156528,0
116225,0
186548,0
285905,0
285905,0
403838,0
403838,0
314764,0
338629,0
431286,0
238147,0
188561,0
188561,0
188561,0
413594,0
378980,0
378980,0
282694,0
166913,0
216737,0
216737,0
216737,0
172560,0
385397,0
346993,0
149227,0
295504,0
198347,0
287262,0
370644,0
370644,0
327172,0
196102,0
266945,0
266945,0
231058,0
231058,0
271368,0
301096,0
301096,0
289826,0
417438,0
417438,0
153799,0
153799,0
153799,0
420761,0
420761,0
219966,0
219966,0
219966,0
219966,0
219966,0
122726,0
122726,0
122726,0
305732,0
325480,0
325480,0
280805,0
273833,0
116045,0
116045,0
115966,0
351910,0
243885,0
243885,0
243885,0
243885,0
243885,0
243885,0
385004,0
202724,0
123883,0
295528,0
295528,0
398196,0
196143,0
269836,0
287417,0
176149,0
176149,0
175213,0
417638,0
417638,0
417638,0
448855,0
313421,0
392401,0
201006,0
247265,0
247265,0
247265,0
247265,0
164902,0
206494,0
206494,0
182940,0
437772,0
437772,0
199641,0
389352,0
389352,0
451368,0
279967,0
271707,0
387069,0
201530,0
325344,0
208553,0
175729,0
429053,0
429053,0
408363,0
112820,0
191552,0
294685,0
294685,0
219089,0
219089,0
376070,0
426253,0
269560,0
269560,0
415279,0
366619,0
329593,0
329593,0
223802,0
241629,0
241629,0
241629,0
241629,0
166622,0
166622,0
166622,0
430540,0
374211,0
374211,0
374211,0
216064,0
328584,0
186138,0
231512,0
202481,0
202481,0
250677,0
297219,0
213457,0
266672,0
266672,0
236685,0
236685,0
145973,0
136102,0
136102,0
451995,0
213298,0
213298,0
193113,0
193113,0
201391,0
386560,0
386560,0
443010,0
436647,0
436647,0
436647,0
436647,0
436647,0
436647,0
322656,0
449532,0
225843,0
183024,0
185447,0
185447,0
277061,0
343304,0
343304,0
343304,0
210075,0
210075,0
215637,0
335720,0
335720,0
335720,0
264699,0
264699,0
289695,0
289695,0
414939,0
414939,0
414939,0
287349,0
287349,0
307217,0
362004,0
429285,0
429285,0
222357,0
338394,0
338394,0
377788,0
377788,0
377788,0
272713,0
203218,0
436381,0
203602,0
392029,0
392029,0
341556,0
232203,0
234002,0
228050,0
196801,0
275265,0
204657,0
311527,0
311527,0
447926,0
370990,0
140281,0
249924,0
130332,0
212065,0
325980,0
344586,0
132211,0
111044,0
249924,0
218473,0
349361,0
155452,0
348530,0
223446,0
276280,0
308057,0
358245,0
431763,0
169294,0
401890,0
182048,0
374270,0
222292,0
178852,0
422109,0
422109,0
149084,0
122830,0
198246,0
436429,0
288741,0
323865,0
100350,0
355897,0
353786,0
177984,0
223865,0
223865,0
314462,0
120076,0
292180,0
409200,0
446028,0
147890,0
147890,0
147890,0
147890,0
422340,0
226332,0
452195,0
452195,0
263742,0
263742,0
456088,0
453737,0
189883,0
247111,0
247111,0
291759,0
291759,0
187945,0
109276,0
333141,0
333141,0
333141,0
375609,0
234699,0
392401,0
275522,0
220236,0
401828,0
238470,0
348530,0
348530,0
348530,0
164263,0
164263,0
164263,0
247998,0
247998,0
247998,0
247998,0
247998,0
377099,0
377099,0
299869,0
299869,0
299869,0
437492,0
377079,0
377079,0
144834,0
144834,0
115986,0
154987,0
355884,0
175035,0
175035,0
314310,0
411665,0
122491,0
283877,0
370142,0
272946,0
272946,0
272946,0
272946,0
284165,0
133253,0
190945,0
190945,0
382559,0
160107,0
309857,0
362375,0
195896,0
195896,0
444468,0
373490,0
243202,0
366661,0
366661,0
366661,0
366661,0
100417,0
186634,0
186634,0
173730,0
346662,0
346662,0
346662,0
346662,0
347169,0
347169,0
347169,0
176150,0
176150,0
176150,0
176150,0
176150,0
448350,0
233820,0
428373,0
428373,0
428373,0
353828,0
247113,0
247113,0
247113,0
453958,0
453958,0
186940,0
186940,0
279269,0
265649,0
265649,0
265649,0
380802,0
261548,0
337580,0
337580,0
337580,0
271666,0
271666,0
441664,0
441664,0
374439,0
380120,0
230501,0
446060,0
252789,0
361478,0
429222,0
440948,0
381859,0
381859,0
444097,0
389387,0
389387,0
235700,0
172050,0
172050,0
172050,0
438798,0
284108,0
436434,0
298207,0
334262,0
219459,0
219459,0
219459,0
219459,0
120582,0
206458,0
206458,0
206458,0
206458,0
115330,0
115330,0
115330,0
191831,0
191831,0
111519,0
111519,0
423075,0
423075,0
154708,0
225112,0
225112,0
404708,0
404708,0
224536,0
224536,0
126656,0
383073,0
377965,0
315022,0
435668,0
141646,0
165681,0
414172,0
414172,0
383584,0
124748,0
124748,0
406707,0
406707,0
406707,0
406707,0
367650,0
299763,0
299763,0
299763,0
299763,0
364299,0
364299,0
233910,0
243163,0
420509,0
216728,0
216728,0
143262,0
248863,0
366970,0
266560,0
266560,0
262131,0
113278,0
376909,0
299348,0
336050,0
160417,0
160417,0
160417,0
332477,0
332477,0
378011,0
378011,0
327619,0
327619,0
327619,0
136792,0
159976,0
159976,0
394831,0
197620,0
221113,0
221113,0
221113,0
124410,0
253789,0
182358,0
182358,0
182358,0
387260,0
312114,0
336168,0
336168,0
336168,0
455765,0
455765,0
140197,0
408114,0
292233,0
292233,0
282832,0
145462,0
428208,0
253265,0
279229,0
279229,0
323618,0
323323,0
317486,0
322411,0
122946,0
122946,0
347169,0
347169,0
347169,0
172942,0
220396,0
245218,0
334557,0
340476,0
406007,0
135836,0
135836,0
135836,0
323569,0
184724,0
184724,0
100254,0
100254,0
100254,0
237808,0
254332,0
254332,0
254332,0
408164,0
296409,0
296409,0
296409,0
296409,0
296409,0
296409,0
451436,0
425678,0
425678,0
400505,0
275217,0
241026,0
241026,0
314077,0
296391,0
419197,0
419197,0
130363,0
130363,0
130363,0
130363,0
111216,0
155173,0
155173,0
164737,0
164737,0
396584,0
155320,0
281137,0
371394,0
403838,0
403838,0
187773,0
122907,0
122907,0
122907,0
368270,0
368270,0
372648,0
313625,0
313625,0
424258,0
211762,0
315345,0
315345,0
326663,0
438818,0
103514,0
103514,0
103514,0
103514,0
103514,0
175728,0
433507,0
352274,0
355487,0
355487,0
355487,0
245514,0
158404,0
127584,0
106381,0
106381,0
141795,0
302141,0
292151,0
241514,0
241514,0
268464,0
449514,0
454165,0
454165,0
389336,0
101524,0
210284,0
302420,0
302420,0
421784,0
239108,0
435589,0
435589,0
435589,0
258978,0
125465,0
234694,0
234694,0
234694,0
456091,0
393285,0
295300,0
309881,0
439811,0
439811,0
144718,0
355479,0
361027,0
272455,0
272455,0
272455,0
272455,0
359194,0
218721,0
402287,0
379931,0
379931,0
172023,0
172023,0
125448,0
125448,0
286502,0
447110,0
297736,0
297736,0
297736,0
242217,0
242217,0
242217,0
104562,0
428107,0
428107,0
211021,0
211021,0
211021,0
211021,0
211021,0
211021,0
359868,0
359868,0
359868,0
293872,0
387069,0
215686,0
215686,0
215686,0
218262,0
218262,0
173053,0
384311,0
110745,0
365661,0
365661,0
110901,0
402470,0
267347,0
267347,0
267347,0
216234,0
122867,0
122867,0
378109,0
242476,0
419507,0
419507,0
224918,0
233392,0
233392,0
233392,0
420353,0
401097,0
401097,0
401097,0
197252,0
347207,0
318395,0
152848,0
339410,0
447462,0
447462,0
447462,0
389496,0
425788,0
234686,0
430368,0
430368,0
287262,0
287262,0
108581,0
108581,0
108581,0
175793,0
393640,0
126656,0
198372,0
198372,0
193339,0
233259,0
233259,0
386903,0
386903,0
386903,0
317857,0
154944,0
374584,0
374584,0
374584,0
374584,0
384098,0
225433,0
263929,0
370489,0
370489,0
124237,0
292119,0
125283,0
296254,0
212986,0
212986,0
370961,0
221375,0
221375,0
335163,0
183203,0
183203,0
183203,0
162292,0
162292,0
117279,0
344811,0
162144,0
437862,0
111095,0
111095,0
257508,0
211157,0
344053,0
344053,0
344053,0
445783,0
164767,0
112043,0
301247,0
233317,0
233317,0
382647,0
382647,0
242355,0
262713,0
262713,0
123827,0
220915,0
220915,0
220915,0
255684,0
376357,0
225838,0
225838,0
254446,0
254446,0
246681,0
246681,0
364919,0
364919,0
364919,0
364919,0
364919,0
293130,0
293130,0
156880,0
216681,0
112056,0
357033,0
195567,0
387794,0
134764,0
134764,0
118172,0
118172,0
122778,0
427996,0
285094,0
296656,0
296656,0
375795,0
267320,0
267320,0
149544,0
305465,0
224987,0
212696,0
412189,0
214675,0
214675,0
214675,0
374647,0
190671,0
190676,0
190676,0
228710,0
206986,0
334665,0
375995,0
151408,0
321921,0
321921,0
329472,0
181171,0
106292,0
105558,0
198304,0
198304,0
164767,0
259617,0
259617,0
259617,0
163052,0
410639,0
226971,0
212221,0
362832,0
138776,0
164594,0
354614,0
338894,0
104132,0
174795,0
174795,0
392287,0
392287,0
409235,0
276558,0
276558,0
405891,0
253357,0
253357,0
253357,0
253357,0
135630,0
135630,0
277992,0
277992,0
270617,0
270617,0
226699,0
120199,0
248272,0
396664,0
362532,0
362532,0
362532,0
356984,0
310973,0
255691,0
286836,0
391680,0
270950,0
270950,0
244333,0
386137,0
345207,0
443849,0
342596,0
342596,0
342596,0
121023,0
362728,0
362728,0
362728,0
126494,0
126494,0
259433,0
259433,0
397003,0
397003,0
208275,0
208275,0
208275,0
399113,0
289655,0
121297,0
121297,0
152129,0
152129,0
434546,0
124934,0
251378,0
198956,0
198956,0
318353,0
318353,0
366298,0
329204,0
423773,0
269603,0
269603,0
410221,0
410221,0
183245,0
183245,0
147363,0
396156,0
137152,0
137152,0
201870,0
126906,0
169477,0
169477,0
423455,0
112136,0
155668,0
264950,0
264950,0
232822,0
232822,0
232822,0
333279,0
333279,0
333279,0
408237,0
262396,0
301664,0
174718,0
174718,0
249897,0
377514,0
169863,0
169863,0
235993,0
217876,0
109393,0
191550,0
442851,0
442851,0
186740,0
142509,0
188130,0
200296,0
200296,0
420287,0
420287,0
176931,0
441617,0
401060,0
164263,0
164263,0
341962,0
245480,0
441664,0
161770,0
417100,0
417100,0
417100,0
438863,0
296166,0
231325,0
133086,0
436389,0
436389,0
119281,0
119281,0
119861,0
119861,0
119861,0
119861,0
173807,0
133306,0
179714,0
448894,0
344482,0
344482,0
344482,0
344482,0
210583,0
120597,0
124893,0
124893,0
233330,0
360829,0
360829,0
305394,0
149650,0
293889,0
270921,0
375353,0
264221,0
264221,0
222641,0
202605,0
202605,0
381724,0
381724,0
136892,0
136892,0
136892,0
136892,0
442728,0
184153,0
184153,0
160605,0
446418,0
376424,0
376424,0
160467,0
357066,0
220223,0
220223,0
220223,0
168642,0
305026,0
116513,0
116513,0
170614,0
448691,0
170381,0
170381,0
134614,0
300483,0
300483,0
452749,0
452749,0
253376,0
253376,0
253376,0
253376,0
452798,0
342435,0
342435,0
264932,0
216915,0
257277,0
403977,0
179003,0
347318,0
347318,0
347318,0
368611,0
339514,0
339514,0
339514,0
440848,0
440848,0
440848,0
123579,0
341793,0
177166,0
177166,0
229866,0
229866,0
282554,0
422162,0
422162,0
422162,0
422162,0
422162,0
422162,0
107629,0
107629,0
148716,0
131814,0
131814,0
131814,0
305634,0
156427,0
450781,0
450781,0
362504,0
362504,0
357933,0
292344,0
292344,0
168488,0
168488,0
168488,0
246143,0
246143,0
246143,0
190797,0
190797,0
190797,0
304693,0
306684,0
306684,0
306684,0
267748,0
307018,0
307018,0
128477,0
252856,0
237246,0
249101,0
249101,0
217595,0
217595,0
378485,0
190393,0
190393,0
229184,0
229184,0
229184,0
445747,0
455584,0
318864,0
318864,0
318864,0
279755,0
204837,0
114398,0
175280,0
450552,0
352764,0
153767,0
153767,0
153767,0
153767,0
318242,0
161704,0
372600,0
372600,0
372600,0
230891,0
230891,0
190895,0
289139,0
289139,0
289139,0
333269,0
176369,0
418975,0
183183,0
183183,0
269604,0
269604,0
269604,0
269604,0
269604,0
269604,0
269604,0
269604,0
269604,0
269604,0
269604,0
269604,0
269604,0
314552,0
165542,0
390431,0
355914,0
355914,0
151176,0
412279,0
143194,0
143194,0
143194,0
119290,0
358565,0
358565,0
374504,0
112567,0
330695,0
330695,0
127423,0
127423,0
400377,0
400377,0
344612,0
370848,0
393981,0
405545,0
405545,0
414890,0
353324,0
307500,0
369659,0
314239,0
182952,0
182952,0
310343,0
128279,0
321288,0
285708,0
285708,0
285708,0
285708,0
285708,0
233645,0
233645,0
233645,0
235645,0
267985,0
142217,0
142217,0
142217,0
416248,0
416248,0
416248,0
416248,0
416248,0
416248,0
210757,0
264223,0
264223,0
264223,0
264434,0
340332,0
370754,0
370754,0
370754,0
150486,0
388022,0
388022,0
388022,0
408035,0
196553,0
113896,0
339845,0
339845,0
339845,0
339845,0
339845,0
294079,0
250015,0
276758,0
346800,0
182952,0
182952,0
182952,0
182952,0
182952,0
270342,0
187663,0
393926,0
424766,0
424766,0
174405,0
174405,0
244669,0
244669,0
297017,0
435426,0
435426,0
250917,0
248167,0
402117,0
402117,0
354933,0
354933,0
250076,0
250076,0
250076,0
250076,0
241034,0
215023,0
215023,0
397364,0
376500,0
149911,0
236894,0
338682,0
186218,0
186218,0
126029,0
438354,0
438354,0
430349,0
430349,0
348406,0
348406,0
276901,0
376958,0
376958,0
213797,0
169560,0
126439,0
234909,0
234909,0
143779,0
180093,0
210170,0
210170,0
350870,0
263650,0
263650,0
263650,0
331894,0
331894,0
218912,0
268307,0
312760,0
365679,0
148215,0
148215,0
148215,0
430813,0
117115,0
213585,0
421554,0
421554,0
421554,0
329520,0
380747,0
120284,0
120284,0
433945,0
433945,0
195012,0
174647,0
206987,0
110432,0
326170,0
326170,0
148903,0
378922,0
124340,0
386831,0
386831,0
452670,0
135714,0
297615,0
116074,0
414500,0
414500,0
178199,0
207042,0
207042,0
362745,0
362745,0
413914,0
413914,0
165631,0
165631,0
176766,0
246698,0
246698,0
246698,0
220653,0
366858,0
366858,0
167141,0
443544,0
443544,0
372321,0
225479,0
299703,0
299703,0
409563,0
409563,0
409563,0
169733,0
170098,0
170098,0
152270,0
313822,0
122627,0
340584,0
169649,0
229133,0
229133,0
229133,0
229133,0
139517,0
188598,0
288692,0
382816,0
202435,0
202435,0
202435,0
168266,0
110137,0
278469,0
111863,0
443555,0
443555,0
181840,0
144748,0
144748,0
319074,0
232207,0
319159,0
319159,0
364441,0
432374,0
432374,0
362287,0
108890,0
385784,0
146899,0
370124,0
385334,0
161847,0
161847,0
292994,0
443849,0
179466,0
350201,0
374135,0
106250,0
253939,0
330770,0
330770,0
225710,0
105454,0
449706,0
449706,0
449706,0
203308,0
131973,0
280550,0
182601,0
182601,0
182601,0
317854,0
317854,0
389920,0
122312,0
437850,0
351184,0
351184,0
148174,0
148174,0
282633,0
282633,0
282633,0
216566,0
115832,0
287041,0
325493,0
325493,0
164679,0
202874,0
399248,0
399248,0
177852,0
333377,0
347229,0
429467,0
217435,0
162525,0
231675,0
231675,0
231675,0
203225,0
259484,0
365785,0
345456,0
345456,0
402291,0
402291,0
441041,0
393616,0
393616,0
257698,0
108092,0
417952,0
108102,0
108102,0
197727,0
328489,0
221807,0
221807,0
221807,0
179279,0
298339,0
404107,0
404107,0
404107,0
299700,0
108247,0
327484,0
327484,0
327484,0
189749,0
358091,0
358091,0
133479,0
215906,0
442790,0
279728,0
279728,0
411297,0
118051,0
450267,0
261728,0
325353,0
325353,0
364949,0
418693,0
418693,0
418693,0
376035,0
194400,0
389069,0
329036,0
163615,0
172971,0
210877,0
210877,0
210877,0
197430,0
297432,0
297432,0
218361,0
294057,0
437027,0
138536,0
346347,0
214909,0
198760,0
174132,0
131910,0
131910,0
131910,0
394272,0
220105,0
307485,0
439771,0
149256,0
257615,0
385243,0
385243,0
266672,0
131726,0
233383,0
233383,0
174209,0
452761,0
164430,0
164430,0
164430,0
263216,0
348137,0
348137,0
195825,0
105106,0
105106,0
105106,0
391821,0
391821,0
391821,0
365289,0
212342,0
146899,0
182637,0
182637,0
453286,0
269085,0
392668,0
320304,0
385651,0
139767,0
139767,0
244443,0
453118,0
112139,0
313693,0
313693,0
206216,0
349116,0
272713,0
293758,0
293758,0
357744,0
357744,0
386748,0
386748,0
386748,0
386748,0
386748,0
386748,0
329967,0
108531,0
183541,0
403153,0
344888,0
353814,0
334372,0
148125,0
148125,0
148125,0
148125,0
148125,0
148125,0
443353,0
443353,0
443353,0
451166,0
451166,0
168267,0
402238,0
402238,0
402238,0
156055,0
156055,0
156055,0
173406,0
173406,0
127815,0
408173,0
391471,0
209130,0
209130,0
257421,0
257421,0
389055,0
389055,0
389055,0
435853,0
435853,0
153899,0
263218,0
263218,0
217126,0
101937,0
238352,0
289801,0
289801,0
178566,0
178566,0
346531,0
346531,0
325711,0
146230,0
116573,0
116573,0
116573,0
190992,0
212375,0
198261,0
198261,0
198261,0
232568,0
232568,0
232568,0
232568,0
232568,0
232568,0
154212,0
154212,0
154212,0
396168,0
103742,0
103742,0
453981,0
257897,0
431073,0
422468,0
422468,0
379953,0
379953,0
379953,0
443513,0
254022,0
254022,0
254022,0
183485,0
183485,0
183485,0
183485,0
329665,0
282633,0
440619,0
440619,0
440619,0
440619,0
106592,0
109086,0
128713,0
335725,0
392511,0
454028,0
357273,0
357273,0
357273,0
370644,0
169003,0
403156,0
175519,0
368875,0
368875,0
149306,0
149306,0
310752,0
310752,0
386653,0
386653,0
229014,0
443921,0
443921,0
410832,0
410832,0
146392,0
146392,0
446116,0
180565,0
256531,0
438859,0
438859,0
233780,0
250942,0
170847,0
264434,0
204235,0
436642,0
295762,0
195426,0
359910,0
359910,0
370157,0
351555,0
329486,0
132404,0
246247,0
401653,0
401653,0
401653,0
401653,0
351216,0
169266,0
439450,0
356206,0
356206,0
184953,0
184953,0
184953,0
184953,0
339610,0
257727,0
257727,0
338832,0
304467,0
244521,0
151765,0
306100,0
308859,0
256688,0
406522,0
441045,0
155133,0
447906,0
447906,0
453405,0
186404,0
140138,0
455496,0
372989,0
353745,0
353745,0
205952,0
442550,0
219738,0
176164,0
301715,0
310552,0
270309,0
392887,0
261945,0
257421,0
162341,0
100176,0
317142,0
238382,0
421227,0
112846,0
287868,0
240074,0
308629,0
328716,0
386863,0
415456,0
288086,0
431095,0
172596,0
232015,0
271840,0
271840,0
271840,0
202858,0
399266,0
399266,0
275882,0
233179,0
383814,0
383814,0
337582,0
320771,0
153024,0
101104,0
303108,0
426458,0
426458,0
426458,0
223353,0
223353,0
110448,0
172787,0
172787,0
172787,0
172787,0
416371,0
312957,0
312957,0
163867,0
111319,0
160273,0
258173,0
211766,0
300548,0
259827,0
360817,0
270512,0
444603,0
100523,0
361629,0
176196,0
121097,0
275967,0
171114,0
417512,0
417512,0
248451,0
201855,0
335774,0
354896,0
297876,0
433620,0
317381,0
317381,0
317381,0
451386,0
451386,0
368718,0
311108,0
311108,0
311108,0
149765,0
149765,0
452774,0
137164,0
137164,0
137164,0
354614,0
325811,0
372249,0
372249,0
344852,0
453585,0
453585,0
453585,0
315999,0
315999,0
235902,0
235902,0
235902,0
235902,0
362453,0
440472,0
170845,0
301670,0
301670,0
260245,0
260245,0
322176,0
405008,0
238887,0
158133,0
121342,0
261085,0
261085,0
261085,0
152922,0
124171,0
124171,0
150388,0
150388,0
248131,0
248131,0
427574,0
427574,0
449557,0
449557,0
449557,0
413205,0
413205,0
441045,0
111642,0
116762,0
204817,0
204817,0
204817,0
204817,0
102611,0
446785,0
446785,0
446785,0
389583,0
389583,0
434603,0
434603,0
315813,0
315813,0
315813,0
315813,0
325410,0
310622,0
274302,0
274302,0
360774,0
338874,0
107252,0
351290,0
351290,0
381124,0
181592,0
181592,0
357019,0
364983,0
346707,0
346707,0
346707,0
219272,0
211545,0
258528,0
258528,0
108078,0
425741,0
386810,0
346239,0
367943,0
367943,0
350364,0
308831,0
308831,0
366911,0
438700,0
333062,0
170723,0
170723,0
427679,0
427679,0
427679,0
166351,0
166351,0
166351,0
166351,0
270666,0
387966,0
209461,0
216606,0
216606,0
449684,0
449684,0
316407,0
316407,0
370549,0
394229,0
369669,0
176040,0
361922,0
361922,0
361922,0
346445,0
419148,0
419148,0
324303,0
199104,0
200916,0
267347,0
433519,0
445342,0
181108,0
181108,0
181108,0
339329,0
128087,0
128087,0
296374,0
296374,0
296374,0
157432,0
377590,0
342401,0
301065,0
384562,0
284443,0
378115,0
378115,0
115096,0
187568,0
238223,0
175228,0
409824,0
409824,0
423945,0
240333,0
438592,0
184059,0
375881,0
375881,0
330945,0
162046,0
115458,0
115458,0
443978,0
321310,0
331395,0
180678,0
180678,0
280749,0
280749,0
182302,0
182531,0
182531,0
411553,0
133581,0
340406,0
108596,0
108596,0
152950,0
120284,0
210681,0
210681,0
187275,0
316794,0
316794,0
316794,0
316794,0
192466,0
192466,0
395560,0
131237,0
357356,0
285029,0
331314,0
348281,0
348281,0
408132,0
174725,0
174725,0
446066,0
443355,0
443355,0
443355,0
415448,0
415448,0
415448,0
415448,0
415448,0
395294,0
395294,0
178264,0
399039,0
399039,0
227858,0
342198,0
139724,0
282495,0
411267,0
288260,0
391908,0
391908,0
315356,0
422991,0
422991,0
422991,0
455914,0
455914,0
455914,0
455914,0
455914,0
455914,0
416318,0
362384,0
362384,0
391908,0
340294,0
347549,0
154958,0
288992,0
155073,0
155073,0
155073,0
376519,0
376519,0
426762,0
426762,0
149946,0
149946,0
285037,0
424340,0
309079,0
105678,0
147042,0
236276,0
236276,0
236276,0
220748,0
220748,0
318958,0
318958,0
379502,0
398001,0
283893,0
255687,0
437484,0
299788,0
299788,0
242128,0
242128,0
242128,0
255698,0
255698,0
336529,0
408238,0
294209,0
433030,0
214025,0
214025,0
455869,0
266205,0
393238,0
219504,0
161448,0
268992,0
268992,0
407334,0
295671,0
360451,0
165033,0
165033,0
147404,0
112400,0
116153,0
391410,0
233731,0
233731,0
233731,0
233731,0
250995,0
250995,0
250995,0
250995,0
194674,0
376553,0
376553,0
139553,0
139553,0
139553,0
139553,0
383572,0
269070,0
225164,0
225164,0
322581,0
374893,0
365576,0
373110,0
452684,0
452684,0
259572,0
140327,0
140327,0
289589,0
289589,0
119247,0
119247,0
374032,0
118993,0
118993,0
118993,0
118993,0
320021,0
320021,0
249365,0
249365,0
434731,0
128662,0
146594,0
143194,0
434976,0
196609,0
448396,0
233019,0
232609,0
248856,0
248856,0
174237,0
111879,0
111879,0
302864,0
103206,0
338533,0
163995,0
312300,0
305637,0
305637,0
305637,0
167807,0
167807,0
109924,0
227356,0
324086,0
324086,0
133581,0
361944,0
361944,0
167517,0
167517,0
167517,0
311560,0
135770,0
120605,0
379381,0
113496,0
320959,0
312577,0
312577,0
219131,0
219131,0
198261,0
124935,0
387545,0
378365,0
246588,0
158784,0
252796,0
252796,0
227371,0
402406,0
329153,0
188598,0
296144,0
298171,0
365889,0
340453,0
395210,0
424242,0
339376,0
122597,0
155409,0
303796,0
421398,0
389255,0
104972,0
375293,0
316447,0
206812,0
440470,0
379687,0
122330,0
136628,0
166435,0
269847,0
175429,0
136719,0
260205,0
128316,0
348368,0
403936,0
193965,0
162868,0
222633,0
222633,0
360599,0
315591,0
181045,0
102795,0
102795,0
154683,0
317227,0
299099,0
274767,0
365912,0
133736,0
177138,0
228055,0
167067,0
444468,0
290351,0
318500,0
198652,0
402474,0
387580,0
344704,0
454499,0
301440,0
456038,0
456038,0
109203,0
154829,0
109336,0
310334,0
347802,0
149557,0
294412,0
294412,0
382596,0
309916,0
309916,0
309916,0
243202,0
100635,0
286295,0
323393,0
323393,0
209449,0
394995,0
397239,0
345831,0
102733,0
269373,0
269373,0
287488,0
174513,0
298040,0
181682,0
431028,0
344131,0
344131,0
181108,0
415737,0
415737,0
415737,0
408966,0
408966,0
378133,0
378133,0
239160,0
246954,0
246954,0
213457,0
107269,0
107269,0
214242,0
347631,0
347631,0
223556,0
111526,0
111526,0
298076,0
298076,0
298076,0
400523,0
400523,0
400523,0
446850,0
142631,0
369898,0
369898,0
187943,0
187943,0
131444,0
131444,0
191284,0
299055,0
192921,0
192921,0
419972,0
419972,0
317200,0
119754,0
180549,0
378078,0
330518,0
344180,0
138538,0
267465,0
267465,0
117659,0
117659,0
117659,0
379293,0
379293,0
379293,0
322395,0
336121,0
336121,0
108107,0
108107,0
386099,0
386099,0
145981,0
250532,0
214675,0
357915,0
357915,0
357915,0
451013,0
451013,0
451013,0
162284,0
162284,0
216826,0
357233,0
357233,0
242941,0
422991,0
154222,0
154222,0
385332,0
385332,0
290148,0
290148,0
138026,0
414779,0
255742,0
255742,0
238047,0
363710,0
363710,0
164169,0
274801,0
154276,0
400944,0
420925,0
420925,0
284464,0
289971,0
215448,0
332046,0
148338,0
398521,0
398521,0
440816,0
278915,0
169763,0
412763,0
143945,0
378358,0
378358,0
378358,0
289866,0
289866,0
209177,0
237023,0
132575,0
369951,0
344180,0
344180,0
418202,0
196194,0
292335,0
304175,0
304175,0
139390,0
280540,0
280540,0
280540,0
280540,0
418101,0
229498,0
251260,0
106008,0
152336,0
132920,0
268587,0
268587,0
238165,0
147404,0
147404,0
147404,0
147404,0
147404,0
147404,0
304068,0
344494,0
189029,0
223794,0
223794,0
223794,0
239013,0
258291,0
439086,0
439086,0
430725,0
383674,0
394296,0
394296,0
373697,0
134104,0
372630,0
330275,0
330275,0
280809,0
334722,0
255684,0
265999,0
335427,0
436570,0
436570,0
436570,0
334949,0
334949,0
334949,0
415553,0
290367,0
124844,0
124844,0
159856,0
263947,0
263947,0
197382,0
357483,0
262998,0
166037,0
314030,0
314030,0
144143,0
209032,0
209032,0
209032,0
384147,0
160157,0
243574,0
222556,0
160410,0
389729,0
389729,0
400481,0
400481,0
102660,0
304387,0
343723,0
254446,0
254446,0
206691,0
180873,0
358864,0
284457,0
284457,0
284457,0
292727,0
257306,0
169256,0
324518,0
324518,0
230913,0
234694,0
234694,0
232848,0
251206,0
359560,0
123306,0
123306,0
111771,0
267621,0
266692,0
266692,0
266692,0
266692,0
452445,0
233308,0
233308,0
239476,0
395466,0
317650,0
317650,0
309916,0
309916,0
396446,0
396446,0
269515,0
222999,0
190992,0
190992,0
448290,0
330607,0
330607,0
130291,0
128431,0
128431,0
370946,0
370946,0
370946,0
174365,0
428158,0
148668,0
325028,0
120965,0
337790,0
337790,0
337790,0
337790,0
337790,0
337790,0
312933,0
260495,0
303516,0
142337,0
111474,0
111474,0
111474,0
307311,0
259588,0
172046,0
319936,0
177857,0
395050,0
167862,0
167862,0
326808,0
304440,0
233929,0
141233,0
188273,0
165962,0
277507,0
277507,0
203960,0
400053,0
400053,0
165511,0
448777,0
448777,0
178421,0
289090,0
413121,0
413121,0
115335,0
393341,0
123554,0
280107,0
387401,0
387401,0
372023,0
341241,0
202408,0
224930,0
396632,0
338020,0
338020,0
391096,0
178069,0
435214,0
435214,0
386005,0
386005,0
386005,0
278613,0
355914,0
451671,0
332603,0
313238,0
313238,0
408067,0
408067,0
198508,0
198508,0
379771,0
205128,0
338394,0
307083,0
213768,0
347958,0
349870,0
200292,0
200292,0
406732,0
406732,0
410650,0
410650,0
385374,0
385374,0
444867,0
378774,0
285029,0
219090,0
219090,0
410043,0
410043,0
299988,0
299988,0
299988,0
426833,0
425599,0
150400,0
197256,0
401447,0
342161,0
128060,0
453599,0
387353,0
387353,0
317600,0
205319,0
205319,0
205319,0
334977,0
167135,0
167135,0
135555,0
135555,0
102372,0
102372,0
364902,0
157101,0
157101,0
249780,0
249780,0
249780,0
249780,0
433247,0
433247,0
433247,0
433247,0
199909,0
213458,0
105751,0
105751,0
278072,0
189564,0
189564,0
316104,0
316104,0
316104,0
115791,0
416371,0
416371,0
432802,0
432802,0
232626,0
232626,0
427602,0
395791,0
119290,0
305248,0
141710,0
141710,0
275126,0
223043,0
223043,0
223043,0
223043,0
124667,0
124667,0
124667,0
124667,0
144554,0
144554,0
144554,0
144554,0
177052,0
177052,0
222556,0
222556,0
334860,0
334323,0
334323,0
334323,0
106642,0
434976,0
285396,0
285396,0
285396,0
285396,0
341049,0
130589,0
286698,0
109300,0
387885,0
387885,0
182490,0
397540,0
245590,0
176369,0
418895,0
418895,0
143923,0
143923,0
143923,0
143923,0
143923,0
280230,0
336243,0
267585,0
248295,0
213424,0
213424,0
213424,0
210332,0
288777,0
373359,0
373359,0
402643,0
402643,0
145196,0
145196,0
145196,0
145196,0
145196,0
145196,0
145196,0
212923,0
417100,0
417100,0
417100,0
417100,0
195755,0
195755,0
292900,0
385394,0
173073,0
239115,0
420186,0
420186,0
288953,0
234406,0
234406,0
234406,0
234406,0
320246,0
320246,0
174693,0
276185,0
108531,0
225254,0
227247,0
203283,0
343167,0
343167,0
282927,0
282927,0
282927,0
282927,0
403359,0
449809,0
163163,0
308215,0
441345,0
162112,0
200621,0
305945,0
305945,0
305945,0
305945,0
128125,0
128125,0
117628,0
424741,0
424741,0
424741,0
424741,0
424741,0
147050,0
147050,0
147050,0
241963,0
241963,0
241963,0
169736,0
197381,0
307096,0
307096,0
116388,0
116388,0
406363,0
406363,0
406363,0
406363,0
355717,0
355717,0
117358,0
408763,0
408763,0
408763,0
408763,0
378250,0
378250,0
341632,0
341632,0
102308,0
177493,0
177493,0
123991,0
132192,0
235215,0
310858,0
310858,0
373517,0
266848,0
325244,0
325244,0
451050,0
451050,0
279119,0
254597,0
323191,0
303583,0
303583,0
303583,0
303583,0
303583,0
281609,0
281609,0
336298,0
336298,0
336298,0
431677,0
302637,0
302637,0
332145,0
332145,0
428564,0
401101,0
181443,0
117286,0
393690,0
393690,0
154038,0
154038,0
257821,0
176413,0
296120,0
296120,0
329602,0
329602,0
219664,0
169874,0
263347,0
198490,0
198490,0
198490,0
356491,0
329434,0
349063,0
349063,0
194786,0
179156,0
179156,0
179156,0
365584,0
231067,0
207991,0
163142,0
262932,0
285093,0
389574,0
138834,0
138834,0
372160,0
214351,0
276930,0
224171,0
363194,0
363194,0
171575,0
222217,0
222217,0
446531,0
253329,0
135870,0
135870,0
270358,0
270358,0
270358,0
105678,0
105678,0
215448,0
271441,0
330648,0
330648,0
291797,0
131060,0
221535,0
286777,0
286777,0
382295,0
100171,0
100171,0
100171,0
255026,0
423803,0
280809,0
428564,0
306728,0
289695,0
254979,0
142506,0
385978,0
385978,0
233355,0
233355,0
450874,0
450874,0
115062,0
223063,0
330588,0
330588,0
330588,0
284236,0
284236,0
178512,0
128676,0
128676,0
348390,0
162971,0
162971,0
162971,0
162971,0
138790,0
138790,0
218341,0
312053,0
330205,0
217104,0
217104,0
217104,0
182601,0
392238,0
392238,0
126534,0
273020,0
116256,0
120732,0
433108,0
433108,0
433108,0
426603,0
272500,0
255687,0
381777,0
135113,0
391315,0
429738,0
419451,0
239924,0
239924,0
326292,0
326292,0
326292,0
326292,0
337469,0
337469,0
363430,0
333136,0
303551,0
303551,0
210284,0
398871,0
216801,0
453580,0
453580,0
453580,0
303337,0
274322,0
147123,0
147123,0
147123,0
169069,0
135294,0
257917,0
195426,0
332946,0
266074,0
266074,0
266074,0
266074,0
132266,0
202121,0
202121,0
221719,0
221719,0
221719,0
221719,0
344933,0
172451,0
170351,0
102690,0
102690,0
197022,0
197022,0
197022,0
197022,0
188442,0
119424,0
119424,0
337790,0
124353,0
385565,0
161753,0
266515,0
109099,0
109099,0
260916,0
260916,0
355897,0
170595,0
442655,0
442655,0
442655,0
326673,0
442238,0
442238,0
259317,0
316977,0
447200,0
447200,0
219262,0
311761,0
121981,0
201644,0
307132,0
307132,0
148591,0
264744,0
264744,0
264744,0
343767,0
343767,0
343767,0
343767,0
142452,0
142452,0
142452,0
289211,0
234069,0
394151,0
297281,0
243591,0
243591,0
282462,0
282462,0
282462,0
359085,0
359085,0
359085,0
124662,0
446703,0
446703,0
446703,0
446703,0
446703,0
364023,0
331497,0
331497,0
232431,0
412176,0
271071,0
271071,0
117749,0
131824,0
237243,0
254255,0
358394,0
358394,0
308387,0
275470,0
275470,0
263313,0
263313,0
263313,0
263313,0
263313,0
259516,0
259516,0
259516,0
259516,0
423072,0
108324,0
190671,0
190671,0
106988,0
106988,0
106988,0
258241,0
436445,0
436445,0
436445,0
248584,0
264677,0
308498,0
308498,0
308498,0
443873,0
373703,0
349870,0
349870,0
171005,0
171005,0
171005,0
197727,0
432864,0
432864,0
347773,0
432867,0
213693,0
154730,0
383071,0
383071,0
371020,0
371020,0
371020,0
371020,0
243742,0
243742,0
314442,0
234332,0
292119,0
292119,0
292119,0
292119,0
292119,0
231344,0
231344,0
231344,0
187445,0
186028,0
186028,0
186028,0
164867,0
217173,0
378464,0
454465,0
348852,0
317734,0
210198,0
293149,0
152583,0
196007,0
150385,0
387275,0
387275,0
143943,0
158713,0
158713,0
158713,0
158713,0
396369,0
311344,0
315325,0
315325,0
425887,0
425887,0
219689,0
219689,0
219689,0
238133,0
121265,0
256113,0
256113,0
256113,0
243700,0
243700,0
105064,0
105064,0
105064,0
105064,0
154091,0
132922,0
187457,0
254781,0
191863,0
354885,0
273722,0
147927,0
323407,0
216737,0
216737,0
216737,0
216737,0
337433,0
451600,0
451600,0
308307,0
308307,0
368772,0
368772,0
368772,0
394449,0
394449,0
356520,0
356520,0
374670,0
374670,0
185454,0
357021,0
374125,0
374125,0
374125,0
453636,0
453636,0
453636,0
249078,0
132378,0
191887,0
258026,0
258026,0
258026,0
258026,0
450918,0
450918,0
342699,0
342699,0
342699,0
317460,0
317460,0
317460,0
317460,0
450309,0
269355,0
323323,0
273500,0
300224,0
300224,0
300224,0
300224,0
295034,0
408236,0
286741,0
358959,0
358959,0
358959,0
204294,0
356493,0
356493,0
143749,0
235824,0
235824,0
249865,0
186770,0
453481,0
443489,0
443489,0
443489,0
397227,0
424173,0
424173,0
296059,0
296059,0
296059,0
296059,0
296059,0
363442,0
363442,0
334085,0
446356,0
446356,0
191077,0
191077,0
191077,0
103934,0
103934,0
103934,0
398517,0
280000,0
217104,0
217104,0
167499,0
167499,0
167499,0
167499,0
268186,0
432889,0
432889,0
231831,0
231831,0
252531,0
134588,0
345646,0
253711,0
253711,0
275727,0
201266,0
201266,0
147790,0
270876,0
270876,0
270876,0
144930,0
273696,0
273696,0
214082,0
415358,0
415358,0
292707,0
188958,0
446507,0
231459,0
231459,0
231459,0
108766,0
345870,0
310344,0
310344,0
418110,0
418110,0
253295,0
341604,0
224831,0
237386,0
299687,0
108834,0
108834,0
134618,0
236084,0
381941,0
381941,0
100453,0
100453,0
427419,0
419143,0
377025,0
429868,0
441457,0
323271,0
323271,0
180975,0
180975,0
180975,0
180975,0
158502,0
158502,0
158502,0
368240,0
368240,0
210799,0
122128,0
244013,0
244013,0
244013,0
338190,0
338190,0
316534,0
316534,0
402411,0
402411,0
348518,0
343922,0
425874,0
425874,0
329436,0
333433,0
395009,0
240340,0
274640,0
274640,0
247324,0
247324,0
247324,0
247324,0
247324,0
359301,0
359301,0
210273,0
188118,0
203122,0
207188,0
207188,0
371975,0
362410,0
294950,0
294950,0
171005,0
251383,0
136094,0
370641,0
370641,0
398505,0
398505,0
390191,0
326739,0
310532,0
164867,0
164867,0
440946,0
361490,0
361490,0
361490,0
361490,0
361490,0
361490,0
454108,0
259162,0
217608,0
384114,0
252663,0
263381,0
171963,0
411491,0
411491,0
439018,0
322417,0
334297,0
121987,0
121987,0
222627,0
222627,0
222627,0
390268,0
288553,0
288553,0
309083,0
337501,0
135827,0
328075,0
328075,0
442853,0
365013,0
365013,0
360920,0
286684,0
250071,0
272498,0
272498,0
198874,0
403098,0
348411,0
348411,0
420373,0
233763,0
105755,0
105755,0
105755,0
327524,0
138209,0
281981,0
281981,0
281981,0
281981,0
359951,0
359951,0
251853,0
159921,0
159921,0
398777,0
421774,0
106207,0
246149,0
202653,0
222457,0
350249,0
451139,0
339333,0
339333,0
339333,0
109538,0
387619,0
223244,0
223244,0
223244,0
110769,0
110769,0
110769,0
110769,0
110769,0
110769,0
112434,0
169294,0
354676,0
362418,0
362418,0
344068,0
168860,0
401906,0
124977,0
436429,0
251302,0
320781,0
320781,0
218473,0
218473,0
363039,0
363039,0
248212,0
248212,0
428545,0
428545,0
109181,0
448152,0
380433,0
380433,0
380433,0
149084,0
149084,0
149084,0
202377,0
245129,0
234476,0
281508,0
281508,0
286151,0
286151,0
441664,0
441664,0
266097,0
100350,0
374176,0
374176,0
281081,0
281081,0
281081,0
134567,0
134567,0
331283,0
117119,0
245070,0
134288,0
134288,0
390372,0
268531,0
268531,0
315509,0
315509,0
219399,0
266946,0
377397,0
126726,0
212065,0
212065,0
212065,0
408991,0
408991,0
392962,0
257473,0
225459,0
225459,0
293922,0
293922,0
101776,0
220840,0
184108,0
154149,0
154149,0
380735,0
380735,0
291095,0
354055,0
354055,0
354055,0
354055,0
354055,0
354055,0
385839,0
101032,0
101032,0
407454,0
407454,0
407454,0
428135,0
141387,0
272304,0
165881,0
339181,0
204230,0
455584,0
455584,0
455584,0
253915,0
253915,0
253915,0
390074,0
104968,0
289679,0
289679,0
170098,0
395099,0
395099,0
257146,0
287417,0
392170,0
392170,0
130152,0
328190,0
164350,0
164350,0
110080,0
113728,0
397315,0
240689,0
240689,0
155979,0
266932,0
153228,0
329861,0
329861,0
137554,0
137554,0
368393,0
199992,0
199992,0
387590,0
230781,0
165977,0
293499,0
452228,0
452228,0
348975,0
128754,0
128754,0
158632,0
158632,0
135887,0
254855,0
254855,0
291398,0
291398,0
291398,0
291398,0
326773,0
217019,0
397441,0
397441,0
114262,0
124900,0
124900,0
124900,0
412229,0
412229,0
412229,0
419482,0
278615,0
278615,0
278615,0
191708,0
191708,0
166892,0
378658,0
131309,0
131309,0
136656,0
236525,0
296339,0
196695,0
197514,0
374315,0
374315,0
374315,0
166973,0
166973,0
166973,0
166973,0
277618,0
442692,0
396384,0
186711,0
186711,0
138623,0
138623,0
102615,0
400063,0
371046,0
108745,0
437847,0
437847,0
238110,0
238110,0
396746,0
396746,0
416298,0
259488,0
188059,0
188059,0
188059,0
279162,0
279162,0
234204,0
234204,0
327667,0
327667,0
245514,0
245514,0
245514,0
342837,0
386338,0
143354,0
388821,0
305300,0
305300,0
326904,0
123088,0
123088,0
151836,0
151836,0
314900,0
337917,0
431541,0
431541,0
132802,0
132802,0
129251,0
389009,0
354831,0
354831,0
432007,0
432007,0
280265,0
280265,0
255258,0
207365,0
454028,0
121919,0
327951,0
327951,0
207879,0
207879,0
147957,0
222879,0
222879,0
417214,0
417214,0
417214,0
417214,0
222874,0
397535,0
295198,0
295198,0
295198,0
295198,0
295198,0
295198,0
263525,0
426119,0
426119,0
232473,0
232473,0
232473,0
232473,0
451720,0
265039,0
265039,0
445930,0
145981,0
290889,0
191809,0
200765,0
101018,0
442825,0
442825,0
120058,0
359273,0
316435,0
382776,0
350709,0
223367,0
189705,0
189705,0
347211,0
226151,0
118650,0
379979,0
379979,0
191404,0
394883,0
278259,0
278267,0
435685,0
243619,0
340095,0
155320,0
375513,0
422552,0
399718,0
299573,0
119734,0
119734,0
128865,0
308588,0
269515,0
177140,0
178811,0
178811,0
236009,0
269032,0
274643,0
232275,0
296274,0
380900,0
380900,0
348314,0
181658,0
397363,0
330770,0
237641,0
340185,0
227712,0
429071,0
429071,0
429071,0
418793,0
418793,0
114395,0
288585,0
421924,0
295071,0
425227,0
100176,0
173874,0
207321,0
207321,0
207321,0
365226,0
243242,0
232937,0
265341,0
265341,0
293102,0
293102,0
293102,0
320074,0
222951,0
222951,0
384420,0
384420,0
444120,0
147932,0
312474,0
312474,0
312474,0
378903,0
425861,0
143220,0
143220,0
143220,0
143220,0
143220,0
143220,0
421823,0
231877,0
231877,0
140897,0
404890,0
404890,0
353467,0
286484,0
286484,0
280265,0
280265,0
286883,0
286883,0
301065,0
275258,0
298044,0
298044,0
298044,0
123549,0
138868,0
255930,0
302696,0
302696,0
273172,0
164767,0
190875,0
190875,0
190875,0
400613,0
400613,0
232943,0
232943,0
247463,0
247463,0
229911,0
383359,0
383359,0
383359,0
226870,0
365182,0
233598,0
325750,0
325750,0
325750,0
138208,0
357181,0
213712,0
339690,0
339690,0
195690,0
330982,0
111137,0
224300,0
173213,0
418828,0
418828,0
248742,0
258558,0
258558,0
428353,0
250312,0
123565,0
123565,0
438742,0
225040,0
117152,0
120617,0
443895,0
363618,0
162429,0
325724,0
377021,0
172939,0
179781,0
368039,0
172083,0
144577,0
181085,0
133086,0
420239,0
255144,0
370808,0
452798,0
317758,0
205474,0
330719,0
452390,0
444584,0
145142,0
268899,0
306480,0
316341,0
389929,0
147555,0
390279,0
452828,0
129625,0
109217,0
419911,0
361696,0
289905,0
377581,0
112112,0
170765,0
174285,0
239312,0
365456,0
121867,0
253937,0
224425,0
372767,0
231453,0
314434,0
435827,0
177915,0
208283,0
214370,0
210923,0
302220,0
323889,0
375741,0
419716,0
110234,0
421680,0
351764,0
334080,0
153966,0
262444,0
435833,0
250182,0
250182,0
450095,0
432336,0
234749,0
363330,0
170462,0
332956,0
435547,0
283479,0
254078,0
439254,0
349472,0
436874,0
108772,0
401537,0
310622,0
160086,0
163571,0
124396,0
303069,0
381328,0
274933,0
228837,0
118505,0
318953,0
318953,0
357878,0
357878,0
357878,0
357878,0
200187,0
200187,0
324704,0
380450,0
406034,0
454752,0
236802,0
236802,0
289308,0
289308,0
289308,0
289308,0
289308,0
444786,0
437118,0
437118,0
361097,0
361097,0
185815,0
343903,0
120271,0
120271,0
314401,0
175854,0
333153,0
413294,0
395379,0
395379,0
359363,0
310688,0
310688,0
276096,0
127200,0
127200,0
131355,0
131355,0
104132,0
162047,0
162047,0
162047,0
281515,0
273601,0
177329,0
300823,0
426743,0
202380,0
273722,0
273722,0
273722,0
252883,0
334340,0
381566,0
417915,0
351742,0
136621,0
290275,0
234139,0
234139,0
327213,0
327213,0
102444,0
102444,0
410551,0
238976,0
116251,0
116251,0
350841,0
350841,0
263556,0
376311,0
376311,0
123493,0
242879,0
242879,0
139824,0
296620,0
296620,0
152356,0
398043,0
173053,0
215735,0
215735,0
215735,0
230313,0
333537,0
301225,0
184098,0
198095,0
254427,0
244731,0
244731,0
249457,0
249457,0
249457,0
397262,0
397262,0
123898,0
101019,0
101019,0
263482,0
432751,0
238382,0
262308,0
271071,0
100629,0
100629,0
252506,0
206414,0
151151,0
151151,0
151151,0
172596,0
324041,0
324041,0
324041,0
431297,0
205985,0
352743,0
355962,0
279967,0
319707,0
319707,0
319707,0
145512,0
272989,0
272989,0
315845,0
315845,0
189338,0
189338,0
189338,0
294581,0
294581,0
244234,0
318130,0
214189,0
269886,0
206630,0
339659,0
339659,0
148116,0
443745,0
373815,0
138225,0
138225,0
112516,0
128191,0
299578,0
300411,0
175575,0
186716,0
307787,0
407891,0
278732,0
278732,0
294824,0
203590,0
392851,0
392851,0
179714,0
109798,0
234139,0
199980,0
199980,0
228716,0
258554,0
206613,0
338277,0
332363,0
332363,0
332363,0
332363,0
192267,0
281719,0
307645,0
219530,0
344704,0
333284,0
333284,0
128975,0
386934,0
186989,0
186989,0
186989,0
154631,0
154631,0
283706,0
118180,0
203900,0
196801,0
360848,0
238029,0
179185,0
179185,0
369249,0
369249,0
154259,0
108531,0
407601,0
407601,0
261840,0
178119,0
185371,0
340353,0
244520,0
374285,0
374285,0
374285,0
374285,0
199762,0
319901,0
310354,0
331089,0
252066,0
252066,0
252066,0
252066,0
252066,0
451057,0
451057,0
451057,0
214174,0
422616,0
422616,0
423680,0
322324,0
322324,0
295134,0
208146,0
134587,0
134587,0
309229,0
309229,0
103582,0
250857,0
409108,0
412279,0
199207,0
199207,0
303954,0
372090,0
266627,0
183947,0
183947,0
279629,0
294220,0
294220,0
363935,0
222676,0
429365,0
429365,0
445211,0
163022,0
358405,0
424526,0
203060,0
247706,0
293578,0
293578,0
239951,0
239951,0
351823,0
351823,0
351823,0
351823,0
244315,0
244315,0
320810,0
436892,0
350128,0
350128,0
350128,0
350128,0
350128,0
350128,0
424086,0
246143,0
246143,0
256531,0
256531,0
256531,0
256531,0
361711,0
361711,0
259050,0
259050,0
136299,0
218756,0
209617,0
375990,0
375990,0
375990,0
210237,0
370644,0
370644,0
436016,0
212770,0
212770,0
407795,0
416771,0
416771,0
175265,0
328573,0
263634,0
363196,0
315415,0
240876,0
192266,0
345251,0
198640,0
222013,0
320918,0
246959,0
346535,0
421658,0
421658,0
161503,0
353509,0
412198,0
279529,0
211225,0
211225,0
262255,0
122966,0
420792,0
420792,0
423054,0
155428,0
384281,0
178988,0
240633,0
399461,0
158117,0
239384,0
171249,0
282832,0
428569,0
398768,0
440527,0
440527,0
196031,0
441714,0
277234,0
388993,0
153023,0
197896,0
276586,0
327585,0
276724,0
341125,0
368656,0
171490,0
317227,0
162657,0
284097,0
183102,0
234589,0
404457,0
406522,0
337390,0
317624,0
208458,0
399579,0
205821,0
391297,0
143982,0
320762,0
335796,0
168265,0
357140,0
238532,0
189957,0
203308,0
286023,0
382006,0
160101,0
380254,0
359285,0
252314,0
265401,0
288962,0
332715,0
170741,0
139599,0
304738,0
430192,0
417102,0
444584,0
126997,0
452193,0
135146,0
135146,0
381307,0
190676,0
181104,0
365889,0
102551,0
270726,0
287656,0
210069,0
210069,0
352621,0
212976,0
174298,0
442533,0
242217,0
266045,0
133730,0
406741,0
362630,0
438396,0
267081,0
363618,0
427091,0
175443,0
164627,0
134797,0
214965,0
331210,0
345804,0
398737,0
357483,0
422343,0
443675,0
240229,0
422493,0
372900,0
247394,0
199708,0
178052,0
221113,0
221113,0
363132,0
342910,0
423688,0
317758,0
126202,0
396474,0
107224,0
250699,0
299988,0
127773,0
127773,0
272635,0
342179,0
342179,0
342179,0
358790,0
382612,0
382612,0
159806,0
406761,0
375094,0
186645,0
422799,0
250094,0
390038,0
369656,0
405604,0
383662,0
160905,0
239409,0
343481,0
343481,0
306042,0
330085,0
414028,0
112151,0
373971,0
440226,0
440226,0
375367,0
137410,0
159755,0
129174,0
429336,0
417108,0
206709,0
220181,0
394377,0
273348,0
232557,0
232557,0
239226,0
272019,0
113128,0
293612,0
290887,0
420992,0
185569,0
444473,0
150035,0
328149,0
361707,0
102098,0
202488,0
335094,0
422262,0
422262,0
422262,0
312291,0
103577,0
103577,0
302640,0
356135,0
267266,0
267266,0
267266,0
267266,0
397011,0
426515,0
426515,0
426515,0
256381,0
280441,0
280441,0
249349,0
249349,0
367366,0
367366,0
367366,0
127700,0
209182,0
209182,0
399254,0
399254,0
399254,0
399254,0
297193,0
297193,0
310532,0
301363,0
399078,0
371360,0
371360,0
262255,0
219218,0
219218,0
219218,0
420166,0
117106,0
104352,0
172076,0
172076,0
172076,0
244380,0
114491,0
308017,0
308017,0
308017,0
295828,0
295828,0
295828,0
423547,0
171030,0
252796,0
265059,0
265059,0
296258,0
180027,0
252413,0
252413,0
252413,0
252413,0
255427,0
255427,0
364488,0
216685,0
216685,0
332021,0
362046,0
113533,0
113533,0
113533,0
184868,0
184868,0
250343,0
313759,0
354223,0
354223,0
302942,0
275190,0
126194,0
196609,0
371360,0
397713,0
397713,0
397713,0
437298,0
437298,0
437298,0
437298,0
437298,0
158527,0
181462,0
102296,0
102296,0
102296,0
103163,0
304520,0
229714,0
195907,0
259022,0
259022,0
202318,0
372780,0
423691,0
423691,0
152950,0
217827,0
217827,0
184827,0
165258,0
165258,0
115055,0
115055,0
115055,0
348792,0
393768,0
393768,0
393768,0
444020,0
444020,0
163017,0
163017,0
109974,0
108778,0
167699,0
167699,0
167699,0
414925,0
426578,0
155173,0
336375,0
202961,0
426112,0
132193,0
135190,0
221290,0
290041,0
199851,0
360967,0
304045,0
264610,0
282495,0
201184,0
370903,0
185081,0
185081,0
159979,0
285432,0
312577,0
189004,0
202834,0
316951,0
316951,0
241278,0
151661,0
151661,0
129341,0
402547,0
375400,0
137875,0
137875,0
387750,0
325747,0
234086,0
234086,0
101879,0
188616,0
188616,0
188616,0
188616,0
188616,0
133545,0
144296,0
144296,0
191284,0
279892,0
279892,0
279892,0
322682,0
322682,0
122604,0
122604,0
252506,0
178565,0
178565,0
209365,0
209365,0
209365,0
166016,0
166016,0
325711,0
144739,0
358923,0
198095,0
312838,0
312838,0
233457,0
233457,0
341404,0
376411,0
376411,0
100135,0
100135,0
100135,0
108654,0
385347,0
385347,0
162829,0
342120,0
342120,0
342120,0
296474,0
296474,0
189699,0
188205,0
188205,0
188205,0
351869,0
267378,0
425408,0
425408,0
451920,0
451920,0
451920,0
382162,0
382162,0
103710,0
205489,0
215154,0
215154,0
125259,0
340369,0
219738,0
199968,0
360615,0
414036,0
414036,0
414036,0
322713,0
356107,0
188099,0
188099,0
137234,0
233359,0
375741,0
214902,0
196486,0
196486,0
198718,0
198718,0
295180,0
178945,0
178945,0
235076,0
174253,0
385423,0
385423,0
230382,0
340188,0
340188,0
377029,0
357347,0
357347,0
126985,0
101022,0
257834,0
274417,0
274417,0
274417,0
168643,0
168643,0
445232,0
406873,0
426840,0
379309,0
290815,0
131653,0
402998,0
429505,0
103883,0
154965,0
388603,0
388603,0
175490,0
175490,0
175490,0
362287,0
362287,0
362287,0
319764,0
319764,0
343150,0
270420,0
270420,0
208120,0
127540,0
127540,0
302495,0
202544,0
446722,0
152273,0
407260,0
253575,0
253575,0
351674,0
351674,0
192851,0
192851,0
353901,0
275694,0
106447,0
106447,0
208513,0
208513,0
204499,0
204499,0
204499,0
204499,0
123294,0
123294,0
123294,0
123294,0
224060,0
224060,0
454619,0
454619,0
454619,0
320959,0
320959,0
267460,0
267460,0
267460,0
316858,0
316858,0
403956,0
230822,0
230822,0
321901,0
321901,0
320451,0
320451,0
234938,0
234938,0
234938,0
234938,0
234938,0
243269,0
243269,0
243269,0
389662,0
226207,0
437266,0
437266,0
157365,0
157365,0
157365,0
241930,0
241930,0
230257,0
230257,0
230257,0
434597,0
434597,0
189252,0
255454,0
222351,0
222351,0
102456,0
258173,0
258173,0
258173,0
321825,0
321825,0
321825,0
195593,0
271205,0
271205,0
354573,0
308220,0
308220,0
386932,0
176769,0
165599,0
191373,0
219583,0
384458,0
384458,0
234002,0
234002,0
397612,0
274941,0
235063,0
241304,0
241304,0
241304,0
413683,0
413683,0
315417,0
315417,0
122226,0
122226,0
122226,0
263556,0
263556,0
184235,0
184235,0
216793,0
205474,0
185457,0
423744,0
423744,0
386137,0
282906,0
418175,0
349690,0
349690,0
418707,0
418707,0
376008,0
376008,0
357636,0
294484,0
216663,0
136856,0
424001,0
198403,0
198403,0
337510,0
266560,0
266560,0
266560,0
270331,0
167130,0
243163,0
243163,0
396156,0
396156,0
396156,0
391687,0
437458,0
437458,0
437458,0
322803,0
451283,0
165249,0
239541,0
239541,0
239541,0
253765,0
378256,0
443235,0
103769,0
193960,0
172193,0
297672,0
405760,0
193535,0
121488,0
211481,0
335940,0
335940,0
303779,0
327154,0
327154,0
327154,0
327154,0
327154,0
327154,0
247898,0
171404,0
106286,0
291070,0
161019,0
448166,0
385985,0
451200,0
451200,0
451200,0
451200,0
451200,0
451200,0
451200,0
451200,0
451200,0
148125,0
148125,0
148125,0
142673,0
284968,0
278853,0
385396,0
425514,0
134538,0
250010,0
445686,0
445686,0
204822,0
204822,0
204822,0
204822,0
427232,0
427232,0
253074,0
357847,0
373276,0
373276,0
373276,0
120809,0
120809,0
130710,0
409884,0
409884,0
110246,0
110246,0
110246,0
110246,0
110246,0
177299,0
177299,0
386517,0
420402,0
148716,0
148716,0
370418,0
300406,0
245830,0
364441,0
380593,0
346281,0
202628,0
367047,0
367047,0
301119,0
313195,0
192039,0
434653,0
434653,0
433125,0
424996,0
424996,0
132683,0
175751,0
360439,0
451522,0
366166,0
355464,0
173720,0
253809,0
253809,0
313995,0
120571,0
171544,0
171544,0
268173,0
272181,0
423108,0
423108,0
264950,0
264950,0
393558,0
417838,0
143103,0
143103,0
143103,0
143103,0
404082,0
157532,0
186940,0
272312,0
272312,0
272312,0
272312,0
271664,0
271664,0
271664,0
271664,0
348859,0
226883,0
226883,0
226883,0
324139,0
421590,0
441363,0
400427,0
400427,0
273261,0
273261,0
273261,0
273261,0
387377,0
387377,0
214484,0
214484,0
160417,0
262064,0
357673,0
324328,0
317808,0
317808,0
326704,0
103742,0
315760,0
147239,0
328748,0
116082,0
116082,0
272653,0
272653,0
133742,0
398505,0
398505,0
398505,0
136136,0
428646,0
428646,0
428646,0
376424,0
120198,0
120198,0
120198,0
335940,0
355821,0
355821,0
256927,0
298672,0
391199,0
316999,0
357111,0
205878,0
120760,0
302917,0
276680,0
388422,0
388422,0
388422,0
419270,0
244549,0
423157,0
414837,0
414837,0
414837,0
414837,0
378903,0
330108,0
330108,0
158802,0
158802,0
287104,0
326889,0
326889,0
137730,0
137730,0
107882,0
107882,0
414815,0
414815,0
226681,0
383960,0
201510,0
201510,0
209122,0
209122,0
209122,0
167538,0
417902,0
191187,0
101322,0
101322,0
334839,0
249566,0
387247,0
387247,0
116755,0
116755,0
381288,0
357386,0
103329,0
111816,0
111816,0
307490,0
370627,0
370627,0
370627,0
153966,0
107882,0
300021,0
300021,0
397106,0
323047,0
323047,0
166797,0
141298,0
141600,0
239532,0
239532,0
361082,0
149016,0
247150,0
341944,0
341944,0
341944,0
263249,0
148975,0
148975,0
355914,0
355914,0
220070,0
220070,0
220070,0
437171,0
272754,0
272754,0
272754,0
272754,0
234910,0
429966,0
429966,0
429966,0
429966,0
231649,0
231649,0
200549,0
211604,0
260758,0
138619,0
352584,0
327906,0
337718,0
452058,0
334657,0
368335,0
126194,0
246002,0
108553,0
426421,0
241845,0
298770,0
388319,0
349207,0
349207,0
349207,0
110696,0
319751,0
396146,0
422318,0
272274,0
178945,0
178945,0
104747,0
196460,0
320172,0
320172,0
224509,0
240575,0
240575,0
195656,0
239821,0
239821,0
281959,0
359910,0
359910,0
119695,0
453895,0
453895,0
453895,0
453895,0
314807,0
314807,0
156216,0
156216,0
156216,0
255830,0
399248,0
190837,0
160954,0
380034,0
211597,0
211597,0
211597,0
211597,0
211597,0
135968,0
344494,0
128579,0
137203,0
199921,0
199921,0
365253,0
322453,0
322453,0
322453,0
322453,0
282767,0
107481,0
189063,0
189063,0
341872,0
252688,0
239735,0
239735,0
427624,0
336910,0
110156,0
387621,0
402573,0
405681,0
335180,0
422486,0
423730,0
242107,0
242107,0
242107,0
399899,0
223533,0
223533,0
223533,0
314764,0
314764,0
323079,0
323079,0
323079,0
250942,0
296286,0
272989,0
337095,0
237758,0
265103,0
265103,0
383420,0
430809,0
430809,0
177097,0
302420,0
249940,0
231229,0
419455,0
132443,0
371296,0
196645,0
348986,0
439049,0
439453,0
439453,0
232154,0
232154,0
161571,0
161571,0
161571,0
120088,0
389787,0
130325,0
130325,0
176203,0
176203,0
298374,0
352737,0
352737,0
292434,0
449596,0
164783,0
164783,0
164783,0
425887,0
425887,0
353130,0
353130,0
353130,0
353130,0
271353,0
199111,0
325538,0
417811,0
417811,0
417811,0
437996,0
258106,0
300273,0
372531,0
118011,0
196461,0
103881,0
154052,0
151708,0
439945,0
147313,0
277976,0
118700,0
120719,0
148368,0
239581,0
158502,0
158502,0
158502,0
158502,0
230719,0
230719,0
182640,0
269687,0
258099,0
374752,0
448361,0
113375,0
113375,0
277933,0
352749,0
267569,0
265780,0
265780,0
265780,0
265780,0
303781,0
106988,0
106988,0
312838,0
312838,0
312838,0
312838,0
312838,0
312838,0
366131,0
429249,0
183897,0
232050,0
232050,0
282000,0
282000,0
363833,0
289021,0
289021,0
231512,0
231512,0
231512,0
231512,0
374015,0
334050,0
334050,0
334050,0
334050,0
221113,0
338147,0
338147,0
286052,0
286052,0
286052,0
286052,0
286052,0
286052,0
412276,0
126939,0
240352,0
240352,0
400798,0
325811,0
368335,0
368335,0
202834,0
303565,0
303565,0
189004,0
189004,0
135183,0
326494,0
326494,0
303826,0
303826,0
402013,0
294662,0
281380,0
305945,0
326889,0
326889,0
326889,0
257876,0
339011,0
283387,0
283387,0
283387,0
283387,0
333193,0
164598,0
307132,0
307132,0
102465,0
328865,0
401060,0
260867,0
260867,0
124831,0
124831,0
124831,0
124831,0
124831,0
124831,0
140710,0
189936,0
315952,0
397102,0
273722,0
240643,0
163808,0
163808,0
163808,0
163808,0
243077,0
404845,0
404845,0
376801,0
332142,0
288054,0
288054,0
367553,0
367553,0
367553,0
402743,0
402743,0
402743,0
402743,0
242917,0
242917,0
242917,0
439833,0
439833,0
341361,0
443068,0
221327,0
383768,0
313884,0
328718,0
454192,0
103881,0
103881,0
437251,0
446375,0
379623,0
379623,0
100900,0
314842,0
314842,0
103868,0
316447,0
366817,0
131880,0
131880,0
303337,0
100145,0
100145,0
257756,0
257756,0
212999,0
212999,0
212999,0
306581,0
306581,0
226396,0
265689,0
265689,0
337097,0
337097,0
108129,0
392814,0
240208,0
240208,0
265689,0
265689,0
177061,0
177061,0
278846,0
278846,0
391159,0
391159,0
386758,0
183134,0
183134,0
116271,0
153203,0
209717,0
391297,0
391297,0
117534,0
121001,0
269225,0
337582,0
386005,0
293360,0
424723,0
168606,0
244134,0
279293,0
279293,0
439569,0
340267,0
126084,0
195936,0
279892,0
378054,0
326980,0
154592,0
421034,0
441931,0
299501,0
381304,0
436711,0
436711,0
388095,0
191552,0
375938,0
378997,0
378997,0
378997,0
219451,0
219451,0
408009,0
411673,0
273601,0
255181,0
150000,0
202125,0
436929,0
174373,0
143297,0
143297,0
426137,0
288944,0
288944,0
105875,0
362502,0
135190,0
191199,0
378113,0
132862,0
416956,0
140897,0
140897,0
407860,0
429484,0
429484,0
185525,0
189339,0
375989,0
375989,0
353660,0
351505,0
226787,0
446951,0
190348,0
129586,0
316957,0
316957,0
204821,0
176846,0
277731,0
390558,0
385172,0
114915,0
114915,0
284162,0
142782,0
260861,0
341913,0
108581,0
147245,0
140317,0
178117,0
160332,0
299055,0
100397,0
141963,0
451930,0
391533,0
391533,0
159963,0
333409,0
419189,0
151519,0
205020,0
412116,0
195170,0
454922,0
157682,0
446795,0
358423,0
395667,0
370125,0
370125,0
126706,0
293148,0
214902,0
283702,0
138753,0
174353,0
174353,0
425599,0
161968,0
134944,0
138978,0
294377,0
454584,0
454584,0
330252,0
293677,0
399790,0
309806,0
247113,0
247113,0
368929,0
410221,0
321451,0
364722,0
302634,0
377389,0
372907,0
267561,0
152080,0
285550,0
109013,0
383841,0
443917,0
103981,0
269400,0
269400,0
368369,0
338170,0
237287,0
155667,0
213527,0
420921,0
348661,0
402380,0
187173,0
361147,0
237763,0
243119,0
196284,0
236802,0
201109,0
102110,0
199660,0
135146,0
409909,0
111857,0
317051,0
301693,0
436844,0
193983,0
148773,0
376004,0
231305,0
278859,0
418777,0
418777,0
350146,0
291848,0
169325,0
224535,0
432977,0
187220,0
187220,0
449107,0
237010,0
442825,0
406302,0
219429,0
168889,0
255687,0
451269,0
269432,0
373613,0
130241,0
330204,0
330204,0
382120,0
157631,0
423470,0
283535,0
283535,0
310402,0
192215,0
387002,0
130714,0
288322,0
288322,0
362287,0
392307,0
450519,0
307822,0
282787,0
287040,0
270181,0
197509,0
188273,0
346199,0
288635,0
305465,0
265260,0
324816,0
174377,0
169111,0
169111,0
244808,0
209504,0
218708,0
271858,0
134588,0
250218,0
348315,0
430918,0
322586,0
252226,0
149258,0
342078,0
437053,0
387473,0
349207,0
372397,0
403949,0
436303,0
279512,0
144649,0
338167,0
337148,0
179747,0
241923,0
171272,0
418366,0
158413,0
385478,0
236940,0
418975,0
279489,0
433593,0
194394,0
325942,0
393511,0
280876,0
433247,0
413745,0
244493,0
310953,0
301725,0
429043,0
233029,0
131719,0
204657,0
152452,0
330914,0
399223,0
191552,0
115173,0
227321,0
167517,0
129897,0
109086,0
401621,0
321157,0
282570,0
241415,0
321268,0
421685,0
392171,0
251255,0
359223,0
126194,0
279378,0
399815,0
184235,0
339569,0
124991,0
281056,0
207722,0
386356,0
189573,0
212059,0
212059,0
107131,0
316341,0
321705,0
443140,0
190127,0
213475,0
175564,0
369401,0
452977,0
318295,0
151176,0
126985,0
126985,0
166172,0
408170,0
209205,0
119084,0
423156,0
357547,0
141538,0
339372,0
174245,0
198521,0
190671,0
308215,0
139592,0
365166,0
365166,0
211333,0
434717,0
185810,0
395151,0
293339,0
208633,0
105417,0
417873,0
313981,0
320959,0
121254,0
230373,0
198932,0
209972,0
209972,0
367816,0
415540,0
415540,0
288777,0
271441,0
271441,0
289344,0
103966,0
335227,0
162046,0
366923,0
366002,0
331933,0
210016,0
277614,0
370793,0
217797,0
382641,0
357204,0
444045,0
247647,0
152834,0
343681,0
369958,0
375489,0
400842,0
334512,0
280565,0
210824,0
368112,0
360696,0
271851,0
115312,0
326594,0
288698,0
449511,0
449511,0
139011,0
217080,0
163013,0
163013,0
430134,0
430134,0
406374,0
136932,0
229795,0
146643,0
392327,0
111271,0
103083,0
317703,0
387443,0
374821,0
390025,0
178905,0
230900,0
401187,0
228848,0
257651,0
245693,0
334829,0
430086,0
423011,0
222183,0
314712,0
145577,0
350258,0
271283,0
306805,0
157631,0
263381,0
291764,0
144092,0
228758,0
259762,0
256358,0
281942,0
281942,0
396381,0
320229,0
337856,0
336072,0
101558,0
423054,0
335220,0
182958,0
432720,0
376825,0
359038,0
311193,0
367246,0
229155,0
229155,0
229155,0
283360,0
180965,0
172032,0
167882,0
127353,0
211479,0
145182,0
123501,0
232385,0
215425,0
370157,0
298591,0
157433,0
121917,0
183242,0
386517,0
404342,0
404342,0
274086,0
274086,0
216957,0
121342,0
266828,0
277386,0
252245,0
418230,0
175430,0
113272,0
304829,0
402931,0
223015,0
223015,0
106159,0
166595,0
197359,0
312853,0
173866,0
146736,0
420229,0
386336,0
452708,0
247292,0
121326,0
185737,0
391540,0
427364,0
235539,0
191092,0
229490,0
114382,0
373270,0
448970,0
331791,0
109733,0
403320,0
399880,0
380052,0
133842,0
445825,0
227570,0
227570,0
238719,0
360478,0
205542,0
205542,0
325750,0
155631,0
158398,0
137386,0
382025,0
106179,0
195066,0
266828,0
266828,0
419592,0
336750,0
336750,0
416898,0
143923,0
453056,0
217104,0
306619,0
101937,0
295671,0
218921,0
208551,0
407362,0
382992,0
408710,0
335135,0
115711,0
309130,0
309130,0
320994,0
320994,0
266009,0
237139,0
427250,0
142172,0
272237,0
342541,0
348281,0
102302,0
244813,0
140057,0
414703,0
390015,0
390015,0
105479,0
255591,0
255591,0
255591,0
216911,0
216911,0
216911,0
216911,0
164709,0
186834,0
354290,0
441617,0
237645,0
402431,0
396599,0
415278,0
195085,0
314352,0
314352,0
374457,0
191388,0
284162,0
262932,0
375200,0
163388,0
331950,0
257957,0
257957,0
333091,0
333091,0
320686,0
320686,0
112235,0
112235,0
372252,0
333496,0
333496,0
333496,0
208039,0
436257,0
381312,0
193113,0
123715,0
123715,0
123715,0
415527,0
358854,0
322533,0
322533,0
384084,0
384084,0
274767,0
171152,0
288129,0
288129,0
288129,0
383662,0
400869,0
270069,0
420037,0
250605,0
115492,0
184809,0
366131,0
366131,0
347972,0
220528,0
451835,0
451835,0
451835,0
224203,0
224203,0
141881,0
386337,0
427833,0
427833,0
427833,0
427833,0
220995,0
220995,0
220995,0
442461,0
129346,0
220885,0
175480,0
335308,0
335308,0
360256,0
360256,0
310196,0
344602,0
393147,0
367185,0
367185,0
367185,0
364183,0
364183,0
110321,0
110321,0
319446,0
426786,0
249122,0
249122,0
426001,0
418919,0
418919,0
287658,0
287658,0
408060,0
114395,0
114395,0
161552,0
161552,0
161552,0
118773,0
118773,0
305450,0
309130,0
309130,0
309130,0
309130,0
309130,0
107401,0
107401,0
453494,0
292079,0
453484,0
217020,0
217020,0
345929,0
372900,0
372900,0
414230,0
414230,0
317555,0
349347,0
349347,0
263643,0
343741,0
408017,0
408017,0
119774,0
119774,0
373352,0
142713,0
362728,0
362728,0
362728,0
392438,0
392438,0
107692,0
107692,0
329204,0
106119,0
415848,0
415848,0
200187,0
335658,0
335658,0
155805,0
155805,0
155805,0
399154,0
399154,0
403385,0
379544,0
379544,0
328639,0
262150,0
117925,0
371984,0
176346,0
176346,0
266611,0
306128,0
306128,0
318203,0
247265,0
410254,0
250559,0
162868,0
162868,0
275513,0
275513,0
124945,0
121894,0
121894,0
275715,0
111058,0
184271,0
267296,0
172267,0
403652,0
207062,0
247342,0
215055,0
215055,0
215055,0
215055,0
291047,0
124826,0
300336,0
401248,0
435076,0
386979,0
255454,0
391098,0
185721,0
353871,0
268135,0
428863,0
225953,0
225953,0
298894,0
356140,0
236111,0
195223,0
322778,0
413704,0
413704,0
177976,0
177976,0
349049,0
238248,0
251845,0
348390,0
376279,0
432374,0
189158,0
344170,0
327845,0
427211,0
195274,0
195274,0
195274,0
273525,0
355216,0
305376,0
297219,0
142914,0
311505,0
311505,0
386490,0
386490,0
271181,0
386814,0
428832,0
115055,0
115055,0
121580,0
289655,0
325538,0
348281,0
440546,0
440546,0
440546,0
444883,0
170736,0
219021,0
178853,0
178853,0
178853,0
178853,0
186607,0
198834,0
198834,0
264728,0
264728,0
404107,0
264027,0
115607,0
115607,0
388618,0
303766,0
303766,0
303766,0
303766,0
385421,0
385421,0
225248,0
219827,0
219827,0
219827,0
364279,0
364279,0
124394,0
133414,0
196247,0
196247,0
193259,0
304310,0
304310,0
342372,0
342372,0
273722,0
322322,0
322322,0
206150,0
231453,0
111211,0
111211,0
434612,0
323225,0
357087,0
423730,0
225127,0
196801,0
196801,0
274251,0
227420,0
121656,0
234630,0
140629,0
107011,0
107011,0
356378,0
268689,0
268689,0
234027,0
449455,0
449455,0
116537,0
300502,0
187598,0
243591,0
110538,0
445747,0
445747,0
279162,0
102430,0
170049,0
290019,0
414036,0
414036,0
393260,0
189534,0
149820,0
101137,0
151754,0
343317,0
338541,0
442692,0
442692,0
383628,0
282897,0
367849,0
132107,0
244631,0
427889,0
361236,0
364907,0
413809,0
417390,0
417390,0
101545,0
358421,0
358421,0
358421,0
358421,0
340670,0
208968,0
361058,0
203250,0
203250,0
192997,0
192997,0
121267,0
200645,0
301393,0
375015,0
245430,0
245430,0
245430,0
191330,0
266846,0
142855,0
213363,0
213363,0
213363,0
121130,0
325388,0
325388,0
443715,0
443715,0
437933,0
254436,0
100920,0
311104,0
311104,0
398822,0
156962,0
156962,0
418583,0
293260,0
240768,0
378076,0
216296,0
381719,0
103000,0
103000,0
231973,0
420683,0
420683,0
420683,0
248849,0
413769,0
145914,0
283828,0
301225,0
439261,0
242348,0
242348,0
277891,0
292162,0
292162,0
352995,0
352995,0
281069,0
285056,0
285056,0
285056,0
285056,0
289860,0
289860,0
205281,0
153675,0
255039,0
166856,0
217949,0
253023,0
253023,0
304080,0
327750,0
327750,0
279322,0
185687,0
313069,0
313069,0
276749,0
276749,0
276749,0
280430,0
244361,0
244361,0
281848,0
330328,0
379452,0
379452,0
379452,0
379452,0
379452,0
378078,0
378078,0
248277,0
248277,0
201773,0
201773,0
456198,0
315792,0
324342,0
411114,0
160417,0
227626,0
289125,0
237697,0
361968,0
361968,0
168320,0
243258,0
243258,0
349024,0
417303,0
160431,0
305431,0
195762,0
195762,0
338474,0
338474,0
338474,0
266571,0
266571,0
266571,0
247776,0
247776,0
247776,0
247776,0
287293,0
228653,0
380213,0
380213,0
439291,0
452277,0
439955,0
213592,0
213592,0
243466,0
243466,0
151283,0
123631,0
123631,0
123631,0
431944,0
431944,0
357356,0
242853,0
116373,0
354666,0
310269,0
447549,0
120259,0
242608,0
438427,0
202964,0
202964,0
202964,0
156762,0
242453,0
242453,0
242453,0
215425,0
297310,0
137322,0
213270,0
233241,0
233241,0
289183,0
159902,0
374842,0
344106,0
417728,0
417728,0
351550,0
303255,0
303255,0
108393,0
108393,0
129723,0
321087,0
341879,0
401039,0
161139,0
259898,0
406445,0
353114,0
113743,0
265844,0
359868,0
359868,0
359868,0
452161,0
180904,0
180904,0
180904,0
149951,0
149951,0
237350,0
315623,0
315623,0
165826,0
165826,0
162506,0
113534,0
113534,0
171477,0
229986,0
229986,0
229986,0
189230,0
189230,0
189230,0
403932,0
403932,0
360228,0
303781,0
303781,0
385432,0
385432,0
373908,0
165833,0
237441,0
237441,0
312683,0
178351,0
164880,0
164880,0
397747,0
397747,0
258962,0
335989,0
335989,0
335989,0
335989,0
399458,0
399458,0
347891,0
131984,0
131984,0
131984,0
149494,0
134488,0
134488,0
134488,0
403956,0
222879,0
388878,0
388878,0
388878,0
367728,0
394575,0
394575,0
394575,0
394575,0
394575,0
294905,0
294905,0
294905,0
294905,0
388258,0
151423,0
151423,0
178082,0
178082,0
438846,0
438846,0
358014,0
358014,0
358014,0
358014,0
156446,0
324303,0
376273,0
376273,0
325560,0
114892,0
273426,0
345023,0
345023,0
345023,0
354783,0
118590,0
260996,0
260996,0
399001,0
172702,0
133951,0
324893,0
324893,0
324893,0
115702,0
119904,0
119904,0
272621,0
233658,0
303860,0
303860,0
119526,0
119526,0
119526,0
264885,0
117104,0
117104,0
117104,0
117104,0
372023,0
181598,0
181598,0
350913,0
350913,0
367371,0
108536,0
108536,0
186901,0
360395,0
428983,0
428983,0
428983,0
428983,0
132825,0
127370,0
393637,0
290658,0
243921,0
406584,0
204961,0
204961,0
325966,0
325966,0
222879,0
222879,0
364764,0
380806,0
123817,0
301945,0
301945,0
358332,0
358332,0
358332,0
153178,0
138004,0
138004,0
138004,0
444443,0
208521,0
111715,0
310626,0
100629,0
198834,0
198834,0
127114,0
398617,0
398617,0
193998,0
193998,0
193998,0
193998,0
193998,0
193998,0
118219,0
256344,0
256344,0
171770,0
248284,0
128589,0
302113,0
289145,0
309079,0
432800,0
392220,0
367626,0
238133,0
238133,0
238133,0
109897,0
398021,0
455171,0
331605,0
146676,0
146676,0
146676,0
230503,0
178308,0
151776,0
369910,0
136554,0
270420,0
395188,0
238490,0
155202,0
405361,0
405361,0
103142,0
103142,0
418512,0
418512,0
377681,0
129843,0
129843,0
129843,0
129843,0
129843,0
335752,0
397368,0
377591,0
320559,0
320559,0
320559,0
236684,0
236684,0
133945,0
133945,0
205606,0
140529,0
107108,0
197190,0
422318,0
402998,0
369370,0
369370,0
369370,0
377876,0
379502,0
231785,0
321747,0
321747,0
236428,0
236428,0
236428,0
430223,0
263165,0
379060,0
202178,0
202178,0
396054,0
117357,0
409914,0
452850,0
450229,0
259074,0
259074,0
246390,0
265651,0
265651,0
427753,0
427753,0
119603,0
119603,0
365131,0
226960,0
226960,0
381218,0
261114,0
261114,0
246276,0
246276,0
246276,0
168958,0
168958,0
345517,0
345517,0
186212,0
263804,0
128859,0
305222,0
156921,0
399545,0
352869,0
352869,0
352869,0
310015,0
331978,0
222918,0
222918,0
386767,0
414815,0
414815,0
414815,0
335296,0
335296,0
356929,0
279327,0
380425,0
380425,0
380425,0
380425,0
374869,0
303546,0
340736,0
340736,0
340736,0
254515,0
254515,0
228554,0
191854,0
149278,0
149278,0
437127,0
348649,0
348649,0
288678,0
330506,0
320222,0
127540,0
127540,0
409594,0
434894,0
434894,0
383998,0
383998,0
383998,0
195337,0
195337,0
177479,0
177479,0
101571,0
101571,0
101571,0
411166,0
411166,0
411166,0
211696,0
211696,0
211696,0
132211,0
132211,0
132211,0
295410,0
256531,0
305409,0
336598,0
336598,0
419647,0
419647,0
400794,0
400794,0
260304,0
260304,0
106406,0
402405,0
361968,0
361968,0
335296,0
355481,0
373545,0
373545,0
105052,0
105052,0
105052,0
429285,0
269639,0
167984,0
167984,0
167984,0
202106,0
199694,0
392721,0
232944,0
232944,0
366650,0
146457,0
146457,0
146457,0
146457,0
101207,0
101207,0
101207,0
242585,0
366078,0
163828,0
136191,0
136191,0
251773,0
119924,0
119924,0
268938,0
268938,0
268938,0
130649,0
309161,0
309161,0
309161,0
125297,0
301864,0
300548,0
210385,0
210385,0
427521,0
427521,0
372480,0
243545,0
162379,0
373531,0
373531,0
224527,0
195176,0
193906,0
193906,0
203292,0
192401,0
192401,0
251310,0
251310,0
251741,0
141766,0
310626,0
214902,0
171995,0
171995,0
430131,0
430131,0
430131,0
103033,0
338109,0
394043,0
190329,0
121340,0
428777,0
428777,0
294809,0
271823,0
291969,0
375200,0
375200,0
416207,0
393918,0
378285,0
378285,0
317090,0
138641,0
401039,0
449513,0
137818,0
137818,0
193127,0
132135,0
220922,0
220922,0
274788,0
160484,0
160484,0
451533,0
451533,0
451533,0
451533,0
107252,0
436016,0
436016,0
249564,0
203172,0
372230,0
394867,0
394867,0
430368,0
330152,0
256133,0
256133,0
428895,0
428895,0
263306,0
302637,0
169043,0
169043,0
386517,0
401906,0
401906,0
172927,0
172927,0
172927,0
281747,0
323602,0
215290,0
429547,0
445355,0
174725,0
174725,0
428649,0
428649,0
387141,0
449924,0
449924,0
423176,0
154965,0
351058,0
427831,0
201387,0
410221,0
410221,0
288988,0
104215,0
440576,0
164430,0
382495,0
213385,0
100436,0
400757,0
400757,0
110556,0
224325,0
224325,0
271202,0
217198,0
155925,0
325102,0
325102,0
325102,0
433441,0
103492,0
133610,0
125573,0
259606,0
451050,0
451050,0
257283,0
257283,0
280586,0
204338,0
348568,0
412491,0
122089,0
234302,0
234302,0
254063,0
360220,0
360220,0
360220,0
362915,0
452473,0
430848,0
374039,0
374039,0
374039,0
431332,0
431332,0
431332,0
385975,0
111076,0
188261,0
318179,0
318179,0
323280,0
453784,0
453784,0
147732,0
244361,0
244361,0
413393,0
175237,0
167770,0
126292,0
126292,0
117182,0
194261,0
194261,0
262587,0
240456,0
307550,0
324714,0
324714,0
352058,0
352058,0
352058,0
380047,0
157236,0
157236,0
136719,0
136719,0
181850,0
353109,0
365285,0
375859,0
357071,0
357071,0
304435,0
416996,0
416996,0
151891,0
151891,0
151891,0
135112,0
434963,0
258551,0
218699,0
140761,0
140761,0
140761,0
230957,0
301549,0
256923,0
417246,0
456189,0
456189,0
456189,0
371853,0
104294,0
104294,0
105417,0
405173,0
405173,0
385500,0
385500,0
310691,0
279025,0
383996,0
383996,0
400842,0
150289,0
116453,0
116453,0
405107,0
405107,0
100833,0
367634,0
410967,0
410967,0
410967,0
255670,0
278077,0
278077,0
283206,0
418190,0
106805,0
112648,0
396756,0
396756,0
396756,0
106341,0
106341,0
203670,0
204160,0
449295,0
106207,0
106207,0
106207,0
336738,0
381436,0
244590,0
112436,0
403795,0
403795,0
101405,0
170597,0
130298,0
438846,0
226747,0
311691,0
311691,0
295750,0
295750,0
376090,0
376090,0
376090,0
274585,0
367100,0
440448,0
440448,0
312172,0
278486,0
422778,0
228701,0
427177,0
116728,0
116728,0
116728,0
309669,0
167882,0
315701,0
315701,0
315701,0
214976,0
323082,0
389853,0
389853,0
389853,0
282626,0
412198,0
299538,0
299538,0
299538,0
264675,0
373270,0
260176,0
260176,0
236826,0
236826,0
443066,0
296847,0
296847,0
446438,0
446438,0
446438,0
295353,0
295353,0
132588,0
276971,0
276971,0
276971,0
276971,0
351074,0
351074,0
351074,0
351074,0
328716,0
104556,0
104556,0
104556,0
212802,0
212802,0
212802,0
219608,0
219608,0
384532,0
275459,0
130775,0
199648,0
245722,0
165531,0
454409,0
374084,0
374084,0
417730,0
183956,0
183956,0
147361,0
147361,0
330272,0
330272,0
248326,0
248326,0
437630,0
227640,0
223564,0
267570,0
100902,0
100902,0
116801,0
366064,0
442816,0
161657,0
161657,0
310269,0
310269,0
310269,0
310269,0
433221,0
128592,0
205755,0
171186,0
171186,0
216138,0
216138,0
173328,0
173328,0
173328,0
215225,0
214400,0
214400,0
214400,0
214400,0
214400,0
214400,0
104345,0
317138,0
317138,0
401693,0
401693,0
381097,0
142331,0
164975,0
164975,0
296262,0
441471,0
214675,0
147229,0
147229,0
279718,0
279718,0
241666,0
104852,0
308884,0
178377,0
203677,0
133089,0
133089,0
133089,0
317002,0
254625,0
134546,0
247534,0
247534,0
128273,0
128273,0
128975,0
264034,0
264034,0
199361,0
212347,0
212347,0
346387,0
273804,0
404089,0
404089,0
329079,0
329079,0
141035,0
250218,0
250218,0
250218,0
383008,0
383008,0
383008,0
266302,0
104345,0
104345,0
182903,0
312483,0
344482,0
344482,0
416902,0
452130,0
444321,0
444321,0
444321,0
260723,0
260723,0
320243,0
285840,0
289829,0
289829,0
289829,0
289829,0
289829,0
360615,0
360615,0
360615,0
342060,0
342060,0
342060,0
202020,0
417437,0
417437,0
417437,0
368370,0
413133,0
412782,0
367831,0
288457,0
288457,0
368904,0
212365,0
212365,0
179156,0
368399,0
101069,0
101069,0
370556,0
268609,0
450218,0
309696,0
405008,0
403559,0
453287,0
347989,0
347989,0
347989,0
135467,0
246639,0
264782,0
200723,0
200723,0
454042,0
165925,0
347825,0
307365,0
381859,0
323492,0
120140,0
120140,0
421792,0
362728,0
362728,0
163142,0
163142,0
163142,0
163142,0
131243,0
131243,0
212015,0
212015,0
212015,0
212015,0
100067,0
361647,0
361647,0
361647,0
258675,0
258675,0
258675,0
258675,0
175652,0
437842,0
261764,0
115215,0
115215,0
252345,0
252345,0
384452,0
384452,0
384452,0
384452,0
295002,0
351778,0
359851,0
106126,0
106126,0
193505,0
310107,0
310107,0
104938,0
104938,0
218100,0
218100,0
218100,0
218100,0
165453,0
168810,0
168810,0
101545,0
101545,0
349037,0
349037,0
349037,0
380213,0
123093,0
335483,0
335483,0
407329,0
367239,0
294247,0
390009,0
390009,0
229663,0
235527,0
235527,0
235527,0
297410,0
297410,0
213526,0
213526,0
213526,0
217226,0
408962,0
252041,0
252041,0
212363,0
417445,0
417445,0
444157,0
444157,0
228467,0
384452,0
384452,0
100900,0
173948,0
173948,0
404811,0
203308,0
408285,0
123965,0
389549,0
208195,0
208195,0
250454,0
250454,0
308889,0
308889,0
325429,0
276161,0
276161,0
189402,0
312957,0
350208,0
436662,0
436662,0
436662,0
313026,0
135830,0
135830,0
135830,0
151238,0
387439,0
370808,0
150030,0
150030,0
150030,0
150030,0
150030,0
161295,0
243918,0
408370,0
357140,0
357140,0
149433,0
149433,0
110973,0
110973,0
409914,0
351341,0
258319,0
258319,0
328805,0
328805,0
328805,0
287078,0
287078,0
287078,0
287078,0
174377,0
174377,0
319490,0
319490,0
319490,0
319490,0
319490,0
319490,0
421685,0
421685,0
248595,0
348613,0
121975,0
147619,0
147619,0
147619,0
147619,0
342011,0
176558,0
176558,0
140558,0
142485,0
142485,0
142485,0
142485,0
291878,0
278072,0
278072,0
278072,0
396531,0
443745,0
443745,0
263482,0
263482,0
263482,0
263482,0
265125,0
269560,0
269560,0
269560,0
269560,0
269560,0
269560,0
145729,0
413223,0
413223,0
413223,0
413223,0
378588,0
422468,0
361364,0
175695,0
223044,0
223044,0
329485,0
189342,0
189342,0
226942,0
448817,0
102396,0
389651,0
277734,0
229349,0
132749,0
132749,0
132749,0
132749,0
132749,0
416248,0
206643,0
109168,0
109168,0
103402,0
103402,0
249673,0
368732,0
246861,0
370922,0
253781,0
302275,0
302275,0
302275,0
313513,0
313513,0
155073,0
344887,0
424331,0
424331,0
260448,0
413867,0
133018,0
298080,0
298080,0
141013,0
177098,0
150938,0
228158,0
228158,0
228158,0
232981,0
101216,0
180860,0
130442,0
319501,0
319501,0
267378,0
151005,0
151005,0
354407,0
285212,0
364023,0
263606,0
442684,0
380154,0
380154,0
260400,0
260400,0
138125,0
122815,0
122815,0
277069,0
277069,0
125206,0
325994,0
325994,0
335503,0
268727,0
151600,0
206188,0
427570,0
427570,0
336701,0
211752,0
211752,0
367775,0
254759,0
110413,0
387778,0
203563,0
329434,0
271940,0
203315,0
181104,0
244517,0
100364,0
277078,0
103150,0
419858,0
335197,0
234601,0
264938,0
233068,0
182061,0
277032,0
134277,0
211353,0
338637,0
199568,0
199568,0
123857,0
123857,0
282930,0
124960,0
107051,0
107051,0
227799,0
227799,0
227799,0
107926,0
107926,0
207155,0
111748,0
438395,0
347014,0
151320,0
268983,0
268983,0
268983,0
268983,0
165838,0
165838,0
165838,0
321245,0
321245,0
114816,0
114816,0
114816,0
301369,0
301369,0
359139,0
359139,0
121211,0
311973,0
311973,0
415461,0
415461,0
415461,0
169838,0
107291,0
107291,0
107291,0
134086,0
134086,0
205601,0
205601,0
205601,0
278606,0
331099,0
320980,0
402323,0
402323,0
402323,0
356458,0
356458,0
156292,0
200751,0
200751,0
250359,0
250359,0
250359,0
434632,0
434632,0
434632,0
434632,0
310886,0
310886,0
114029,0
114029,0
124900,0
231877,0
231877,0
309115,0
309115,0
309115,0
309115,0
132758,0
132758,0
411762,0
411762,0
448975,0
448975,0
258528,0
189130,0
189130,0
287899,0
287899,0
396534,0
396534,0
396534,0
313824,0
313824,0
429745,0
395188,0
395188,0
395188,0
435935,0
412386,0
412386,0
412386,0
412386,0
285531,0
149267,0
343544,0
373153,0
341793,0
362349,0
115901,0
115901,0
115901,0
361341,0
235786,0
235786,0
235786,0
235786,0
235786,0
160501,0
160501,0
197754,0
197754,0
197754,0
122057,0
122057,0
122057,0
122057,0
126495,0
305147,0
373268,0
392310,0
392310,0
392310,0
155805,0
155805,0
191388,0
110392,0
380379,0
380379,0
329713,0
391538,0
391538,0
383928,0
227368,0
227368,0
227368,0
116802,0
116802,0
337615,0
337615,0
337615,0
207882,0
207882,0
207882,0
414815,0
414815,0
285077,0
285077,0
445239,0
445239,0
315773,0
162190,0
312688,0
314349,0
327122,0
405734,0
436734,0
436734,0
210743,0
210743,0
432156,0
241398,0
432156,0
432156,0
368528,0
174795,0
150695,0
246143,0
106011,0
250917,0
444448,0
118817,0
118817,0
455656,0
455656,0
248444,0
248444,0
108728,0
108728,0
108772,0
456103,0
348519,0
318154,0
318154,0
129493,0
399002,0
395736,0
395736,0
114028,0
434460,0
423312,0
240558,0
240558,0
169248,0
388095,0
388095,0
245408,0
106799,0
445819,0
445819,0
445819,0
195423,0
379670,0
379670,0
336811,0
394856,0
405951,0
405951,0
405951,0
352057,0
319080,0
175744,0
405577,0
450957,0
377497,0
377497,0
249924,0
249924,0
249924,0
334948,0
390356,0
126179,0
303516,0
260400,0
260400,0
260400,0
418146,0
223948,0
223948,0
244136,0
244136,0
146647,0
146647,0
146647,0
146647,0
146647,0
308868,0
244443,0
437774,0
125572,0
398095,0
387069,0
242752,0
134848,0
203466,0
203466,0
203466,0
180653,0
338474,0
338474,0
369674,0
369674,0
108892,0
108892,0
186075,0
217429,0
217429,0
249332,0
359085,0
359085,0
359085,0
359085,0
359085,0
359085,0
216138,0
167889,0
187764,0
359666,0
145339,0
145339,0
280930,0
295976,0
295976,0
227011,0
179144,0
179144,0
252156,0
272029,0
272029,0
251989,0
353925,0
162136,0
302640,0
453815,0
453815,0
453815,0
102711,0
102711,0
102711,0
226267,0
226267,0
444640,0
269577,0
172734,0
357035,0
442240,0
172134,0
184673,0
184673,0
206594,0
206594,0
430271,0
430271,0
120454,0
140961,0
302594,0
122376,0
122376,0
372589,0
372589,0
372589,0
295630,0
321929,0
178116,0
178116,0
444087,0
368768,0
368768,0
221290,0
237139,0
270611,0
270611,0
326974,0
326974,0
326974,0
326974,0
326974,0
351463,0
109986,0
361714,0
361714,0
313517,0
313517,0
249024,0
249024,0
378951,0
430527,0
424277,0
125069,0
125069,0
117488,0
117488,0
421784,0
421784,0
302624,0
331519,0
331519,0
331519,0
266015,0
266015,0
266015,0
132292,0
381364,0
386237,0
322963,0
322963,0
162368,0
439569,0
439569,0
269295,0
331498,0
270815,0
358854,0
358854,0
358854,0
285528,0
254396,0
206221,0
436147,0
390258,0
406569,0
157986,0
157986,0
157986,0
157986,0
338644,0
290275,0
273357,0
273357,0
358497,0
434049,0
376601,0
332357,0
358285,0
439891,0
398071,0
398071,0
240955,0
240955,0
403156,0
403156,0
128865,0
128865,0
128865,0
128865,0
285306,0
360817,0
107657,0
210183,0
349355,0
452881,0
373259,0
143547,0
192472,0
235747,0
247282,0
282925,0
430260,0
418895,0
418895,0
222351,0
222351,0
365206,0
254809,0
254809,0
149180,0
149180,0
286456,0
425548,0
176190,0
176190,0
417423,0
228804,0
382705,0
445876,0
300224,0
161080,0
301018,0
396741,0
321346,0
193346,0
265617,0
309477,0
309477,0
281494,0
385714,0
370312,0
370312,0
363936,0
363936,0
105524,0
264362,0
418737,0
393195,0
129143,0
284134,0
122326,0
215225,0
358373,0
358373,0
358373,0
358373,0
358373,0
149518,0
426783,0
396741,0
396741,0
396741,0
150545,0
161167,0
161167,0
455975,0
455975,0
400073,0
354838,0
194689,0
263844,0
263844,0
415194,0
107065,0
206803,0
325135,0
325135,0
250924,0
250924,0
418801,0
418801,0
442192,0
442192,0
107628,0
107628,0
321790,0
321790,0
443380,0
392786,0
392786,0
392786,0
392786,0
191277,0
375934,0
126558,0
126558,0
155665,0
306480,0
306480,0
306480,0
188118,0
101298,0
164538,0
322558,0
322558,0
212979,0
145582,0
145582,0
145582,0
381420,0
416117,0
416117,0
416117,0
416117,0
382127,0
107959,0
111296,0
371289,0
371289,0
371289,0
371289,0
371289,0
407745,0
407745,0
366015,0
374950,0
227712,0
227712,0
255246,0
186504,0
156962,0
156962,0
156962,0
410895,0
376037,0
149882,0
141448,0
141448,0
397609,0
397609,0
397609,0
397609,0
397609,0
249162,0
249162,0
160868,0
160868,0
160868,0
160868,0
160868,0
338341,0
338341,0
314323,0
314323,0
128125,0
128125,0
143528,0
200250,0
398037,0
197818,0
343891,0
343891,0
343891,0
343891,0
343891,0
353553,0
412156,0
282684,0
363604,0
269815,0
154907,0
154907,0
258521,0
258521,0
322036,0
385281,0
150557,0
373295,0
199894,0
199894,0
269355,0
285495,0
285495,0
258848,0
430023,0
270631,0
270631,0
443699,0
443699,0
381577,0
138982,0
104317,0
104317,0
233265,0
233265,0
121001,0
408979,0
408979,0
115887,0
290367,0
290367,0
290367,0
290367,0
111586,0
424976,0
171563,0
372630,0
372630,0
255716,0
370823,0
370823,0
109956,0
319515,0
415766,0
196389,0
255946,0
255946,0
441416,0
441416,0
420556,0
265028,0
229116,0
229116,0
229116,0
258238,0
316651,0
393715,0
393715,0
393715,0
393715,0
393715,0
393715,0
398708,0
398708,0
267979,0
267979,0
267979,0
212937,0
404827,0
404827,0
233356,0
320142,0
320142,0
320142,0
449285,0
143023,0
143023,0
143023,0
148951,0
448317,0
164124,0
269992,0
422194,0
223709,0
123500,0
123500,0
123500,0
125986,0
423200,0
308808,0
357114,0
418949,0
401494,0
311266,0
311266,0
233705,0
233531,0
317993,0
317993,0
376817,0
376817,0
318056,0
416839,0
416839,0
416839,0
416839,0
416839,0
340768,0
135570,0
135570,0
135570,0
358650,0
358650,0
266912,0
266912,0
212959,0
212959,0
212959,0
212959,0
150615,0
191009,0
191009,0
445239,0
177483,0
177483,0
177483,0
177483,0
440451,0
131323,0
176236,0
176236,0
176236,0
176236,0
296950,0
296950,0
296950,0
436526,0
436526,0
436526,0
135788,0
280809,0
101962,0
185677,0
389819,0
291309,0
339596,0
336243,0
336243,0
336243,0
210928,0
210928,0
362795,0
353468,0
432415,0
432415,0
127560,0
409067,0
409067,0
305057,0
358932,0
358932,0
172931,0
383943,0
383943,0
312653,0
183471,0
183471,0
183471,0
328452,0
328452,0
439581,0
199227,0
315713,0
315713,0
279717,0
279717,0
382434,0
382434,0
155027,0
191720,0
271036,0
271036,0
271036,0
150765,0
351655,0
351655,0
415402,0
376738,0
376738,0
376738,0
376738,0
417403,0
417403,0
261231,0
261231,0
451710,0
207704,0
435121,0
166445,0
116955,0
116955,0
116955,0
192874,0
101137,0
101137,0
168114,0
338615,0
221339,0
221339,0
243194,0
422830,0
258012,0
258012,0
258012,0
205474,0
205474,0
208002,0
208002,0
377397,0
377397,0
384284,0
142912,0
241812,0
241812,0
177636,0
200551,0
220298,0
220298,0
370244,0
347568,0
300249,0
193425,0
114028,0
114028,0
283138,0
448223,0
448223,0
448223,0
246182,0
246182,0
427028,0
427028,0
197649,0
334329,0
197520,0
433221,0
403980,0
403980,0
403980,0
384485,0
177410,0
177410,0
100317,0
219401,0
219401,0
219401,0
219401,0
312426,0
394715,0
348709,0
348709,0
214174,0
252180,0
280226,0
355325,0
355325,0
445954,0
285109,0
408787,0
207804,0
256721,0
340432,0
234938,0
234938,0
180452,0
180452,0
180452,0
396894,0
396894,0
183809,0
179185,0
223110,0
268374,0
334729,0
334729,0
334729,0
334729,0
334729,0
240119,0
119363,0
302401,0
331596,0
409858,0
409858,0
337392,0
166183,0
141221,0
141221,0
316774,0
138149,0
138149,0
138149,0
387141,0
427382,0
195223,0
195223,0
389796,0
149509,0
149509,0
232860,0
416850,0
266032,0
266032,0
266032,0
387966,0
387966,0
387966,0
100176,0
254431,0
128263,0
128263,0
128263,0
128263,0
128263,0
128263,0
195905,0
418081,0
213637,0
396275,0
396275,0
338702,0
244767,0
145703,0
145703,0
117399,0
122018,0
182824,0
360273,0
161078,0
197774,0
197774,0
197774,0
203565,0
175886,0
175886,0
175886,0
175886,0
308349,0
418264,0
106207,0
276206,0
276206,0
246549,0
184415,0
303045,0
303045,0
403524,0
264279,0
206739,0
206739,0
151304,0
236556,0
418658,0
428612,0
197053,0
175967,0
165353,0
358540,0
339814,0
416115,0
330118,0
330118,0
322587,0
330577,0
138571,0
245365,0
245365,0
451106,0
451106,0
285527,0
285527,0
294809,0
216681,0
329876,0
153801,0
421920,0
173747,0
333188,0
107893,0
124851,0
342811,0
342811,0
342811,0
342811,0
342811,0
312172,0
328719,0
328719,0
328719,0
363196,0
363196,0
363196,0
363196,0
322233,0
257210,0
127589,0
402252,0
215314,0
187441,0
412544,0
235982,0
328639,0
288337,0
288337,0
288337,0
130087,0
338281,0
338281,0
291095,0
285767,0
285767,0
306396,0
306396,0
302615,0
439728,0
252585,0
154872,0
339863,0
444692,0
444692,0
444692,0
444692,0
444692,0
261462,0
289573,0
150788,0
424873,0
424873,0
434926,0
385165,0
361447,0
361447,0
230634,0
159865,0
314591,0
261597,0
261597,0
173532,0
173532,0
227011,0
151836,0
303779,0
140065,0
140065,0
237026,0
310250,0
310250,0
358599,0
358599,0
147971,0
274627,0
130485,0
152225,0
435752,0
435752,0
435752,0
435752,0
435752,0
359614,0
359614,0
359614,0
277898,0
277898,0
267849,0
342830,0
158037,0
353507,0
353507,0
353507,0
353507,0
354813,0
315813,0
446023,0
272857,0
272857,0
418474,0
184962,0
384003,0
363298,0
311515,0
311515,0
220596,0
310619,0
155007,0
101652,0
235711,0
130611,0
130611,0
185687,0
233687,0
281959,0
356493,0
206251,0
206251,0
111942,0
111942,0
111942,0
111942,0
111942,0
113730,0
106011,0
203180,0
203180,0
251610,0
251610,0
320548,0
445520,0
313449,0
313449,0
313449,0
313449,0
340144,0
153142,0
344558,0
158389,0
158389,0
158389,0
158389,0
177791,0
155480,0
242585,0
319130,0
145160,0
207955,0
440784,0
165417,0
198536,0
198536,0
250785,0
279696,0
208513,0
191091,0
191091,0
334536,0
334536,0
103800,0
247700,0
247700,0
247700,0
268418,0
391315,0
347549,0
347549,0
347549,0
233905,0
116762,0
386581,0
386581,0
366275,0
429056,0
368650,0
368650,0
204430,0
378559,0
399135,0
399135,0
399135,0
264775,0
264775,0
373276,0
373276,0
275048,0
157596,0
157596,0
157596,0
157596,0
157596,0
284328,0
284328,0
284328,0
236626,0
382807,0
382807,0
202664,0
260131,0
260131,0
205792,0
205792,0
280881,0
418477,0
445552,0
244398,0
244398,0
432677,0
157433,0
157433,0
157433,0
348726,0
315254,0
315254,0
288558,0
452950,0
452950,0
162608,0
162608,0
361478,0
303058,0
303058,0
303058,0
357644,0
357644,0
248039,0
248039,0
248039,0
217976,0
392438,0
392438,0
392438,0
219310,0
356460,0
328149,0
328149,0
176033,0
176033,0
425627,0
222750,0
294794,0
294794,0
294794,0
278828,0
278828,0
193425,0
193425,0
275174,0
275174,0
210730,0
318026,0
296262,0
441714,0
441714,0
194322,0
349414,0
349414,0
349414,0
349414,0
349414,0
303612,0
310754,0
310754,0
189883,0
374869,0
335207,0
255933,0
280101,0
183809,0
373170,0
375907,0
375907,0
375907,0
162136,0
305328,0
143070,0
267017,0
182851,0
103803,0
103803,0
103803,0
243513,0
243513,0
111023,0
307475,0
307475,0
182889,0
387580,0
387580,0
221374,0
154458,0
154458,0
154458,0
396692,0
396692,0
199224,0
199224,0
418344,0
418344,0
190992,0
263505,0
263505,0
263505,0
104620,0
166892,0
188831,0
198128,0
219003,0
219003,0
219003,0
219003,0
219003,0
185286,0
185286,0
171042,0
426703,0
298255,0
298255,0
133975,0
133975,0
171030,0
223015,0
253574,0
441376,0
134628,0
134628,0
421362,0
414122,0
414122,0
414122,0
422841,0
450967,0
450967,0
346936,0
166191,0
323958,0
323958,0
287978,0
287978,0
287978,0
201677,0
272012,0
149622,0
275121,0
275121,0
212846,0
212846,0
212846,0
149820,0
149820,0
149820,0
149820,0
149820,0
149820,0
384864,0
384864,0
322624,0
322624,0
160373,0
281241,0
281241,0
347434,0
365906,0
365906,0
365906,0
102110,0
409944,0
409944,0
177222,0
395009,0
380412,0
311040,0
425834,0
235585,0
437666,0
387562,0
387562,0
364649,0
364649,0
435819,0
339794,0
339794,0
249349,0
402989,0
212004,0
385341,0
160501,0
167067,0
167067,0
158759,0
158759,0
156397,0
156397,0
446627,0
446627,0
214455,0
231633,0
109135,0
134584,0
367791,0
222531,0
252066,0
323645,0
323645,0
352898,0
383118,0
383118,0
393009,0
274184,0
410546,0
147521,0
147521,0
147521,0
257409,0
402272,0
367388,0
342628,0
207326,0
224684,0
169281,0
253625,0
253625,0
431076,0
431076,0
177314,0
177314,0
208401,0
387545,0
214410,0
214410,0
286836,0
286836,0
166753,0
427753,0
427753,0
427753,0
421927,0
350460,0
350460,0
414934,0
448414,0
415407,0
436647,0
377104,0
377104,0
314801,0
241666,0
176954,0
176954,0
176954,0
456247,0
314487,0
314487,0
107906,0
107906,0
119729,0
119729,0
305777,0
159162,0
159162,0
356268,0
356268,0
334937,0
177316,0
177316,0
322068,0
155566,0
155566,0
275384,0
338401,0
338401,0
455977,0
455977,0
176820,0
149829,0
234909,0
133511,0
400249,0
400249,0
400249,0
400249,0
312172,0
312172,0
152691,0
222048,0
222048,0
349414,0
349414,0
315480,0
315480,0
108838,0
108838,0
108838,0
342952,0
342952,0
123750,0
123750,0
388468,0
388468,0
146967,0
146967,0
118995,0
118995,0
132107,0
357757,0
306996,0
306996,0
363618,0
122413,0
122413,0
426474,0
426474,0
347818,0
199507,0
199507,0
367915,0
367915,0
367915,0
367915,0
367915,0
318267,0
198795,0
198795,0
198795,0
370703,0
353877,0
332435,0
332435,0
332435,0
283185,0
283185,0
283185,0
198760,0
198760,0
198109,0
198109,0
268005,0
267951,0
267951,0
267951,0
209520,0
209520,0
209520,0
316600,0
163220,0
163220,0
278623,0
211869,0
211869,0
375805,0
375805,0
442073,0
442073,0
168052,0
168052,0
361000,0
170620,0
170620,0
170620,0
170620,0
447405,0
261673,0
244657,0
244657,0
208971,0
208971,0
207925,0
110557,0
374015,0
306314,0
126842,0
126842,0
430399,0
293126,0
152898,0
152898,0
227046,0
227046,0
450885,0
344562,0
195969,0
194638,0
384026,0
388319,0
124395,0
413627,0
119019,0
217069,0
392249,0
201644,0
421255,0
288068,0
288068,0
400616,0
372534,0
340185,0
371871,0
265407,0
109635,0
109635,0
109635,0
386449,0
264824,0
264824,0
342907,0
393715,0
416248,0
118459,0
290266,0
353438,0
202324,0
342952,0
342952,0
342952,0
342952,0
267141,0
314706,0
297290,0
297290,0
129728,0
129728,0
129728,0
149278,0
442722,0
442722,0
442722,0
450842,0
450842,0
450842,0
345791,0
345791,0
334323,0
339932,0
127368,0
291349,0
291349,0
422599,0
252417,0
193897,0
108558,0
108558,0
152468,0
152468,0
435350,0
348618,0
348618,0
335796,0
196316,0
231593,0
258012,0
258012,0
421319,0
261529,0
333080,0
286318,0
230512,0
229657,0
211148,0
105594,0
342523,0
202911,0
193971,0
193971,0
208767,0
225890,0
300058,0
349155,0
186319,0
186319,0
186319,0
106838,0
160157,0
160157,0
128975,0
346856,0
346856,0
358119,0
358119,0
143791,0
378653,0
378653,0
378653,0
296503,0
253939,0
111526,0
111526,0
112061,0
153325,0
248586,0
248586,0
248586,0
236313,0
288478,0
288478,0
283836,0
382449,0
382449,0
382449,0
382449,0
382449,0
394715,0
132797,0
132797,0
162647,0
162647,0
162647,0
162647,0
162647,0
123004,0
123004,0
123004,0
369896,0
369896,0
179765,0
100316,0
320994,0
166937,0
445232,0
283169,0
110432,0
189338,0
189338,0
210443,0
267849,0
216143,0
323784,0
323784,0
280959,0
325760,0
431763,0
431763,0
431763,0
224206,0
282875,0
384589,0
188157,0
188157,0
326103,0
433593,0
308387,0
313069,0
313069,0
313069,0
388891,0
415007,0
415007,0
415007,0
415007,0
127686,0
267588,0
418027,0
418027,0
392280,0
132450,0
320761,0
164733,0
164733,0
252823,0
441946,0
441946,0
164867,0
138087,0
138087,0
138087,0
317781,0
406554,0
373447,0
137960,0
137960,0
382008,0
286943,0
286943,0
385006,0
385006,0
385006,0
150180,0
200300,0
379673,0
152191,0
257381,0
127575,0
356965,0
356965,0
345200,0
371394,0
426472,0
336998,0
336998,0
340951,0
343934,0
343934,0
179427,0
395857,0
353582,0
353582,0
353582,0
451692,0
286870,0
421920,0
275001,0
351648,0
150031,0
394785,0
347848,0
157631,0
230083,0
351763,0
387424,0
345886,0
345886,0
288068,0
368242,0
161614,0
269867,0
269867,0
214109,0
284505,0
284505,0
184098,0
211869,0
109946,0
109946,0
330611,0
330611,0
248406,0
215293,0
215293,0
184091,0
163369,0
418004,0
347015,0
347015,0
347015,0
347015,0
347015,0
347015,0
455593,0
364134,0
364134,0
364134,0
434954,0
452679,0
292600,0
259741,0
259741,0
451206,0
100917,0
384757,0
384757,0
274992,0
274992,0
101461,0
287537,0
129293,0
254640,0
256655,0
163041,0
382385,0
185807,0
140026,0
207323,0
207323,0
207323,0
218246,0
129296,0
448210,0
276558,0
337787,0
405297,0
292512,0
238366,0
409406,0
409406,0
409406,0
348951,0
394449,0
161155,0
120737,0
120737,0
352301,0
352301,0
245915,0
214419,0
128878,0
157891,0
120246,0
120246,0
450179,0
266556,0
161841,0
312957,0
312957,0
312957,0
128200,0
251217,0
103522,0
103522,0
275085,0
237867,0
224175,0
224175,0
224175,0
356633,0
176705,0
125609,0
125609,0
196695,0
196695,0
372855,0
311118,0
181933,0
181933,0
243250,0
243250,0
430188,0
430188,0
430188,0
390568,0
390568,0
390568,0
390568,0
309171,0
256439,0
256439,0
383920,0
383920,0
388891,0
236282,0
236282,0
153142,0
157968,0
336111,0
305416,0
425390,0
425390,0
425390,0
425390,0
336091,0
204177,0
296683,0
296683,0
296683,0
317960,0
360435,0
360435,0
359152,0
359152,0
250314,0
402212,0
450885,0
397404,0
144329,0
427318,0
386116,0
221807,0
424960,0
290266,0
357144,0
130658,0
321514,0
321514,0
337978,0
217028,0
325207,0
286390,0
286390,0
181378,0
181378,0
223999,0
303045,0
226462,0
136764,0
136764,0
348497,0
348497,0
348497,0
226464,0
321500,0
230376,0
304815,0
154193,0
154193,0
315621,0
428532,0
428532,0
184089,0
347989,0
347989,0
347989,0
377812,0
451274,0
160247,0
385986,0
385986,0
252688,0
222006,0
222006,0
222006,0
222006,0
234289,0
112568,0
289156,0
439012,0
439012,0
157270,0
118124,0
118124,0
118124,0
122875,0
122875,0
141775,0
371349,0
203277,0
203277,0
203277,0
203277,0
137586,0
137586,0
137586,0
332398,0
332398,0
224406,0
293924,0
293924,0
100797,0
361846,0
361846,0
103900,0
103900,0
103900,0
134618,0
107067,0
426785,0
192735,0
196655,0
196655,0
196655,0
123962,0
384210,0
384210,0
384210,0
265193,0
265193,0
219491,0
219491,0
361372,0
361372,0
293777,0
284387,0
361490,0
287262,0
287262,0
287262,0
231147,0
231147,0
185594,0
185594,0
185594,0
185594,0
442950,0
258259,0
258259,0
195246,0
278021,0
331643,0
423304,0
394616,0
186319,0
407315,0
427588,0
281942,0
428623,0
453005,0
391519,0
391519,0
313414,0
437353,0
333141,0
333141,0
333141,0
331791,0
331791,0
121810,0
121810,0
121810,0
372036,0
372036,0
158643,0
158643,0
426258,0
426258,0
426258,0
210980,0
210980,0
210980,0
210980,0
214041,0
288777,0
313069,0
216681,0
267985,0
267985,0
267985,0
267985,0
267985,0
267985,0
267985,0
267985,0
267985,0
166526,0
244582,0
183764,0
375866,0
375866,0
375866,0
375866,0
375866,0
375866,0
414028,0
164032,0
320779,0
151094,0
413870,0
283343,0
376318,0
328497,0
328497,0
328497,0
286749,0
207801,0
207801,0
129529,0
383392,0
383392,0
436929,0
436929,0
436929,0
436929,0
455903,0
285306,0
285306,0
285306,0
285306,0
355058,0
177709,0
177709,0
409538,0
400535,0
339418,0
339418,0
351469,0
320944,0
441461,0
336940,0
158163,0
158163,0
332955,0
332955,0
216681,0
216681,0
244962,0
322631,0
322631,0
348950,0
348950,0
296232,0
296232,0
264782,0
402475,0
391061,0
391061,0
188366,0
360817,0
436073,0
172054,0
228214,0
253133,0
253133,0
253133,0
253133,0
253133,0
253133,0
253133,0
254625,0
254625,0
106207,0
144813,0
415527,0
375054,0
375054,0
375054,0
375054,0
385348,0
385348,0
414934,0
414934,0
414934,0
167447,0
167447,0
167447,0
167447,0
299427,0
138225,0
138225,0
441911,0
381724,0
191824,0
191824,0
191824,0
388613,0
245963,0
135834,0
118323,0
133529,0
137554,0
137554,0
194577,0
338830,0
338830,0
165621,0
165621,0
165621,0
271615,0
354442,0
294517,0
424340,0
184362,0
214697,0
148857,0
148857,0
228444,0
268497,0
268497,0
268497,0
192538,0
271192,0
378207,0
378207,0
141850,0
273609,0
273609,0
304630,0
355396,0
277614,0
277614,0
277614,0
273916,0
273916,0
335180,0
335180,0
117635,0
391371,0
418707,0
354616,0
416258,0
211650,0
211650,0
244856,0
115059,0
308927,0
275004,0
275004,0
139599,0
446400,0
142621,0
142621,0
334363,0
450643,0
168499,0
371762,0
371762,0
168106,0
314660,0
187380,0
235563,0
270362,0
189517,0
189517,0
111184,0
116496,0
418587,0
418587,0
418587,0
222071,0
222071,0
258307,0
258307,0
427062,0
427062,0
431357,0
431357,0
431357,0
233852,0
451368,0
229933,0
189392,0
427497,0
187138,0
187138,0
277078,0
277078,0
223044,0
248753,0
248753,0
262131,0
262131,0
262131,0
222556,0
139025,0
139025,0
168287,0
168287,0
184727,0
161994,0
161994,0
291903,0
316721,0
138982,0
138982,0
378937,0
378937,0
378937,0
234204,0
323193,0
323193,0
305321,0
313501,0
313501,0
146569,0
161870,0
161870,0
161870,0
113478,0
113478,0
200739,0
181392,0
181392,0
181392,0
426666,0
426666,0
117660,0
117660,0
117660,0
268873,0
437322,0
437322,0
437322,0
113286,0
113286,0
243194,0
213646,0
158800,0
158800,0
425331,0
227046,0
275016,0
275016,0
275016,0
454079,0
454079,0
304947,0
304947,0
428601,0
428601,0
327612,0
310878,0
310878,0
342723,0
342723,0
342723,0
419728,0
419728,0
209461,0
209461,0
446581,0
333238,0
129640,0
129640,0
455496,0
455496,0
455496,0
455496,0
323479,0
323479,0
323479,0
363625,0
413072,0
413072,0
434411,0
170351,0
162479,0
116113,0
208132,0
303876,0
360615,0
360615,0
116728,0
116728,0
178449,0
168633,0
186150,0
265634,0
265634,0
265634,0
249780,0
338702,0
124826,0
124826,0
144510,0
106851,0
445181,0
445181,0
155173,0
267818,0
267818,0
267818,0
109843,0
249595,0
154522,0
154522,0
400688,0
290032,0
186218,0
186218,0
371978,0
104753,0
214021,0
214021,0
290740,0
125912,0
455708,0
406962,0
406962,0
454483,0
287012,0
282930,0
189965,0
172542,0
100417,0
282633,0
312950,0
413276,0
200418,0
172605,0
417421,0
417421,0
417421,0
417421,0
417421,0
417421,0
443353,0
425782,0
144649,0
342347,0
342347,0
127953,0
348146,0
306989,0
181592,0
159865,0
159865,0
279037,0
279037,0
279037,0
208458,0
254439,0
258198,0
143720,0
355352,0
355352,0
355352,0
355352,0
355352,0
355352,0
422112,0
291858,0
454499,0
454499,0
275470,0
307564,0
307564,0
307564,0
307564,0
232860,0
304789,0
374504,0
335797,0
415739,0
330981,0
223085,0
203080,0
287100,0
426187,0
426187,0
426187,0
138386,0
104942,0
104942,0
104942,0
104942,0
104942,0
104942,0
310414,0
126582,0
126582,0
264782,0
264782,0
334285,0
193985,0
380199,0
431825,0
431825,0
342162,0
342162,0
191092,0
190474,0
332677,0
354948,0
358410,0
190344,0
190344,0
162144,0
226862,0
217057,0
169479,0
221998,0
221998,0
301662,0
301662,0
203352,0
157018,0
157018,0
153117,0
240304,0
423182,0
284813,0
317460,0
296812,0
296812,0
429798,0
309229,0
129804,0
129804,0
342578,0
366965,0
366965,0
366965,0
344200,0
229699,0
277946,0
277946,0
161167,0
182627,0
182627,0
111671,0
111671,0
338109,0
352621,0
352621,0
417176,0
278113,0
414033,0
170662,0
170662,0
348530,0
198259,0
372450,0
370486,0
303215,0
216237,0
216237,0
262196,0
262196,0
363159,0
402268,0
402268,0
134508,0
303150,0
108834,0
406607,0
406607,0
192437,0
163904,0
209501,0
209501,0
321595,0
355396,0
127997,0
308597,0
178467,0
269943,0
110246,0
122582,0
122582,0
383299,0
279652,0
279652,0
279652,0
436563,0
436563,0
436563,0
243859,0
243859,0
243859,0
242464,0
113327,0
149378,0
149378,0
149378,0
138978,0
400981,0
128830,0
428970,0
126237,0
126237,0
276222,0
276222,0
276222,0
445712,0
419279,0
208555,0
102372,0
258894,0
258894,0
158073,0
158073,0
328099,0
375606,0
375606,0
360549,0
360549,0
360549,0
360549,0
341604,0
398056,0
398056,0
398056,0
176891,0
434553,0
434553,0
168106,0
168106,0
329965,0
137925,0
271954,0
174453,0
174453,0
370723,0
370723,0
370723,0
370723,0
105330,0
168388,0
168388,0
343799,0
343799,0
118229,0
362630,0
362630,0
362630,0
362630,0
174003,0
174003,0
174003,0
342815,0
332614,0
406733,0
106458,0
224141,0
191284,0
191284,0
305248,0
246513,0
241186,0
286126,0
286126,0
286126,0
447043,0
447043,0
439891,0
233339,0
233339,0
233339,0
151778,0
151778,0
243696,0
416115,0
147932,0
164981,0
164981,0
164981,0
164981,0
280189,0
168052,0
242325,0
115618,0
115618,0
115618,0
115618,0
228033,0
228033,0
284927,0
284927,0
290370,0
290370,0
290370,0
159005,0
128132,0
236173,0
304842,0
304842,0
304842,0
155198,0
416287,0
248413,0
248413,0
248413,0
370485,0
320142,0
150159,0
212976,0
274213,0
218438,0
397409,0
397409,0
241723,0
432340,0
353779,0
180178,0
180178,0
282897,0
282897,0
282897,0
323781,0
323781,0
381420,0
382413,0
382413,0
382413,0
454694,0
341234,0
107194,0
107194,0
234238,0
276758,0
204552,0
204857,0
133802,0
363747,0
363747,0
363747,0
363747,0
295750,0
295750,0
295750,0
106311,0
197514,0
111556,0
381910,0
353930,0
367025,0
141035,0
141035,0
219095,0
219095,0
219095,0
233763,0
128089,0
302945,0
204638,0
387787,0
287686,0
414646,0
414646,0
414646,0
323784,0
202360,0
124759,0
148127,0
148127,0
148127,0
266720,0
206101,0
413336,0
100397,0
418615,0
133742,0
321196,0
321196,0
116259,0
116259,0
307005,0
119059,0
441714,0
453319,0
453319,0
156085,0
381184,0
257541,0
115231,0
277915,0
177368,0
184673,0
353146,0
411166,0
207801,0
103803,0
254574,0
310550,0
414694,0
389930,0
243272,0
243272,0
424031,0
328844,0
113534,0
222425,0
272713,0
453984,0
263023,0
207879,0
398680,0
377613,0
152880,0
163957,0
392865,0
118948,0
379176,0
343891,0
255612,0
340986,0
121280,0
362410,0
401653,0
234002,0
319870,0
125488,0
211012,0
387562,0
364958,0
197754,0
432284,0
386213,0
377162,0
349734,0
139315,0
152191,0
349207,0
126997,0
451686,0
284328,0
308374,0
240214,0
355056,0
209717,0
454067,0
105093,0
105093,0
362375,0
431340,0
248317,0
115486,0
333049,0
333049,0
376726,0
370886,0
273991,0
273991,0
273991,0
273991,0
106419,0
106419,0
106419,0
399358,0
185963,0
416144,0
315610,0
123018,0
123018,0
418658,0
418658,0
221496,0
221496,0
178852,0
292239,0
292239,0
400440,0
329272,0
421830,0
218044,0
218044,0
218044,0
414500,0
117862,0
117862,0
393536,0
393536,0
184071,0
386406,0
427035,0
427035,0
244141,0
244590,0
301976,0
301976,0
300967,0
146369,0
146369,0
146369,0
283134,0
299743,0
299743,0
395466,0
266571,0
156288,0
396940,0
368861,0
368861,0
217038,0
242244,0
254625,0
254625,0
254625,0
113728,0
363936,0
363936,0
363936,0
363936,0
363936,0
131973,0
221327,0
128317,0
260172,0
115782,0
115782,0
116687,0
357916,0
150033,0
150033,0
150033,0
261654,0
261654,0
184041,0
427820,0
427820,0
426142,0
426142,0
426142,0
253866,0
189123,0
108568,0
108568,0
131696,0
398834,0
379067,0
214965,0
287688,0
287688,0
337722,0
313783,0
155982,0
187374,0
394320,0
214145,0
355639,0
355639,0
195466,0
118742,0
428276,0
171087,0
453740,0
376212,0
376212,0
376212,0
445503,0
177459,0
419143,0
214299,0
425110,0
200527,0
353467,0
299317,0
299317,0
268856,0
268856,0
268856,0
453056,0
453056,0
223921,0
340774,0
340774,0
102660,0
171874,0
292899,0
292899,0
162540,0
162540,0
162540,0
187871,0
121235,0
121235,0
372901,0
220918,0
141234,0
294354,0
130220,0
330984,0
330984,0
330984,0
330984,0
295145,0
384158,0
384158,0
329842,0
234555,0
440461,0
440461,0
440461,0
422360,0
288429,0
350371,0
350371,0
268547,0
333805,0
333805,0
296806,0
296806,0
230966,0
368617,0
368617,0
196801,0
265039,0
179834,0
179834,0
312979,0
140945,0
383224,0
383224,0
383224,0
383359,0
383359,0
420195,0
430275,0
150061,0
140402,0
140402,0
327559,0
391729,0
316515,0
370872,0
413900,0
107101,0
329051,0
329051,0
221580,0
450016,0
450016,0
450016,0
114707,0
136016,0
136016,0
209757,0
209757,0
209757,0
209757,0
418027,0
175008,0
175008,0
176633,0
176633,0
176633,0
145666,0
297221,0
355730,0
355730,0
355730,0
220688,0
154742,0
105439,0
198730,0
356134,0
270458,0
113896,0
361082,0
361082,0
154907,0
154907,0
154907,0
174506,0
336072,0
336072,0
336072,0
128477,0
128477,0
128477,0
128477,0
128477,0
444698,0
238453,0
229791,0
255591,0
310371,0
310371,0
335128,0
425850,0
440819,0
440819,0
267456,0
144838,0
144838,0
220399,0
252853,0
249024,0
249024,0
376807,0
383446,0
383446,0
383446,0
389929,0
257381,0
148634,0
148634,0
114762,0
114762,0
388152,0
313622,0
225266,0
163526,0
110556,0
110556,0
314372,0
300273,0
439569,0
443984,0
443984,0
178322,0
162393,0
162393,0
303601,0
278584,0
158388,0
389559,0
109223,0
362837,0
158945,0
377788,0
220748,0
220748,0
421227,0
349476,0
349476,0
252882,0
384367,0
384367,0
324518,0
115028,0
332730,0
285043,0
106660,0
437154,0
430809,0
433233,0
212851,0
212851,0
212851,0
240737,0
300827,0
306585,0
212365,0
125206,0
302275,0
267074,0
400096,0
236150,0
236150,0
312683,0
312683,0
312683,0
312683,0
164731,0
263359,0
263359,0
309099,0
345599,0
263254,0
389583,0
366711,0
366711,0
449295,0
305734,0
305734,0
305734,0
286923,0
111762,0
305147,0
305147,0
137338,0
137338,0
108028,0
108028,0
304562,0
116388,0
274447,0
274447,0
157352,0
134064,0
359855,0
359855,0
359855,0
359855,0
359855,0
395239,0
439371,0
438032,0
438032,0
271634,0
279487,0
163696,0
302823,0
302823,0
302823,0
173913,0
173913,0
173913,0
302403,0
375513,0
356067,0
356067,0
356067,0
242346,0
397300,0
169626,0
242752,0
409595,0
380016,0
306054,0
306054,0
394779,0
121434,0
121434,0
387413,0
189734,0
189734,0
266491,0
137552,0
227371,0
133458,0
263501,0
263501,0
263501,0
306396,0
196071,0
348835,0
348835,0
386210,0
356107,0
364069,0
364069,0
338593,0
338593,0
180088,0
331753,0
358198,0
309964,0
433796,0
315871,0
371127,0
276990,0
415078,0
121798,0
109393,0
109393,0
403907,0
432618,0
432618,0
294445,0
294445,0
386160,0
302287,0
302287,0
444392,0
230930,0
137817,0
137817,0
137817,0
176355,0
398578,0
340903,0
190591,0
190591,0
197169,0
428254,0
428254,0
428254,0
253218,0
246390,0
246390,0
246390,0
314234,0
354226,0
452415,0
299897,0
299897,0
299897,0
372423,0
162028,0
381220,0
328558,0
265545,0
265545,0
358854,0
444984,0
163992,0
163992,0
352741,0
422913,0
157100,0
157100,0
313026,0
198441,0
326076,0
120259,0
132527,0
132527,0
444753,0
312663,0
312663,0
138276,0
154516,0
430467,0
120464,0
407486,0
221247,0
224860,0
341656,0
438495,0
405087,0
405087,0
359013,0
317974,0
219960,0
114490,0
420402,0
420402,0
420402,0
388192,0
243844,0
243844,0
422301,0
370355,0
376813,0
376813,0
237821,0
201864,0
201864,0
397815,0
397815,0
184221,0
382399,0
382399,0
382399,0
332438,0
332438,0
302705,0
302705,0
377668,0
278132,0
397074,0
322024,0
289211,0
289211,0
110141,0
451354,0
429139,0
429139,0
429139,0
429139,0
281496,0
281496,0
281496,0
385706,0
385706,0
385706,0
420003,0
221846,0
333804,0
333804,0
333804,0
274745,0
127725,0
155631,0
137717,0
176355,0
187740,0
122424,0
122424,0
273865,0
273865,0
383230,0
240838,0
416258,0
211313,0
211313,0
211313,0
425225,0
291180,0
305038,0
272500,0
139686,0
403771,0
279254,0
279254,0
173000,0
210376,0
210376,0
116801,0
116801,0
439771,0
439771,0
213250,0
355299,0
355299,0
355299,0
355948,0
355948,0
245151,0
271151,0
271151,0
263039,0
263039,0
263039,0
312604,0
312604,0
312604,0
312604,0
445169,0
120629,0
120629,0
120629,0
277952,0
277952,0
277952,0
363695,0
352910,0
190555,0
120696,0
310622,0
358128,0
358128,0
362287,0
362287,0
442367,0
245875,0
141420,0
141420,0
206903,0
216344,0
216344,0
327371,0
327371,0
399039,0
428825,0
200311,0
342472,0
202872,0
388928,0
388928,0
388928,0
248533,0
359962,0
203899,0
203899,0
203899,0
203899,0
401598,0
131165,0
131165,0
131165,0
212074,0
386249,0
448615,0
445552,0
453229,0
185864,0
185864,0
418022,0
200292,0
168682,0
298457,0
273103,0
273103,0
147941,0
147941,0
418483,0
197053,0
197053,0
122381,0
235675,0
292450,0
388430,0
100145,0
173756,0
403095,0
154803,0
266720,0
336855,0
254827,0
322013,0
390126,0
376163,0
178732,0
269914,0
292899,0
369448,0
235186,0
235186,0
151001,0
151001,0
151001,0
151001,0
151001,0
107252,0
260726,0
212015,0
351706,0
193178,0
289700,0
289700,0
289700,0
452950,0
452950,0
433097,0
185737,0
142444,0
142444,0
290557,0
290557,0
431594,0
431594,0
324799,0
324799,0
324799,0
324799,0
114041,0
118554,0
118554,0
277891,0
277891,0
404630,0
404630,0
312979,0
326382,0
326382,0
326382,0
326382,0
260480,0
156988,0
309387,0
309387,0
313260,0
424306,0
208842,0
112204,0
365556,0
450684,0
450684,0
450684,0
393955,0
100802,0
366965,0
420878,0
420878,0
152717,0
346662,0
346662,0
274303,0
403066,0
144526,0
157100,0
108078,0
108078,0
108078,0
368828,0
131335,0
390788,0
390788,0
326994,0
387621,0
407588,0
407588,0
301363,0
255460,0
255460,0
266848,0
224958,0
120737,0
209235,0
141924,0
201344,0
201344,0
110246,0
110246,0
285531,0
439067,0
372648,0
252776,0
252776,0
399951,0
171801,0
171801,0
116513,0
313727,0
161139,0
356857,0
356857,0
356857,0
356857,0
175065,0
113060,0
353150,0
191153,0
449482,0
381510,0
206208,0
369655,0
369655,0
266948,0
277695,0
277695,0
125146,0
125146,0
125146,0
322324,0
272413,0
272413,0
272413,0
379531,0
379531,0
305339,0
101583,0
401683,0
401683,0
367912,0
265682,0
265682,0
265682,0
113411,0
113411,0
255403,0
255403,0
175490,0
264254,0
264254,0
266156,0
266156,0
116562,0
145167,0
140209,0
140209,0
140209,0
417303,0
383668,0
383668,0
107258,0
322193,0
417993,0
381926,0
381926,0
381926,0
381926,0
381926,0
294616,0
359728,0
359728,0
141885,0
141885,0
176640,0
355450,0
190329,0
433511,0
249129,0
178297,0
178297,0
178297,0
178297,0
178297,0
370641,0
420156,0
420156,0
187540,0
272488,0
312562,0
403503,0
379549,0
200924,0
223673,0
223673,0
369154,0
207987,0
347102,0
283530,0
125708,0
164767,0
360740,0
360740,0
360740,0
332145,0
203677,0
203677,0
187246,0
293076,0
293076,0
142798,0
202202,0
202202,0
282585,0
282585,0
125722,0
284443,0
284443,0
357974,0
113730,0
332435,0
332435,0
254573,0
104056,0
250302,0
167290,0
167290,0
239860,0
239860,0
239860,0
208072,0
231826,0
183471,0
183471,0
183471,0
169757,0
418693,0
363391,0
330016,0
122330,0
319437,0
302563,0
302563,0
311560,0
311560,0
311560,0
284586,0
284586,0
348608,0
348608,0
348608,0
436115,0
150200,0
449802,0
160954,0
434253,0
434253,0
236473,0
136287,0
136287,0
307701,0
399851,0
380857,0
380857,0
319707,0
319707,0
306678,0
269719,0
269719,0
363132,0
363132,0
363132,0
413121,0
413121,0
413121,0
447505,0
447505,0
166832,0
298797,0
181131,0
392398,0
404631,0
394575,0
394575,0
223723,0
141292,0
141292,0
291320,0
176592,0
176592,0
323701,0
219067,0
409095,0
409095,0
322797,0
326978,0
326978,0
326978,0
326978,0
326978,0
121453,0
244590,0
301120,0
301120,0
146252,0
404798,0
390516,0
390516,0
390516,0
207286,0
207286,0
299343,0
158195,0
385125,0
275457,0
440730,0
278504,0
199660,0
318893,0
296374,0
126238,0
126238,0
126238,0
126238,0
444448,0
201968,0
201968,0
156367,0
189588,0
189588,0
136956,0
151870,0
373972,0
391312,0
220763,0
267084,0
372090,0
349708,0
355108,0
312499,0
312499,0
339080,0
339080,0
339080,0
339080,0
339080,0
229791,0
229791,0
216998,0
216998,0
192997,0
243517,0
323323,0
169947,0
169947,0
303099,0
303099,0
334787,0
289115,0
387919,0
204868,0
204868,0
204868,0
307288,0
246376,0
246376,0
456225,0
118997,0
107846,0
416602,0
395437,0
395437,0
455316,0
339376,0
339376,0
338136,0
112987,0
112987,0
112987,0
112987,0
112987,0
169698,0
169698,0
169698,0
376197,0
228957,0
228957,0
263235,0
399841,0
422806,0
335004,0
238001,0
180441,0
180441,0
313904,0
193520,0
189817,0
245897,0
297174,0
163053,0
163053,0
247520,0
327841,0
407110,0
407110,0
291476,0
342597,0
342597,0
177316,0
177316,0
177316,0
337333,0
264034,0
264034,0
292060,0
176121,0
176121,0
331177,0
218817,0
419817,0
162416,0
295522,0
132552,0
139319,0
210183,0
266081,0
266081,0
266081,0
265690,0
197381,0
391886,0
391886,0
303839,0
412681,0
411527,0
322610,0
148074,0
354178,0
354178,0
450171,0
176747,0
144296,0
400627,0
226022,0
226022,0
339934,0
339934,0
126868,0
126868,0
126868,0
131565,0
257484,0
299657,0
299657,0
310107,0
444112,0
290113,0
249652,0
200551,0
431673,0
431673,0
438220,0
438220,0
332021,0
176162,0
191350,0
287658,0
287658,0
287658,0
342638,0
342638,0
112622,0
112622,0
112622,0
312426,0
407124,0
407124,0
423680,0
357649,0
269180,0
408182,0
392032,0
392032,0
392032,0
392032,0
328807,0
301993,0
301993,0
289369,0
348714,0
141514,0
297789,0
297789,0
385417,0
415143,0
411645,0
411645,0
411645,0
411645,0
411645,0
235822,0
144907,0
109897,0
109897,0
168882,0
304189,0
158713,0
158547,0
331068,0
154141,0
128676,0
128676,0
130585,0
182606,0
182606,0
445772,0
445772,0
344200,0
117358,0
235174,0
340231,0
260603,0
369543,0
345446,0
126081,0
126081,0
422445,0
123749,0
265353,0
265353,0
182356,0
182356,0
233118,0
233118,0
167825,0
167825,0
167825,0
373908,0
373908,0
373908,0
373908,0
127611,0
127611,0
327351,0
327351,0
113272,0
144701,0
370842,0
211195,0
376909,0
229611,0
259741,0
259741,0
259741,0
230200,0
230200,0
230200,0
230200,0
424750,0
191129,0
191129,0
193223,0
193223,0
302075,0
427922,0
362513,0
105008,0
204839,0
450858,0
119964,0
119964,0
297165,0
139342,0
139342,0
139342,0
321208,0
118154,0
118154,0
118154,0
305362,0
305362,0
187479,0
187479,0
187479,0
165058,0
232050,0
232050,0
160410,0
160410,0
396156,0
301888,0
301888,0
301888,0
293280,0
389617,0
389617,0
389617,0
389617,0
317298,0
361905,0
445747,0
380498,0
169423,0
169423,0
169423,0
385172,0
372327,0
199111,0
169671,0
209733,0
209733,0
209733,0
375628,0
375628,0
423207,0
423207,0
176822,0
345450,0
394022,0
394022,0
394022,0
394022,0
394022,0
205348,0
199871,0
199871,0
199871,0
265164,0
265164,0
265164,0
265164,0
265164,0
334727,0
204330,0
212296,0
396369,0
234406,0
388056,0
210481,0
210481,0
210481,0
210481,0
210481,0
273189,0
279729,0
274275,0
308605,0
259943,0
259943,0
281448,0
259117,0
259117,0
259117,0
259117,0
259117,0
259117,0
139635,0
135766,0
135766,0
135766,0
406732,0
406732,0
403975,0
425684,0
171107,0
302420,0
203410,0
203410,0
203410,0
185512,0
185512,0
185512,0
185512,0
185512,0
185512,0
185512,0
185512,0
152767,0
293651,0
241839,0
241839,0
140031,0
418425,0
436062,0
436062,0
331996,0
212433,0
325154,0
325154,0
325154,0
218163,0
273374,0
449514,0
226153,0
226153,0
226153,0
284162,0
211456,0
338170,0
263576,0
405841,0
405841,0
450309,0
116732,0
349414,0
349414,0
361897,0
361897,0
246959,0
246959,0
409125,0
409125,0
295374,0
289448,0
406445,0
318477,0
318477,0
318477,0
318477,0
257360,0
421859,0
378730,0
386337,0
386337,0
338335,0
338335,0
130229,0
130229,0
229184,0
229184,0
251547,0
136832,0
332955,0
332955,0
292044,0
259908,0
371854,0
296090,0
448945,0
251299,0
162868,0
168343,0
386834,0
386834,0
376439,0
449703,0
227566,0
356291,0
356291,0
356291,0
251416,0
101175,0
101175,0
101175,0
101175,0
150942,0
150942,0
430848,0
430848,0
430848,0
265218,0
265218,0
265171,0
265171,0
265171,0
214148,0
242853,0
242853,0
242853,0
242853,0
242853,0
242853,0
242853,0
197588,0
182672,0
182672,0
312683,0
318946,0
318946,0
197381,0
197381,0
197381,0
138096,0
175728,0
175728,0
175728,0
141296,0
397032,0
323069,0
306487,0
419189,0
419189,0
274495,0
274495,0
274495,0
186165,0
349870,0
349870,0
349870,0
221228,0
231993,0
231993,0
231993,0
231993,0
210932,0
109763,0
109763,0
109763,0
109763,0
109763,0
187754,0
253369,0
195668,0
455077,0
408763,0
408763,0
373171,0
270748,0
270748,0
270748,0
270748,0
270748,0
186269,0
310747,0
251383,0
251383,0
168658,0
344131,0
344131,0
441560,0
441560,0
342717,0
342717,0
200780,0
358851,0
358851,0
132089,0
263776,0
263776,0
263776,0
369898,0
138982,0
384384,0
327148,0
150713,0
427447,0
338170,0
128123,0
128123,0
128123,0
223368,0
354831,0
345017,0
131384,0
131384,0
298993,0
194743,0
387254,0
196844,0
196844,0
436340,0
436340,0
436340,0
269687,0
349294,0
191826,0
325575,0
358538,0
226681,0
226681,0
232365,0
232365,0
122166,0
418027,0
418027,0
114421,0
377582,0
129804,0
129804,0
393898,0
122324,0
122324,0
145239,0
342283,0
375293,0
130957,0
195408,0
336986,0
336986,0
130966,0
130966,0
309203,0
309203,0
266070,0
273374,0
273374,0
155482,0
155482,0
213457,0
103533,0
103533,0
103533,0
237139,0
376689,0
376689,0
418181,0
418181,0
132014,0
353324,0
353324,0
290207,0
290207,0
129953,0
216745,0
216745,0
391323,0
391323,0
268418,0
268418,0
268418,0
200455,0
200455,0
145703,0
145703,0
455984,0
233745,0
377449,0
377449,0
192904,0
192904,0
276929,0
314401,0
314401,0
314401,0
190675,0
190675,0
147351,0
147351,0
157894,0
231601,0
305026,0
247571,0
434333,0
210641,0
128905,0
197348,0
193516,0
222270,0
319666,0
319666,0
319666,0
319666,0
454551,0
105665,0
105665,0
417411,0
309846,0
197256,0
454499,0
233023,0
233023,0
132702,0
132702,0
132702,0
132702,0
275085,0
328065,0
355539,0
355539,0
355539,0
331291,0
331291,0
417510,0
417510,0
204929,0
204929,0
435085,0
416287,0
259457,0
215718,0
215718,0
371527,0
291974,0
310180,0
310180,0
287248,0
168311,0
193424,0
193424,0
436344,0
452590,0
452590,0
354725,0
354725,0
140279,0
179675,0
179675,0
179675,0
363736,0
363736,0
347446,0
232641,0
294220,0
224379,0
221950,0
410491,0
249865,0
343718,0
343718,0
343718,0
418635,0
418635,0
418635,0
450542,0
324667,0
324667,0
305559,0
415557,0
113290,0
348766,0
348766,0
348766,0
215347,0
215347,0
215347,0
173109,0
173109,0
173109,0
173109,0
237494,0
222053,0
443353,0
455370,0
455370,0
219509,0
101018,0
101018,0
307352,0
162124,0
455828,0
383935,0
418319,0
162964,0
162964,0
162964,0
175854,0
175854,0
246285,0
246285,0
348288,0
348288,0
299918,0
234499,0
242439,0
377795,0
322246,0
237354,0
131653,0
287704,0
353324,0
421203,0
298239,0
298239,0
186797,0
186797,0
296114,0
328594,0
328594,0
256079,0
310897,0
335197,0
269687,0
270876,0
328601,0
198521,0
175025,0
188168,0
185539,0
238285,0
238285,0
389617,0
389617,0
182281,0
361145,0
338814,0
263729,0
240983,0
240983,0
196395,0
111997,0
379309,0
379309,0
153001,0
153001,0
153001,0
452487,0
360499,0
386128,0
386128,0
163289,0
393956,0
211348,0
438672,0
300411,0
329725,0
295313,0
196286,0
391111,0
391111,0
425227,0
423234,0
431740,0
450218,0
327800,0
442224,0
440595,0
373533,0
389236,0
389236,0
156216,0
156216,0
259409,0
259409,0
341361,0
138168,0
138168,0
178351,0
178351,0
178351,0
138134,0
185076,0
332412,0
332412,0
122330,0
165418,0
165418,0
281506,0
281506,0
128121,0
209120,0
266720,0
425174,0
425174,0
430918,0
276153,0
149227,0
146899,0
146899,0
324482,0
107252,0
107252,0
107252,0
221275,0
321356,0
395693,0
395693,0
395693,0
421680,0
421680,0
400428,0
400428,0
400428,0
258669,0
280483,0
280483,0
366231,0
350943,0
124662,0
161456,0
413108,0
185149,0
341670,0
341670,0
367614,0
446870,0
248136,0
304371,0
397807,0
361188,0
361188,0
361188,0
218061,0
179556,0
255946,0
436874,0
353211,0
137983,0
371984,0
209547,0
378559,0
351823,0
299884,0
299884,0
299884,0
114408,0
114408,0
375057,0
363164,0
264062,0
264062,0
114840,0
269881,0
239860,0
264822,0
264822,0
157650,0
302942,0
302942,0
302942,0
392857,0
187568,0
187568,0
187568,0
181010,0
404379,0
404379,0
243619,0
118300,0
377470,0
377470,0
423011,0
423011,0
423011,0
154507,0
319262,0
224230,0
444522,0
245186,0
245186,0
454763,0
415402,0
415402,0
296425,0
365482,0
225227,0
365252,0
233929,0
385319,0
298637,0
369095,0
369095,0
320661,0
126672,0
126672,0
126672,0
272845,0
314996,0
145623,0
265780,0
366936,0
400685,0
237243,0
303176,0
219841,0
219841,0
304074,0
304074,0
171011,0
171011,0
402252,0
197465,0
201884,0
145981,0
181770,0
166732,0
375764,0
174773,0
228701,0
142563,0
275694,0
421055,0
421055,0
403652,0
311474,0
311474,0
425271,0
226423,0
117198,0
420686,0
420686,0
200367,0
220922,0
248931,0
248931,0
156614,0
174894,0
418671,0
216670,0
216670,0
216670,0
216670,0
236066,0
236066,0
236066,0
183712,0
262548,0
262548,0
290622,0
110336,0
110336,0
333476,0
453734,0
243403,0
417835,0
417835,0
408132,0
166529,0
289975,0
387107,0
208643,0
402431,0
436903,0
397618,0
173549,0
348883,0
180940,0
442087,0
442087,0
442087,0
102415,0
164420,0
208551,0
434393,0
245612,0
435597,0
435597,0
442740,0
442740,0
117499,0
117499,0
117499,0
117499,0
236902,0
183420,0
183420,0
249924,0
356965,0
369563,0
369563,0
411202,0
213244,0
213244,0
213244,0
416602,0
410385,0
410385,0
410385,0
139607,0
139607,0
405400,0
405400,0
438694,0
438694,0
438694,0
274702,0
434612,0
434612,0
312162,0
322773,0
399936,0
312979,0
348803,0
348803,0
287810,0
287810,0
287810,0
287810,0
147122,0
295289,0
295289,0
100629,0
199846,0
292600,0
343340,0
236896,0
236896,0
383599,0
383599,0
151084,0
151084,0
151084,0
294154,0
318855,0
318855,0
225838,0
166936,0
166936,0
224835,0
224767,0
243508,0
395798,0
245108,0
307496,0
307496,0
307496,0
404845,0
404845,0
278391,0
413559,0
413559,0
251841,0
419616,0
419616,0
101994,0
101994,0
390791,0
453593,0
453593,0
242796,0
242796,0
252742,0
142381,0
259943,0
231955,0
231955,0
231955,0
180155,0
155814,0
101461,0
199219,0
424645,0
344036,0
274751,0
205875,0
185687,0
185687,0
185687,0
135253,0
151327,0
362820,0
360074,0
248459,0
141757,0
187945,0
187066,0
187066,0
303779,0
119812,0
119812,0
300010,0
215880,0
416675,0
157327,0
105325,0
348293,0
348293,0
198372,0
349207,0
180904,0
299532,0
299532,0
178512,0
178512,0
108948,0
108948,0
108948,0
108948,0
108948,0
327619,0
327619,0
375533,0
375533,0
190624,0
190624,0
190624,0
240633,0
347291,0
175874,0
192574,0
220667,0
444656,0
175705,0
175705,0
294303,0
216662,0
216662,0
189495,0
381421,0
416696,0
308965,0
100260,0
377533,0
178732,0
341019,0
121175,0
357140,0
427889,0
444584,0
439188,0
397266,0
175928,0
371868,0
322912,0
417176,0
316215,0
336061,0
146123,0
354122,0
199490,0
300640,0
300640,0
289308,0
264541,0
310135,0
310135,0
310135,0
455787,0
425204,0
441138,0
427600,0
427600,0
427600,0
235647,0
235647,0
235647,0
266097,0
452489,0
198752,0
398742,0
398742,0
306941,0
248148,0
248148,0
411576,0
411576,0
126507,0
344019,0
370931,0
366131,0
192039,0
251005,0
426421,0
426421,0
426421,0
432158,0
432158,0
279627,0
146994,0
146994,0
416287,0
363189,0
423844,0
393278,0
281122,0
281122,0
452487,0
106981,0
106981,0
405894,0
405894,0
123275,0
123275,0
123275,0
217720,0
160077,0
236729,0
256585,0
431352,0
431352,0
431352,0
259855,0
259855,0
194881,0
194881,0
293971,0
293971,0
293971,0
293971,0
186161,0
186161,0
416392,0
282534,0
440628,0
154340,0
190153,0
245649,0
245649,0
201458,0
183347,0
183347,0
183347,0
269380,0
304074,0
304074,0
349736,0
349736,0
155653,0
131616,0
342323,0
409736,0
409736,0
409736,0
182285,0
170923,0
389738,0
296749,0
296749,0
296749,0
258742,0
177423,0
177423,0
383393,0
383393,0
272247,0
294905,0
146122,0
310552,0
342252,0
342252,0
447606,0
338513,0
182476,0
363471,0
122114,0
229701,0
229701,0
357654,0
357654,0
305705,0
187811,0
187811,0
285276,0
285276,0
396878,0
396878,0
396878,0
139062,0
139062,0
424741,0
221126,0
126277,0
307734,0
430396,0
433921,0
427600,0
320658,0
375556,0
156292,0
136971,0
136971,0
388759,0
351058,0
378426,0
378426,0
125021,0
357915,0
357915,0
241629,0
332273,0
332273,0
424793,0
238173,0
173082,0
179992,0
261474,0
164377,0
248215,0
248215,0
248215,0
267195,0
267195,0
267195,0
143124,0
143124,0
143124,0
143124,0
430384,0
416279,0
416279,0
416279,0
416279,0
416279,0
388007,0
365872,0
276184,0
427121,0
427121,0
324667,0
423549,0
174571,0
174571,0
405993,0
412720,0
412720,0
209596,0
209596,0
153287,0
153287,0
346351,0
220837,0
158195,0
230503,0
218797,0
262398,0
262398,0
262398,0
194715,0
365788,0
416248,0
357063,0
382321,0
428863,0
428863,0
428863,0
428863,0
428863,0
208991,0
372951,0
372951,0
372951,0
351188,0
372907,0
240187,0
429432,0
151836,0
151836,0
175202,0
245649,0
245649,0
245649,0
245649,0
245649,0
180965,0
180965,0
180965,0
180965,0
180965,0
329413,0
258339,0
116413,0
455033,0
120123,0
207714,0
207714,0
207714,0
110395,0
143233,0
143233,0
143720,0
362359,0
153298,0
171319,0
245302,0
405944,0
232365,0
351988,0
351988,0
402221,0
402221,0
402221,0
218371,0
218371,0
380062,0
252066,0
173673,0
173673,0
234238,0
168388,0
168388,0
365498,0
309857,0
428809,0
428809,0
291513,0
291513,0
291513,0
300870,0
108232,0
240159,0
240159,0
240159,0
404738,0
370706,0
152251,0
399579,0
399579,0
399579,0
309195,0
158149,0
158149,0
249344,0
131356,0
358497,0
302104,0
264265,0
264265,0
264265,0
264265,0
113101,0
113101,0
176369,0
123813,0
123813,0
380199,0
380199,0
128375,0
297625,0
401707,0
401707,0
401707,0
401707,0
402287,0
453981,0
128995,0
182481,0
182481,0
182481,0
182481,0
153670,0
153670,0
153670,0
355395,0
318837,0
319686,0
319686,0
105419,0
105419,0
195807,0
405827,0
240304,0
240304,0
435260,0
139066,0
351763,0
351763,0
279119,0
113342,0
439037,0
222752,0
222752,0
151870,0
115028,0
273621,0
399711,0
353827,0
353827,0
353827,0
353827,0
353827,0
118438,0
118438,0
437171,0
437171,0
198064,0
142446,0
128255,0
350841,0
350841,0
227602,0
407381,0
407381,0
194242,0
194242,0
381424,0
381424,0
163220,0
163220,0
163220,0
393819,0
271842,0
271842,0
383393,0
270533,0
270533,0
270533,0
270533,0
210431,0
416650,0
150137,0
150137,0
150137,0
338136,0
338136,0
338136,0
123613,0
123613,0
123613,0
123613,0
123613,0
111474,0
420216,0
420216,0
420216,0
420216,0
444584,0
355400,0
170970,0
170970,0
374251,0
327768,0
165722,0
229997,0
231441,0
231441,0
231441,0
425933,0
425933,0
176009,0
349807,0
314302,0
314302,0
314302,0
412442,0
401030,0
181877,0
181877,0
375201,0
254836,0
426013,0
294667,0
190945,0
264177,0
270377,0
146689,0
222969,0
103409,0
178325,0
120076,0
120076,0
455441,0
455441,0
222709,0
222709,0
173714,0
173714,0
222053,0
290025,0
207127,0
236964,0
154212,0
303362,0
153587,0
287398,0
446722,0
175035,0
103514,0
105077,0
342575,0
408892,0
338291,0
276568,0
436221,0
249679,0
279005,0
231601,0
404798,0
365169,0
422846,0
422846,0
236607,0
236607,0
231917,0
212395,0
127961,0
127961,0
269943,0
309517,0
309517,0
189091,0
236600,0
236600,0
236600,0
236600,0
118264,0
149722,0
339177,0
339177,0
339177,0
245574,0
245574,0
194158,0
194158,0
194158,0
136717,0
431518,0
356201,0
114887,0
166197,0
148922,0
296322,0
296322,0
123308,0
413807,0
204330,0
204330,0
269483,0
269483,0
269483,0
269483,0
437290,0
437290,0
437290,0
437290,0
437290,0
123410,0
123410,0
306164,0
374623,0
374623,0
374623,0
120199,0
203315,0
203315,0
203315,0
159083,0
406060,0
389314,0
389314,0
222434,0
222434,0
222434,0
184851,0
184851,0
184851,0
413791,0
413791,0
413791,0
266604,0
401778,0
401778,0
169423,0
224454,0
140052,0
435023,0
222849,0
230395,0
237268,0
308374,0
435062,0
435062,0
435062,0
435062,0
163110,0
246681,0
246681,0
296117,0
201134,0
201134,0
319870,0
319870,0
439430,0
387433,0
168478,0
357223,0
443331,0
199378,0
199378,0
199378,0
333450,0
327047,0
250430,0
250430,0
250430,0
262832,0
262832,0
262832,0
262832,0
101576,0
101576,0
101576,0
391159,0
363883,0
240333,0
188420,0
123210,0
123210,0
123210,0
299657,0
415528,0
415528,0
415528,0
227626,0
387767,0
402173,0
110141,0
110141,0
110141,0
124349,0
240179,0
240179,0
125021,0
224051,0
224051,0
224051,0
353304,0
331688,0
331688,0
303826,0
421181,0
156910,0
135020,0
372409,0
372409,0
228577,0
206221,0
145858,0
422900,0
422900,0
422900,0
163151,0
375989,0
334340,0
329213,0
161552,0
161552,0
161552,0
161552,0
209376,0
346414,0
346414,0
139792,0
139792,0
283724,0
263525,0
263525,0
366042,0
366042,0
366042,0
267520,0
267520,0
258035,0
192914,0
301120,0
301120,0
301120,0
301120,0
358074,0
358074,0
428210,0
369674,0
261884,0
261884,0
367047,0
345271,0
224752,0
429598,0
429598,0
194170,0
194170,0
377907,0
323537,0
419164,0
304669,0
304669,0
330652,0
451909,0
451909,0
113804,0
113804,0
362786,0
362786,0
238609,0
238609,0
193386,0
193386,0
400509,0
400509,0
387275,0
387275,0
119164,0
147243,0
111596,0
111596,0
104042,0
133347,0
398834,0
398834,0
363432,0
150836,0
108716,0
108716,0
108716,0
140304,0
311013,0
311013,0
342068,0
135056,0
115675,0
115675,0
115675,0
115675,0
261758,0
357746,0
357746,0
217368,0
150120,0
434928,0
434928,0
431828,0
307500,0
297912,0
386828,0
239046,0
336763,0
336763,0
336763,0
445840,0
445840,0
288901,0
301321,0
301321,0
257281,0
359269,0
248267,0
248267,0
266410,0
229388,0
197649,0
300125,0
143943,0
293102,0
389738,0
331349,0
324459,0
158061,0
124412,0
184273,0
212235,0
346860,0
346860,0
346860,0
138380,0
138380,0
152305,0
228049,0
228049,0
175287,0
261060,0
277856,0
432927,0
240282,0
112260,0
281447,0
281447,0
340065,0
340065,0
275573,0
439653,0
439653,0
439653,0
416880,0
416880,0
416398,0
168973,0
281363,0
281363,0
152207,0
328309,0
138404,0
386490,0
298210,0
153741,0
313133,0
376576,0
281951,0
186404,0
110480,0
373161,0
194715,0
413309,0
344682,0
273912,0
156531,0
156531,0
304074,0
295313,0
295313,0
295313,0
211986,0
211986,0
267965,0
430527,0
430527,0
347477,0
354223,0
123929,0
172559,0
172559,0
326204,0
236243,0
236243,0
353710,0
353710,0
417354,0
256775,0
109411,0
109411,0
330152,0
326079,0
420910,0
420910,0
420910,0
424793,0
259588,0
259588,0
259588,0
259588,0
426504,0
426504,0
391937,0
391937,0
280834,0
215447,0
224710,0
345493,0
295034,0
178337,0
163649,0
452950,0
452950,0
452950,0
255240,0
335994,0
335994,0
378083,0
302364,0
302364,0
423281,0
140652,0
140652,0
340217,0
340217,0
226035,0
226035,0
306102,0
306102,0
293592,0
413731,0
413731,0
391704,0
401887,0
266145,0
266145,0
266145,0
266145,0
232445,0
360228,0
360228,0
141372,0
141372,0
141372,0
141372,0
141372,0
141372,0
141372,0
141372,0
244712,0
262562,0
440103,0
440103,0
440103,0
440103,0
209950,0
288300,0
248773,0
284107,0
284107,0
278613,0
416846,0
302640,0
302640,0
249477,0
186361,0
107803,0
271329,0
426721,0
320532,0
456168,0
456168,0
456168,0
359966,0
347794,0
399217,0
399217,0
260588,0
260588,0
260588,0
260588,0
193782,0
307961,0
307961,0
388463,0
388463,0
349339,0
415337,0
415337,0
405734,0
137311,0
137311,0
137311,0
137311,0
206184,0
206184,0
206184,0
297924,0
315888,0
315888,0
315888,0
451119,0
299871,0
348281,0
165605,0
243509,0
410810,0
410810,0
310334,0
310334,0
341447,0
209704,0
328367,0
355299,0
355299,0
355299,0
329300,0
107628,0
424541,0
143070,0
441957,0
441957,0
441957,0
316041,0
316041,0
296258,0
296258,0
223816,0
245667,0
245667,0
245667,0
245667,0
330562,0
330562,0
330562,0
116747,0
116747,0
418172,0
121713,0
226242,0
226242,0
281439,0
343958,0
230930,0
192060,0
317302,0
203418,0
203418,0
203418,0
203418,0
279604,0
279604,0
389756,0
121909,0
320548,0
374536,0
374536,0
164067,0
187755,0
187755,0
187755,0
188118,0
296786,0
296786,0
346262,0
346262,0
189202,0
424436,0
135511,0
135511,0
299099,0
407141,0
300440,0
206803,0
135699,0
249511,0
249511,0
242345,0
171225,0
444744,0
142029,0
398768,0
452762,0
452762,0
149404,0
284272,0
275363,0
176346,0
176346,0
445772,0
389908,0
337764,0
155200,0
209858,0
209858,0
209858,0
196099,0
359011,0
265630,0
425822,0
408060,0
408060,0
408060,0
198264,0
373268,0
110420,0
134832,0
451377,0
451377,0
417274,0
190984,0
129010,0
146380,0
146091,0
146091,0
146091,0
270061,0
270061,0
203097,0
186818,0
285229,0
240825,0
417616,0
417616,0
374893,0
187502,0
366561,0
290847,0
295338,0
295338,0
400665,0
400665,0
400665,0
245964,0
331283,0
230263,0
230263,0
379740,0
379740,0
378256,0
163987,0
261863,0
363137,0
333365,0
447570,0
446796,0
446796,0
446796,0
421750,0
314196,0
140832,0
415143,0
368857,0
329520,0
106737,0
106737,0
167366,0
439083,0
442024,0
442024,0
452774,0
122332,0
323407,0
323407,0
323407,0
323407,0
323407,0
158815,0
245651,0
452412,0
324113,0
188651,0
302093,0
429783,0
429783,0
246649,0
246649,0
391146,0
394060,0
143951,0
104529,0
423523,0
256601,0
290349,0
290349,0
178609,0
422937,0
294198,0
415728,0
172035,0
319870,0
201641,0
370368,0
257131,0
148882,0
424598,0
278765,0
322566,0
293127,0
318214,0
455316,0
344721,0
334783,0
299859,0
237058,0
417100,0
174005,0
417409,0
420442,0
442847,0
442847,0
124396,0
124396,0
181774,0
106311,0
106897,0
244493,0
244493,0
244493,0
111771,0
345086,0
290351,0
290351,0
423502,0
340432,0
246451,0
246451,0
246451,0
192401,0
376211,0
155428,0
168661,0
334904,0
433073,0
433073,0
135183,0
239001,0
112568,0
252000,0
252000,0
252000,0
280757,0
280757,0
280757,0
374819,0
454915,0
247102,0
257421,0
148359,0
403316,0
324554,0
324554,0
180936,0
217242,0
217242,0
272159,0
272159,0
218168,0
373806,0
373806,0
373806,0
373806,0
250182,0
292450,0
116773,0
116773,0
426405,0
250230,0
241051,0
395802,0
395802,0
189123,0
233507,0
233507,0
408100,0
140840,0
140840,0
128713,0
341161,0
335602,0
358932,0
358932,0
228530,0
211994,0
319033,0
354159,0
354159,0
354159,0
287967,0
317808,0
205018,0
205018,0
426346,0
426346,0
209630,0
285466,0
285466,0
328386,0
328386,0
328386,0
328386,0
413368,0
132264,0
132264,0
249711,0
249711,0
453121,0
321196,0
248267,0
124935,0
143847,0
143847,0
207281,0
185599,0
185599,0
396066,0
415605,0
398001,0
398001,0
117652,0
117652,0
439357,0
250401,0
250401,0
104421,0
104421,0
455470,0
153243,0
153243,0
141341,0
169266,0
219318,0
236750,0
274767,0
339410,0
422717,0
422717,0
163828,0
109393,0
144184,0
391715,0
391715,0
119234,0
324637,0
324637,0
351463,0
351463,0
293337,0
274244,0
191246,0
298605,0
300940,0
195051,0
160256,0
160256,0
429868,0
429868,0
429868,0
109359,0
198283,0
198283,0
225448,0
380119,0
433913,0
433913,0
157858,0
345250,0
286970,0
286970,0
286970,0
442984,0
442984,0
442984,0
239325,0
168887,0
409741,0
409741,0
187974,0
387387,0
445520,0
366894,0
411074,0
394715,0
333018,0
314025,0
314025,0
314025,0
314025,0
194434,0
451101,0
451101,0
360866,0
293860,0
404708,0
150095,0
399792,0
165125,0
328755,0
209336,0
121806,0
253185,0
216195,0
112811,0
319870,0
319870,0
325194,0
325194,0
325194,0
325194,0
325194,0
203096,0
148505,0
205213,0
282982,0
296746,0
296746,0
429637,0
429637,0
299578,0
299578,0
154431,0
245186,0
245186,0
269777,0
403385,0
356491,0
356491,0
356491,0
198975,0
177061,0
289620,0
222926,0
316661,0
165614,0
165614,0
162284,0
440437,0
440437,0
124763,0
219804,0
172103,0
247102,0
323059,0
425975,0
441698,0
416741,0
159958,0
172852,0
268487,0
237172,0
352939,0
125306,0
314013,0
377182,0
136792,0
450263,0
390008,0
390008,0
161557,0
161557,0
454318,0
306234,0
306234,0
306234,0
306234,0
278280,0
298451,0
298451,0
272941,0
415024,0
209216,0
383998,0
383998,0
390140,0
390140,0
420518,0
420518,0
446531,0
432860,0
232379,0
212574,0
212574,0
303766,0
303766,0
246959,0
416117,0
416117,0
265986,0
136466,0
135889,0
201229,0
291541,0
398469,0
416136,0
416136,0
442683,0
209925,0
389203,0
201391,0
201391,0
259226,0
343827,0
291155,0
291155,0
401134,0
450309,0
450309,0
450309,0
205091,0
391531,0
391531,0
391531,0
391531,0
391531,0
345624,0
128745,0
268646,0
168526,0
447686,0
359886,0
145304,0
195561,0
195561,0
322979,0
332369,0
347658,0
395925,0
255240,0
205474,0
205474,0
418984,0
418984,0
418984,0
307726,0
307726,0
264265,0
293102,0
293102,0
402629,0
104226,0
321200,0
321200,0
179714,0
231295,0
178068,0
396801,0
396801,0
396801,0
178778,0
277833,0
381859,0
381859,0
172903,0
172903,0
318564,0
181378,0
292512,0
292512,0
292512,0
137735,0
388087,0
420878,0
420878,0
420878,0
275360,0
156141,0
156141,0
156141,0
156141,0
330442,0
416741,0
416741,0
416741,0
337168,0
337168,0
395551,0
395551,0
447686,0
236377,0
113790,0
235982,0
184733,0
314252,0
266505,0
266505,0
247319,0
247319,0
247319,0
303780,0
415358,0
382321,0
382321,0
313055,0
264896,0
264896,0
259145,0
238173,0
189217,0
189217,0
189217,0
431718,0
211575,0
177202,0
331369,0
452392,0
110791,0
114356,0
299662,0
334780,0
334780,0
334780,0
357114,0
357114,0
357114,0
338813,0
338813,0
338813,0
393511,0
393511,0
218369,0
369256,0
249078,0
249078,0
342390,0
177892,0
177892,0
115335,0
115335,0
442857,0
442857,0
195698,0
195698,0
291047,0
405884,0
322971,0
395418,0
370147,0
328279,0
328279,0
360531,0
209596,0
209596,0
348995,0
331266,0
112770,0
317152,0
125828,0
109551,0
211148,0
331824,0
331824,0
140816,0
312494,0
426013,0
426013,0
367965,0
387692,0
398276,0
284094,0
171225,0
206477,0
206477,0
159755,0
226401,0
377514,0
441407,0
426578,0
389549,0
312880,0
312880,0
314139,0
314139,0
314139,0
415164,0
106384,0
455435,0
184500,0
125912,0
175652,0
175652,0
352900,0
352900,0
185454,0
418436,0
189734,0
244004,0
403066,0
139555,0
389520,0
233297,0
233297,0
234589,0
335378,0
335378,0
245469,0
245469,0
176747,0
265717,0
452794,0
130849,0
383639,0
441391,0
441391,0
441391,0
441391,0
158167,0
296503,0
260758,0
435022,0
192574,0
192574,0
386390,0
386390,0
218497,0
205542,0
205542,0
205542,0
350380,0
380982,0
362359,0
199846,0
239699,0
239699,0
155173,0
155173,0
235244,0
235244,0
235244,0
202636,0
202636,0
202636,0
292281,0
292281,0
292281,0
292281,0
171849,0
171849,0
322727,0
322727,0
412503,0
263921,0
208831,0
208831,0
266277,0
266277,0
162368,0
157566,0
116821,0
244363,0
244363,0
244363,0
281316,0
181423,0
357114,0
323010,0
112094,0
114375,0
114375,0
374830,0
374830,0
374830,0
307217,0
307217,0
451084,0
336103,0
107986,0
193971,0
193971,0
410665,0
410665,0
410665,0
270751,0
270751,0
265495,0
265495,0
246299,0
312775,0
253523,0
253523,0
429783,0
291378,0
291378,0
291378,0
249564,0
275221,0
143220,0
137494,0
137494,0
137494,0
137494,0
137494,0
282970,0
282970,0
282970,0
121149,0
128370,0
104455,0
196989,0
196989,0
195326,0
328257,0
328257,0
364182,0
364182,0
117173,0
340944,0
112568,0
112568,0
112568,0
112568,0
221245,0
221245,0
136792,0
136792,0
265125,0
282605,0
105771,0
329485,0
268774,0
268774,0
245752,0
245752,0
440396,0
202992,0
202992,0
353078,0
256272,0
256113,0
194239,0
397953,0
381696,0
163142,0
436340,0
277768,0
277768,0
270747,0
349478,0
349478,0
303306,0
361019,0
239642,0
239642,0
372860,0
151205,0
336705,0
298222,0
134185,0
152666,0
202149,0
189376,0
190999,0
226862,0
422206,0
381288,0
313868,0
313868,0
313868,0
250995,0
214985,0
272950,0
272950,0
238993,0
238993,0
330652,0
330652,0
141642,0
420882,0
420882,0
420882,0
420882,0
420882,0
114395,0
264636,0
243120,0
243120,0
121882,0
121882,0
132476,0
352771,0
406962,0
406962,0
141862,0
171502,0
171502,0
406522,0
406522,0
350536,0
126656,0
126656,0
286653,0
286653,0
409753,0
409753,0
409753,0
224300,0
275654,0
396774,0
396774,0
139592,0
139592,0
149794,0
149794,0
415778,0
218716,0
135183,0
185079,0
185079,0
185079,0
410491,0
218746,0
375319,0
375319,0
400837,0
207873,0
243721,0
320283,0
255891,0
120581,0
410829,0
177765,0
424376,0
424376,0
424376,0
356137,0
211105,0
211105,0
211105,0
211105,0
211105,0
211105,0
325655,0
425840,0
425840,0
425840,0
241648,0
445438,0
379321,0
379321,0
292393,0
292393,0
121369,0
121369,0
406589,0
359836,0
359836,0
115306,0
108458,0
108458,0
346739,0
161847,0
195337,0
344168,0
248148,0
248148,0
248148,0
225987,0
225987,0
190664,0
210189,0
352447,0
352447,0
272116,0
250559,0
250559,0
314746,0
308660,0
217311,0
275513,0
397612,0
397612,0
397612,0
397612,0
397612,0
306396,0
456163,0
162368,0
436844,0
177797,0
177797,0
177797,0
271842,0
101770,0
184841,0
184841,0
123999,0
123999,0
202628,0
236092,0
236092,0
238681,0
398708,0
398708,0
398708,0
224483,0
344564,0
344564,0
128832,0
128832,0
273121,0
273121,0
339115,0
270163,0
270163,0
270163,0
103461,0
429009,0
284684,0
284684,0
284684,0
432023,0
171038,0
381131,0
444448,0
444448,0
198261,0
366546,0
386125,0
251550,0
251550,0
331424,0
398427,0
398427,0
359358,0
406873,0
406873,0
198081,0
276189,0
276189,0
276189,0
276189,0
282549,0
282549,0
282549,0
282549,0
452181,0
452181,0
419064,0
321631,0
218803,0
224040,0
228922,0
228922,0
228922,0
355779,0
355779,0
186161,0
186161,0
186161,0
186161,0
347549,0
347549,0
347549,0
205335,0
205335,0
342417,0
342417,0
252772,0
252772,0
356378,0
356378,0
274409,0
439413,0
156231,0
383664,0
383664,0
417492,0
417492,0
447559,0
447559,0
286604,0
286604,0
286604,0
439420,0
345045,0
105489,0
105489,0
255691,0
255691,0
255691,0
175952,0
259820,0
259820,0
259820,0
335384,0
330030,0
330030,0
176310,0
176310,0
176310,0
379293,0
166986,0
281081,0
281081,0
281081,0
314323,0
314323,0
364907,0
242713,0
174747,0
115490,0
115490,0
297087,0
297087,0
427986,0
427986,0
202742,0
202742,0
394022,0
121465,0
121465,0
396692,0
396692,0
448016,0
288944,0
288944,0
105827,0
105827,0
267068,0
267068,0
267068,0
263714,0
263714,0
194738,0
218659,0
236821,0
233147,0
314196,0
258173,0
104455,0
270435,0
236428,0
266641,0
265495,0
127515,0
146191,0
255742,0
236596,0
236596,0
384158,0
323872,0
180653,0
180653,0
180653,0
180653,0
357488,0
357488,0
261138,0
116123,0
116123,0
165987,0
383524,0
201950,0
395758,0
342699,0
130938,0
359269,0
393946,0
234037,0
234037,0
312399,0
312399,0
387657,0
316721,0
316721,0
453602,0
453602,0
256422,0
256422,0
256422,0
423050,0
134505,0
166927,0
245963,0
245963,0
245963,0
295221,0
114490,0
304875,0
304875,0
304875,0
254076,0
186740,0
407956,0
269261,0
163142,0
402519,0
402519,0
390974,0
390974,0
264239,0
264239,0
392589,0
392589,0
392589,0
392589,0
349048,0
349048,0
443165,0
129067,0
161211,0
389207,0
389207,0
395937,0
360774,0
390922,0
390922,0
386913,0
269373,0
275171,0
275171,0
275171,0
176545,0
176545,0
432125,0
432125,0
426242,0
192039,0
286775,0
331038,0
331038,0
310714,0
120760,0
287084,0
219340,0
377173,0
377173,0
377173,0
377173,0
309217,0
309217,0
448638,0
363488,0
205507,0
205507,0
116783,0
116783,0
186091,0
186091,0
451206,0
449389,0
449389,0
304724,0
304724,0
428346,0
128301,0
217325,0
413267,0
413267,0
129613,0
129613,0
297087,0
297087,0
216427,0
409088,0
148477,0
298655,0
226200,0
226200,0
226200,0
323901,0
340065,0
123419,0
290622,0
290622,0
290622,0
290622,0
183027,0
183027,0
166792,0
166792,0
166792,0
110096,0
105100,0
105100,0
365523,0
329725,0
236084,0
256923,0
256923,0
234365,0
415869,0
226883,0
368543,0
309161,0
309161,0
312907,0
361240,0
383187,0
419437,0
134584,0
134584,0
111041,0
223192,0
223192,0
284865,0
284865,0
342372,0
270127,0
270127,0
270127,0
378695,0
206803,0
367371,0
414214,0
290339,0
237657,0
237657,0
242477,0
242477,0
388993,0
388993,0
310402,0
310402,0
433504,0
111044,0
430673,0
455547,0
327245,0
327245,0
327245,0
317486,0
391796,0
391796,0
391796,0
391796,0
391796,0
225718,0
225718,0
102978,0
362493,0
229571,0
229571,0
444687,0
357750,0
135023,0
135023,0
356984,0
367047,0
367047,0
228055,0
228055,0
228055,0
440748,0
440748,0
318026,0
166426,0
166426,0
166426,0
439955,0
396166,0
396166,0
211696,0
311202,0
305147,0
269459,0
269459,0
269459,0
302083,0
132865,0
419099,0
431651,0
431651,0
225399,0
319246,0
311740,0
288926,0
316423,0
152179,0
152179,0
152179,0
152179,0
404920,0
404920,0
404920,0
404920,0
135027,0
135027,0
198261,0
211481,0
448205,0
358118,0
332434,0
332434,0
127211,0
127211,0
127211,0
181980,0
181980,0
344200,0
344200,0
121256,0
121256,0
119437,0
119437,0
426653,0
287681,0
287681,0
450016,0
450016,0
450016,0
185969,0
437669,0
437669,0
331497,0
331497,0
396354,0
265374,0
151776,0
344215,0
324039,0
324039,0
453405,0
432889,0
432889,0
127237,0
127237,0
127237,0
415920,0
219840,0
219840,0
349886,0
255240,0
275995,0
148521,0
148521,0
173328,0
238492,0
353119,0
353119,0
416398,0
336302,0
336302,0
336302,0
336302,0
336302,0
336302,0
121979,0
359389,0
359389,0
305978,0
418486,0
440943,0
381399,0
298031,0
297581,0
250200,0
244800,0
244800,0
439458,0
439458,0
401653,0
401653,0
109013,0
111688,0
352495,0
352495,0
426645,0
136085,0
136085,0
136085,0
453235,0
233301,0
153493,0
153493,0
153493,0
153493,0
277768,0
146154,0
351899,0
276368,0
276368,0
270814,0
322324,0
332435,0
332435,0
330490,0
316721,0
392136,0
401030,0
401030,0
205542,0
205542,0
112708,0
108772,0
376529,0
376529,0
351698,0
351698,0
351698,0
351698,0
206722,0
145189,0
448289,0
448289,0
181724,0
286167,0
286167,0
286167,0
286167,0
213383,0
405767,0
352417,0
297736,0
162657,0
107269,0
107269,0
326542,0
212410,0
246669,0
316147,0
401950,0
401950,0
401950,0
127244,0
371106,0
222673,0
120122,0
238467,0
300653,0
300653,0
247998,0
247998,0
247998,0
432156,0
293681,0
394916,0
445449,0
229384,0
229384,0
332626,0
165232,0
165232,0
231603,0
216449,0
342283,0
152652,0
295735,0
398111,0
398111,0
372933,0
372933,0
144531,0
273804,0
218351,0
218351,0
263926,0
449149,0
379033,0
379033,0
428481,0
206812,0
210379,0
210379,0
210379,0
163970,0
225479,0
342162,0
342162,0
377301,0
377301,0
400481,0
133267,0
133267,0
144394,0
144394,0
201773,0
201773,0
154591,0
341739,0
384309,0
384309,0
407292,0
382807,0
198874,0
278118,0
113087,0
113087,0
386272,0
171595,0
123211,0
310385,0
310385,0
432068,0
432068,0
121867,0
109203,0
109203,0
438065,0
438065,0
438065,0
385788,0
385788,0
309161,0
276501,0
276501,0
303325,0
163247,0
163247,0
163247,0
383187,0
383187,0
148903,0
188078,0
435636,0
412227,0
310688,0
310688,0
229388,0
307171,0
303325,0
303325,0
438909,0
136009,0
409570,0
310469,0
310469,0
336701,0
193242,0
218369,0
316388,0
323484,0
323484,0
323484,0
323484,0
308480,0
308480,0
308480,0
189239,0
189239,0
211575,0
211575,0
211575,0
221113,0
315505,0
148175,0
148175,0
148175,0
324120,0
375057,0
375057,0
435609,0
435609,0
442188,0
420550,0
277353,0
214422,0
377541,0
213628,0
107634,0
253175,0
253175,0
223735,0
223735,0
199844,0
207019,0
207019,0
140041,0
174005,0
244819,0
411467,0
266764,0
115555,0
240537,0
277695,0
453240,0
453240,0
453240,0
125448,0
317238,0
359282,0
359282,0
293696,0
293696,0
298960,0
389307,0
389307,0
389307,0
396829,0
396829,0
167358,0
308068,0
187502,0
240282,0
384158,0
393238,0
393238,0
393238,0
287068,0
287068,0
121099,0
262625,0
342773,0
342773,0
342773,0
399951,0
399951,0
399951,0
205392,0
439324,0
193259,0
451522,0
451522,0
287658,0
147243,0
429163,0
429163,0
117058,0
111341,0
125240,0
378012,0
327415,0
327415,0
199067,0
360316,0
235747,0
235747,0
430325,0
430325,0
124073,0
308643,0
365147,0
365147,0
199111,0
424844,0
424844,0
227712,0
227712,0
397712,0
138380,0
283529,0
171770,0
103544,0
228435,0
198975,0
198975,0
289139,0
110448,0
129978,0
129978,0
129978,0
393706,0
393706,0
393706,0
393706,0
304361,0
214925,0
175005,0
434875,0
378537,0
378537,0
378537,0
346181,0
346181,0
158035,0
298736,0
164901,0
164901,0
335350,0
412189,0
412189,0
412189,0
427121,0
427121,0
280198,0
184094,0
117619,0
117619,0
117619,0
322762,0
445940,0
186021,0
186021,0
282095,0
427820,0
100082,0
100082,0
100082,0
100082,0
100082,0
100082,0
353603,0
184792,0
184792,0
171460,0
360849,0
392001,0
392001,0
392001,0
128951,0
393834,0
335399,0
335399,0
322979,0
322979,0
322979,0
424291,0
442530,0
274678,0
117181,0
301238,0
332037,0
384595,0
384595,0
384595,0
428881,0
218398,0
416565,0
454363,0
429505,0
285767,0
285767,0
420792,0
420792,0
223442,0
147797,0
281802,0
281802,0
281802,0
277910,0
175105,0
306999,0
156673,0
124656,0
278458,0
168420,0
451164,0
186525,0
316511,0
299290,0
220748,0
261329,0
261329,0
275261,0
414036,0
374754,0
264789,0
264789,0
264789,0
331182,0
297045,0
297045,0
454420,0
189683,0
189683,0
365764,0
385796,0
296847,0
296847,0
107912,0
287112,0
287112,0
283878,0
283878,0
159832,0
164871,0
375989,0
375989,0
375989,0
316689,0
455042,0
455042,0
455042,0
330515,0
316309,0
147932,0
362375,0
362375,0
198305,0
198305,0
244611,0
196007,0
324328,0
324328,0
324328,0
324328,0
123626,0
123626,0
323478,0
159386,0
289463,0
382153,0
143894,0
330515,0
224509,0
224509,0
305321,0
269195,0
269195,0
438776,0
438776,0
315350,0
315350,0
315350,0
240865,0
318621,0
186833,0
326476,0
331966,0
298034,0
316433,0
316433,0
179538,0
254685,0
355352,0
355352,0
355352,0
201855,0
201855,0
418574,0
126974,0
126974,0
211549,0
404631,0
235585,0
424848,0
178337,0
178337,0
253364,0
255782,0
299577,0
299577,0
268117,0
255252,0
255252,0
255252,0
244358,0
244358,0
399341,0
218654,0
230075,0
385975,0
175690,0
315180,0
136423,0
136423,0
136423,0
252006,0
205411,0
205411,0
201503,0
201503,0
201503,0
201503,0
183541,0
375254,0
318695,0
311202,0
311202,0
166530,0
315604,0
315604,0
228991,0
286531,0
286531,0
286531,0
122271,0
122271,0
371568,0
183347,0
112584,0
112584,0
153554,0
153554,0
269727,0
383920,0
399568,0
182299,0
241153,0
396660,0
422246,0
422246,0
422246,0
317555,0
214400,0
214400,0
390074,0
170672,0
170672,0
170672,0
423652,0
423652,0
423652,0
423652,0
423652,0
423652,0
168492,0
168492,0
261205,0
451200,0
363928,0
363928,0
401186,0
344098,0
344098,0
227255,0
174003,0
174003,0
207175,0
159938,0
159938,0
382899,0
382899,0
382899,0
171742,0
212074,0
327906,0
401794,0
128126,0
408363,0
370125,0
370125,0
208581,0
208581,0
208581,0
220763,0
220763,0
220763,0
277977,0
437842,0
437842,0
441664,0
441664,0
156085,0
367472,0
443898,0
443898,0
223008,0
223008,0
223008,0
326493,0
380433,0
380433,0
423050,0
233852,0
410981,0
410981,0
410981,0
410981,0
374821,0
374821,0
374821,0
374821,0
374821,0
170748,0
223042,0
383193,0
383193,0
383193,0
383193,0
336998,0
249475,0
240966,0
151481,0
143474,0
187549,0
187549,0
187549,0
367230,0
367230,0
105924,0
255102,0
279162,0
205754,0
150229,0
150229,0
445290,0
445290,0
194720,0
201391,0
201391,0
373645,0
449802,0
152207,0
376737,0
184733,0
184733,0
194799,0
115173,0
115173,0
400491,0
400491,0
400491,0
119861,0
119861,0
273965,0
273965,0
161456,0
214897,0
251217,0
317714,0
377397,0
220447,0
220447,0
220447,0
155235,0
407051,0
378947,0
378947,0
368922,0
262611,0
180936,0
237404,0
443849,0
246485,0
329043,0
329043,0
200288,0
200288,0
200288,0
424741,0
223921,0
416173,0
406550,0
354479,0
354479,0
272268,0
272268,0
297047,0
297047,0
188474,0
196801,0
196801,0
196801,0
331941,0
331941,0
266009,0
327894,0
327894,0
327894,0
327894,0
327894,0
327894,0
100245,0
234365,0
192844,0
219583,0
209468,0
209468,0
329446,0
375585,0
375585,0
423455,0
423455,0
247324,0
362044,0
362044,0
226213,0
226213,0
226213,0
235159,0
235159,0
372423,0
348281,0
316587,0
248584,0
267423,0
214244,0
214244,0
365106,0
407627,0
407627,0
205792,0
186401,0
396146,0
245752,0
449959,0
143878,0
143878,0
334363,0
373171,0
110733,0
110733,0
336305,0
132454,0
208002,0
254171,0
254171,0
254171,0
270330,0
147494,0
248039,0
248039,0
192121,0
135106,0
135106,0
135106,0
367749,0
379419,0
379419,0
151499,0
252506,0
353299,0
321208,0
123264,0
219608,0
219608,0
166173,0
166173,0
263381,0
109693,0
433400,0
410832,0
432127,0
125090,0
135313,0
437110,0
191418,0
196847,0
387413,0
270027,0
270027,0
186497,0
186497,0
163483,0
163483,0
163483,0
455632,0
455632,0
455632,0
372389,0
291881,0
310538,0
382449,0
382449,0
351366,0
351366,0
133404,0
227420,0
317227,0
229945,0
313799,0
313799,0
313799,0
399841,0
127961,0
325090,0
325090,0
107388,0
395896,0
184992,0
184992,0
184992,0
245255,0
158153,0
158153,0
186940,0
292506,0
110906,0
165956,0
444957,0
260026,0
260026,0
419724,0
407552,0
201326,0
201326,0
301888,0
301888,0
433069,0
446488,0
446488,0
287947,0
262041,0
262041,0
350931,0
350931,0
272372,0
399699,0
147957,0
147957,0
241648,0
218756,0
191905,0
360566,0
360566,0
380003,0
422527,0
422527,0
395057,0
189588,0
129345,0
129345,0
310469,0
310469,0
117198,0
290847,0
290847,0
287262,0
287262,0
287262,0
253731,0
376587,0
376587,0
376587,0
140638,0
326044,0
417732,0
417732,0
143147,0
114596,0
114596,0
114596,0
396308,0
322953,0
322953,0
296286,0
296286,0
296286,0
296286,0
285350,0
345632,0
222907,0
134288,0
134288,0
264340,0
264340,0
348368,0
275021,0
111652,0
111652,0
111652,0
111652,0
111652,0
241448,0
140425,0
195197,0
135293,0
433281,0
433281,0
118597,0
393637,0
145577,0
350761,0
179917,0
179917,0
106382,0
180653,0
283479,0
283479,0
307107,0
226777,0
226777,0
226777,0
325170,0
383395,0
444873,0
366082,0
400420,0
400420,0
361919,0
361919,0
239049,0
185614,0
298402,0
258742,0
206107,0
269460,0
362176,0
169350,0
379715,0
295204,0
295204,0
172208,0
403355,0
403355,0
272460,0
294740,0
248295,0
299559,0
410012,0
124968,0
201391,0
241308,0
220416,0
393185,0
393185,0
188584,0
190624,0
162241,0
252188,0
143365,0
433914,0
142409,0
319404,0
319404,0
440946,0
321055,0
321055,0
321055,0
321055,0
321055,0
321055,0
321055,0
208350,0
308249,0
400376,0
293705,0
395410,0
163441,0
129434,0
343947,0
409200,0
409200,0
409200,0
125184,0
227275,0
256422,0
404914,0
443859,0
443859,0
144143,0
144143,0
352027,0
352027,0
433771,0
264062,0
143847,0
140576,0
140576,0
106394,0
407507,0
407507,0
396381,0
255714,0
312511,0
312511,0
312511,0
140710,0
291222,0
291222,0
278267,0
422073,0
127943,0
173646,0
155024,0
155024,0
109341,0
109341,0
219426,0
248342,0
223043,0
223716,0
223716,0
421263,0
149226,0
346869,0
236896,0
207326,0
207326,0
275837,0
278305,0
278305,0
278305,0
362211,0
452083,0
452083,0
452083,0
378608,0
432895,0
432895,0
399996,0
414837,0
385978,0
385978,0
379261,0
229791,0
229791,0
229791,0
229791,0
426057,0
168420,0
210208,0
150450,0
150450,0
123683,0
123683,0
391914,0
391914,0
376717,0
376717,0
284831,0
113499,0
113499,0
395852,0
439639,0
123137,0
342212,0
312461,0
247394,0
247394,0
152354,0
250130,0
362306,0
362306,0
351058,0
176327,0
118483,0
118483,0
247202,0
247202,0
247202,0
156324,0
423803,0
410931,0
340587,0
340587,0
158290,0
312286,0
224576,0
255977,0
454908,0
454908,0
228376,0
228376,0
228376,0
297406,0
137339,0
137339,0
137339,0
137339,0
137339,0
137339,0
368204,0
205896,0
282906,0
357356,0
357356,0
357356,0
357356,0
238794,0
238794,0
188143,0
156599,0
188143,0
258621,0
418666,0
226809,0
102192,0
249329,0
228254,0
228254,0
162290,0
280708,0
404200,0
404200,0
213796,0
158164,0
296060,0
102580,0
102580,0
452481,0
353745,0
353745,0
386772,0
386249,0
183809,0
183809,0
196228,0
136963,0
355218,0
261157,0
357144,0
279542,0
279542,0
279542,0
190805,0
111485,0
196099,0
139163,0
263879,0
275554,0
363935,0
425899,0
206228,0
363388,0
450178,0
425547,0
304767,0
146873,0
111541,0
251135,0
181963,0
371559,0
150018,0
238338,0
242074,0
411027,0
411027,0
106317,0
120475,0
202202,0
122736,0
122736,0
122736,0
451736,0
123485,0
368718,0
118700,0
324264,0
323272,0
127149,0
413072,0
413072,0
162429,0
428582,0
378449,0
222418,0
180236,0
180236,0
112017,0
112017,0
112017,0
204962,0
154005,0
154005,0
130938,0
104027,0
170119,0
269463,0
223063,0
453430,0
427545,0
427545,0
324144,0
218246,0
218246,0
278152,0
130938,0
130938,0
130938,0
130938,0
130938,0
371610,0
394557,0
310599,0
412720,0
198627,0
103153,0
103153,0
111193,0
160868,0
426018,0
323436,0
323436,0
323436,0
281484,0
134657,0
246799,0
208865,0
363164,0
191688,0
373175,0
255334,0
199010,0
187066,0
358778,0
161552,0
116175,0
355732,0
317261,0
389307,0
254002,0
363834,0
437699,0
222037,0
430718,0
242622,0
418458,0
419556,0
422340,0
429942,0
123807,0
325443,0
164526,0
402431,0
202664,0
238414,0
198016,0
125697,0
207323,0
284927,0
362676,0
128121,0
128121,0
276569,0
166097,0
315116,0
322013,0
239793,0
122600,0
122600,0
370724,0
397887,0
229941,0
181575,0
371392,0
366275,0
254134,0
240282,0
395266,0
186679,0
275852,0
212574,0
418984,0
420878,0
247319,0
415358,0
313055,0
110791,0
249078,0
213270,0
177892,0
115335,0
395418,0
328279,0
226401,0
164721,0
311236,0
132134,0
437297,0
176747,0
265717,0
435022,0
192574,0
380982,0
199846,0
244363,0
281316,0
281316,0
112094,0
326660,0
137494,0
155812,0
104455,0
112568,0
419717,0
251610,0
256272,0
213054,0
448011,0
239642,0
224253,0
100228,0
190999,0
313868,0
216195,0
214985,0
141642,0
126656,0
126656,0
276501,0
225950,0
314648,0
322355,0
454210,0
421924,0
345888,0
329294,0
221413,0
295762,0
174499,0
184095,0
383395,0
389592,0
455606,0
254957,0
238173,0
317943,0
197591,0
265342,0
296023,0
394335,0
361170,0
252688,0
143220,0
231233,0
296774,0
349189,0
141448,0
283483,0
286941,0
180010,0
394754,0
429009,0
286653,0
396774,0
218716,0
375319,0
351778,0
411762,0
276077,0
276077,0
211105,0
211105,0
115306,0
248148,0
286653,0
123613,0
128014,0
358842,0
426319,0
158980,0
133611,0
133611,0
210932,0
289090,0
293157,0
452462,0
250130,0
350208,0
260699,0
308927,0
374030,0
374030,0
296533,0
395316,0
189860,0
199425,0
260304,0
363749,0
259618,0
162368,0
103461,0
381131,0
335095,0
126428,0
353527,0
250127,0
250127,0
453430,0
286107,0
377582,0
426187,0
169968,0
191077,0
313036,0
318176,0
270991,0
334938,0
304371,0
304371,0
153223,0
349002,0
130207,0
116175,0
113342,0
227626,0
215341,0
362589,0
104380,0
248281,0
446316,0
358959,0
152755,0
314374,0
314374,0
230565,0
261030,0
409125,0
132107,0
381444,0
126997,0
376658,0
138233,0
430399,0
158674,0
309773,0
386125,0
276189,0
224040,0
255691,0
452774,0
431677,0
211911,0
340185,0
401764,0
238625,0
238835,0
128310,0
128310,0
361372,0
124935,0
145820,0
367681,0
231660,0
309512,0
237883,0
136205,0
330459,0
253131,0
431677,0
334143,0
322482,0
196194,0
444736,0
448422,0
420878,0
196603,0
376279,0
338814,0
340900,0
318515,0
203103,0
439992,0
403090,0
323215,0
323215,0
183942,0
327204,0
213213,0
174747,0
187631,0
121465,0
121465,0
420472,0
206957,0
232554,0
208331,0
208331,0
264500,0
170381,0
170098,0
391886,0
298960,0
425346,0
376931,0
451930,0
387681,0
292633,0
334884,0
265124,0
419451,0
201547,0
388295,0
221655,0
351044,0
359087,0
438874,0
244394,0
340185,0
131696,0
284301,0
284301,0
266551,0
393511,0
345757,0
146191,0
357488,0
359269,0
453602,0
256422,0
178904,0
370778,0
370778,0
199727,0
199727,0
196454,0
445232,0
158046,0
430848,0
434408,0
234568,0
326410,0
148338,0
317686,0
276872,0
450081,0
207568,0
295145,0
103800,0
200822,0
120369,0
323191,0
211392,0
442320,0
277069,0
325901,0
301427,0
200769,0
303099,0
248753,0
294716,0
107604,0
426013,0
115634,0
197106,0
177172,0
373537,0
333256,0
435655,0
425172,0
135372,0
135372,0
305461,0
205507,0
375995,0
368065,0
103411,0
102600,0
314000,0
243509,0
250799,0
153418,0
397572,0
118694,0
353417,0
415905,0
351816,0
435642,0
341545,0
209794,0
115436,0
298831,0
195806,0
226099,0
367312,0
260460,0
171317,0
148116,0
401554,0
166792,0
310821,0
155668,0
392830,0
147600,0
306314,0
326030,0
120737,0
387433,0
307365,0
451810,0
399117,0
307096,0
198067,0
312481,0
422846,0
390558,0
337054,0
325454,0
135957,0
448911,0
305578,0
305578,0
340188,0
233484,0
145189,0
327106,0
134584,0
172560,0
444687,0
445097,0
316706,0
225446,0
167358,0
362893,0
362893,0
316858,0
391533,0
335410,0
436600,0
123715,0
355056,0
185500,0
167123,0
414934,0
414934,0
267347,0
362952,0
372662,0
208643,0
234221,0
234221,0
401585,0
433609,0
393215,0
382108,0
315142,0
208732,0
237425,0
379327,0
226033,0
323653,0
238147,0
125619,0
440527,0
306164,0
392668,0
366145,0
377266,0
305253,0
241544,0
314033,0
115618,0
190752,0
425331,0
332434,0
181980,0
344200,0
287681,0
185969,0
331497,0
331497,0
353146,0
304417,0
340338,0
239643,0
276136,0
212433,0
347309,0
233359,0
244940,0
306424,0
258551,0
223044,0
284674,0
392847,0
370974,0
370974,0
258692,0
314349,0
154547,0
165466,0
376542,0
158052,0
348816,0
303325,0
404948,0
347211,0
169702,0
169702,0
266070,0
125986,0
175280,0
118322,0
210990,0
316328,0
363628,0
363628,0
340106,0
397404,0
434100,0
267227,0
218205,0
277424,0
275995,0
218261,0
336302,0
248903,0
386451,0
352495,0
352495,0
332435,0
187424,0
400616,0
400613,0
367239,0
455739,0
250094,0
249352,0
363220,0
363220,0
371646,0
438443,0
428612,0
255598,0
128331,0
416760,0
378588,0
277636,0
227350,0
438312,0
344809,0
384788,0
233552,0
268985,0
429798,0
381105,0
171032,0
345818,0
337525,0
390588,0
180575,0
441602,0
441602,0
345456,0
162381,0
376529,0
263193,0
181724,0
162657,0
362579,0
362579,0
189202,0
216862,0
229384,0
275838,0
111652,0
443127,0
365226,0
110339,0
151509,0
218217,0
243708,0
404914,0
323690,0
373605,0
390094,0
191218,0
367571,0
195324,0
418002,0
446371,0
342723,0
196461,0
243191,0
103406,0
303045,0
196440,0
210966,0
212226,0
212226,0
317997,0
165157,0
344434,0
226050,0
398111,0
372933,0
174647,0
445342,0
229116,0
201773,0
113087,0
429925,0
368635,0
342419,0
378794,0
120354,0
402347,0
384788,0
384788,0
137821,0
305205,0
372296,0
171960,0
423164,0
349414,0
435918,0
239891,0
196004,0
210701,0
253711,0
253711,0
161284,0
198995,0
291985,0
441109,0
344150,0
248619,0
273198,0
367410,0
447686,0
182777,0
235902,0
318825,0
395925,0
402920,0
214982,0
289419,0
181503,0
300339,0
398732,0
345408,0
309030,0
321930,0
191077,0
306736,0
274030,0
319686,0
220648,0
149034,0
254809,0
270417,0
202180,0
210528,0
216685,0
115096,0
236319,0
357329,0
315061,0
271278,0
106670,0
161366,0
262379,0
226033,0
271918,0
448519,0
288129,0
120939,0
154352,0
182087,0
388976,0
304131,0
304131,0
375577,0
375577,0
379327,0
197629,0
134403,0
230537,0
258669,0
258669,0
258669,0
324458,0
371559,0
281515,0
438652,0
454000,0
330577,0
202166,0
202166,0
182291,0
302395,0
313322,0
193175,0
376819,0
376819,0
429817,0
149557,0
247328,0
385319,0
438271,0
175519,0
149418,0
352271,0
180579,0
230379,0
373307,0
187871,0
297751,0
105203,0
216512,0
353154,0
325896,0
154300,0
304982,0
186504,0
153591,0
173773,0
377492,0
241155,0
233204,0
175444,0
388335,0
455370,0
148368,0
370703,0
368713,0
260623,0
349048,0
348281,0
201613,0
419238,0
298960,0
352621,0
210073,0
178459,0
178459,0
269459,0
240240,0
182326,0
115028,0
369569,0
366823,0
291022,0
439532,0
391011,0
391011,0
307559,0
389072,0
308467,0
246607,0
251195,0
297501,0
431028,0
307475,0
307475,0
394123,0
361585,0
361585,0
330734,0
223063,0
133024,0
133024,0
454042,0
105624,0
376209,0
358248,0
220396,0
341019,0
117862,0
417451,0
328596,0
328596,0
369524,0
399981,0
314001,0
314001,0
314001,0
147239,0
147732,0
263947,0
263947,0
263947,0
377492,0
234632,0
234632,0
234632,0
199111,0
199111,0
278072,0
346432,0
419454,0
419454,0
151283,0
359910,0
359910,0
279162,0
147404,0
106018,0
224252,0
224252,0
426057,0
426057,0
231865,0
231865,0
382895,0
423304,0
232379,0
232379,0
232379,0
232379,0
232379,0
384694,0
384694,0
212333,0
384917,0
332397,0
332397,0
272989,0
369199,0
304388,0
173789,0
313004,0
106717,0
313831,0
218839,0
419197,0
419197,0
245566,0
124844,0
166665,0
370553,0
137908,0
264477,0
300366,0
300366,0
300366,0
300366,0
167123,0
167123,0
167123,0
167123,0
167123,0
189905,0
258799,0
160657,0
164096,0
120076,0
261344,0
308053,0
308053,0
203443,0
203443,0
119126,0
119126,0
213637,0
395009,0
141881,0
284126,0
279875,0
398505,0
398505,0
424464,0
185969,0
441390,0
441390,0
219318,0
410488,0
425933,0
273405,0
377207,0
327245,0
166211,0
441217,0
162292,0
446639,0
232203,0
232203,0
116797,0
320930,0
250970,0
250970,0
384933,0
319605,0
303657,0
229611,0
229611,0
229611,0
229611,0
309061,0
322417,0
322417,0
122152,0
208155,0
315144,0
315144,0
315144,0
315144,0
315144,0
228297,0
309530,0
254813,0
204737,0
159127,0
362410,0
237323,0
237323,0
237323,0
237323,0
328899,0
274229,0
274229,0
367327,0
264677,0
383671,0
455902,0
455902,0
448533,0
448533,0
106293,0
106293,0
106293,0
214965,0
309541,0
134670,0
134670,0
287929,0
287929,0
303507,0
303507,0
163027,0
163027,0
163027,0
163027,0
351747,0
278741,0
320094,0
351826,0
185944,0
185944,0
185944,0
170570,0
170570,0
145942,0
436434,0
106637,0
187334,0
187334,0
201969,0
229637,0
109728,0
330620,0
180088,0
180088,0
400678,0
159021,0
159021,0
159021,0
159021,0
365285,0
454771,0
429493,0
438672,0
129293,0
129293,0
129293,0
129293,0
203246,0
238014,0
238014,0
383392,0
167693,0
224509,0
133536,0
168526,0
373224,0
177791,0
177791,0
392361,0
279005,0
267015,0
141372,0
189096,0
302693,0
359687,0
318151,0
195689,0
121231,0
342703,0
342703,0
260026,0
369699,0
207604,0
197359,0
197359,0
199509,0
175490,0
175490,0
386867,0
142281,0
103378,0
378944,0
163980,0
163980,0
343776,0
358604,0
172752,0
172752,0
429050,0
187173,0
426939,0
298374,0
326833,0
293807,0
339242,0
339242,0
364465,0
364465,0
253129,0
125986,0
125986,0
103998,0
325381,0
325381,0
200699,0
303419,0
415539,0
135467,0
118134,0
129649,0
129649,0
129649,0
127650,0
127650,0
107986,0
107986,0
231462,0
180713,0
188570,0
284012,0
284012,0
284012,0
185614,0
304982,0
439797,0
439797,0
439797,0
439797,0
439797,0
431315,0
108754,0
108754,0
106428,0
106660,0
106660,0
359520,0
141622,0
323024,0
396543,0
241304,0
190743,0
190743,0
409605,0
409605,0
409605,0
178609,0
135313,0
179190,0
328480,0
328480,0
443515,0
376896,0
376896,0
278810,0
121976,0
394449,0
425065,0
183461,0
362980,0
304441,0
421159,0
421159,0
421159,0
389963,0
310135,0
130309,0
385105,0
385105,0
201096,0
292776,0
406374,0
406374,0
406374,0
186741,0
393536,0
185963,0
450430,0
105590,0
329951,0
329951,0
291878,0
291878,0
196930,0
136090,0
106283,0
106283,0
101168,0
101168,0
101168,0
383722,0
165955,0
165955,0
350238,0
350238,0
405095,0
378918,0
325997,0
318819,0
359119,0
150793,0
196440,0
126084,0
286494,0
286494,0
172900,0
121037,0
420301,0
204817,0
245926,0
245926,0
433281,0
243587,0
152336,0
399317,0
399317,0
289695,0
247113,0
340427,0
374936,0
262425,0
262425,0
200196,0
364703,0
293381,0
326625,0
326625,0
321213,0
164804,0
360328,0
360328,0
184467,0
330837,0
377290,0
197920,0
427155,0
336239,0
336239,0
368867,0
132207,0
132207,0
132207,0
336244,0
336244,0
276231,0
298998,0
131846,0
254134,0
452540,0
123342,0
123342,0
398856,0
344068,0
344068,0
344068,0
420292,0
413851,0
413851,0
355056,0
210309,0
210309,0
210309,0
395298,0
174113,0
174113,0
211132,0
374554,0
374554,0
158807,0
399241,0
138289,0
138289,0
365574,0
253859,0
253859,0
247660,0
173773,0
419099,0
419099,0
238606,0
238606,0
310550,0
310550,0
441174,0
150385,0
145362,0
279734,0
394220,0
387866,0
372086,0
308164,0
352616,0
386350,0
376587,0
102401,0
277135,0
277135,0
157228,0
375907,0
121975,0
106674,0
141077,0
147175,0
147175,0
234881,0
169838,0
145115,0
219583,0
219583,0
436257,0
426242,0
426242,0
208876,0
404798,0
228343,0
149402,0
180074,0
365824,0
356458,0
162845,0
216644,0
226496,0
330253,0
330253,0
275506,0
275506,0
275506,0
235183,0
306662,0
306662,0
306662,0
306662,0
444486,0
143670,0
381429,0
381429,0
381429,0
381429,0
113919,0
199709,0
425971,0
425971,0
223110,0
214299,0
214299,0
436303,0
456225,0
434393,0
186990,0
153560,0
153560,0
133375,0
230890,0
230890,0
230890,0
374354,0
244581,0
323663,0
293157,0
293157,0
293157,0
293157,0
449924,0
449924,0
449924,0
158749,0
132292,0
132292,0
422930,0
422930,0
420042,0
420042,0
420042,0
449413,0
399102,0
399102,0
282554,0
282554,0
404089,0
117181,0
117181,0
117181,0
349100,0
349100,0
129621,0
417334,0
417334,0
312761,0
312761,0
384797,0
211606,0
211606,0
438872,0
154573,0
322424,0
120809,0
232392,0
197106,0
197106,0
197106,0
306862,0
306862,0
234365,0
127543,0
127543,0
445270,0
114226,0
114226,0
127387,0
124126,0
366561,0
382744,0
103022,0
291785,0
291785,0
270077,0
174041,0
363291,0
363291,0
209365,0
301119,0
260090,0
227786,0
237535,0
237535,0
324872,0
199204,0
199204,0
360508,0
414712,0
315623,0
345513,0
406873,0
136423,0
136423,0
397682,0
418614,0
418614,0
180963,0
180963,0
369779,0
369779,0
411260,0
115096,0
426960,0
243742,0
312990,0
225164,0
225164,0
387275,0
390311,0
170928,0
170928,0
115304,0
393497,0
454428,0
454428,0
454428,0
454428,0
395064,0
395064,0
413081,0
186493,0
431535,0
431535,0
276876,0
276876,0
276876,0
276876,0
342078,0
339115,0
339115,0
311631,0
117873,0
285306,0
407475,0
210183,0
415479,0
272461,0
272461,0
368656,0
276798,0
114852,0
114852,0
236610,0
236610,0
294381,0
393926,0
393926,0
401334,0
102217,0
160031,0
160031,0
160031,0
292023,0
292023,0
306729,0
334084,0
190620,0
189907,0
243876,0
134487,0
303586,0
328386,0
328386,0
328386,0
328386,0
337189,0
140402,0
413334,0
430488,0
430488,0
430488,0
116687,0
378944,0
195825,0
172230,0
172230,0
181877,0
419156,0
419156,0
171980,0
299102,0
299102,0
344494,0
375881,0
375881,0
294209,0
163138,0
178579,0
178579,0
291476,0
220256,0
224753,0
140495,0
152976,0
314995,0
369055,0
360878,0
185548,0
271202,0
271202,0
171077,0
171077,0
171077,0
151544,0
208181,0
208181,0
164615,0
164615,0
164615,0
133973,0
307568,0
424741,0
203900,0
203900,0
383071,0
383071,0
434731,0
434731,0
394916,0
403157,0
316401,0
316401,0
117324,0
117324,0
426787,0
328899,0
328899,0
397807,0
425321,0
203764,0
186851,0
185001,0
185001,0
239419,0
128375,0
128375,0
331751,0
181686,0
181686,0
181686,0
367327,0
397032,0
111344,0
111344,0
166178,0
340699,0
352183,0
142724,0
142724,0
142724,0
142743,0
142743,0
353843,0
353843,0
353843,0
301722,0
301722,0
301722,0
364148,0
338167,0
332956,0
316063,0
189230,0
189230,0
189230,0
369073,0
369073,0
300637,0
139145,0
139145,0
115096,0
115096,0
142119,0
150760,0
450178,0
157457,0
201344,0
374899,0
141600,0
389385,0
389385,0
207058,0
284016,0
377112,0
444103,0
364640,0
272372,0
429031,0
132193,0
132193,0
230913,0
230913,0
283913,0
367634,0
343536,0
177998,0
216172,0
407224,0
407224,0
407224,0
138631,0
101991,0
363544,0
281947,0
281947,0
164610,0
146091,0
240825,0
232860,0
232860,0
448237,0
415900,0
415900,0
415900,0
351550,0
392013,0
145271,0
408182,0
408182,0
419064,0
419064,0
157983,0
190624,0
444959,0
139020,0
139020,0
180811,0
295552,0
295552,0
295552,0
414992,0
221423,0
427189,0
331283,0
429745,0
429745,0
429745,0
174763,0
106753,0
357744,0
357744,0
268856,0
172388,0
329893,0
329893,0
332884,0
332884,0
332884,0
366726,0
366726,0
160612,0
339115,0
252362,0
426705,0
254986,0
175928,0
287431,0
189129,0
189129,0
200455,0
139839,0
139839,0
139839,0
373357,0
374506,0
450781,0
207658,0
221245,0
221245,0
221245,0
173773,0
341551,0
341551,0
368065,0
365889,0
417133,0
279380,0
424001,0
401060,0
401060,0
401060,0
401060,0
401060,0
401060,0
237643,0
293924,0
293924,0
293924,0
284183,0
224237,0
224237,0
293169,0
362365,0
251481,0
357590,0
381275,0
381275,0
307688,0
454344,0
454344,0
135889,0
381120,0
313069,0
200491,0
200491,0
295157,0
295157,0
350502,0
130229,0
372363,0
102615,0
102615,0
252322,0
191330,0
191330,0
191330,0
371360,0
371360,0
371360,0
371360,0
371360,0
371360,0
447902,0
125069,0
303939,0
303939,0
122330,0
368015,0
170450,0
173275,0
207419,0
108596,0
137720,0
137720,0
426401,0
426401,0
362491,0
346387,0
346387,0
155073,0
263193,0
401374,0
297749,0
297749,0
295328,0
326264,0
185400,0
185400,0
436965,0
147428,0
320630,0
237225,0
209939,0
209939,0
345070,0
448251,0
339450,0
455024,0
118650,0
118650,0
182835,0
182835,0
182835,0
226187,0
226667,0
206841,0
446954,0
135834,0
135834,0
366730,0
366990,0
376414,0
437780,0
221875,0
410609,0
410609,0
249685,0
352377,0
190531,0
254615,0
254615,0
283387,0
380512,0
380512,0
207473,0
207473,0
207473,0
156272,0
118581,0
372158,0
372158,0
294377,0
386044,0
386044,0
386044,0
318702,0
318702,0
318702,0
334780,0
359520,0
295961,0
295961,0
295961,0
109136,0
109136,0
130513,0
130513,0
374842,0
426939,0
426939,0
368446,0
419138,0
101090,0
101090,0
159128,0
347020,0
424672,0
263098,0
263098,0
314239,0
238719,0
274663,0
359868,0
197767,0
238744,0
238744,0
242408,0
363978,0
151509,0
144413,0
421312,0
421312,0
108618,0
108618,0
116259,0
448683,0
448683,0
448683,0
365643,0
222871,0
222871,0
417409,0
376573,0
199020,0
236573,0
227703,0
294516,0
294516,0
139692,0
266544,0
305652,0
352999,0
177314,0
177314,0
431416,0
431416,0
268173,0
268173,0
269683,0
414943,0
191854,0
327612,0
411527,0
319703,0
319703,0
261620,0
188265,0
188265,0
273124,0
427769,0
427769,0
427769,0
182521,0
182521,0
171040,0
337160,0
362478,0
436073,0
259749,0
200551,0
356157,0
345946,0
239882,0
239882,0
239882,0
257615,0
254565,0
190592,0
197576,0
197576,0
197576,0
296166,0
190159,0
168373,0
139647,0
100920,0
328772,0
335690,0
250898,0
250898,0
250898,0
285514,0
255942,0
387565,0
339873,0
436519,0
436519,0
317709,0
393238,0
386909,0
386909,0
170413,0
170413,0
422061,0
132527,0
133833,0
133833,0
133833,0
139761,0
276930,0
402431,0
402431,0
110894,0
297555,0
183988,0
386274,0
187598,0
245915,0
245915,0
212565,0
212565,0
327666,0
395896,0
220688,0
220688,0
120265,0
285075,0
136677,0
136677,0
136677,0
109676,0
330085,0
154818,0
154818,0
202450,0
202450,0
339267,0
414044,0
414044,0
258241,0
296766,0
360508,0
360508,0
166829,0
108903,0
108903,0
175817,0
297824,0
142847,0
275787,0
275787,0
275787,0
275787,0
275787,0
347204,0
347204,0
161258,0
226300,0
226300,0
175486,0
387562,0
387562,0
387562,0
387562,0
392018,0
288130,0
102896,0
196454,0
443066,0
298044,0
109076,0
109076,0
153141,0
268236,0
361562,0
168263,0
168263,0
168263,0
232205,0
232205,0
232205,0
447698,0
257978,0
185963,0
109217,0
379723,0
286734,0
113019,0
113019,0
165879,0
287942,0
323618,0
323618,0
323618,0
346993,0
400944,0
266013,0
266013,0
266013,0
266013,0
342116,0
342116,0
135836,0
410556,0
112819,0
154999,0
358373,0
256517,0
256517,0
201950,0
401887,0
401887,0
367971,0
367971,0
367971,0
266556,0
139686,0
349870,0
209649,0
209649,0
209649,0
209649,0
309265,0
244394,0
135123,0
187649,0
179177,0
272600,0
173549,0
173549,0
455863,0
174802,0
174802,0
174802,0
330515,0
330515,0
143791,0
212333,0
212333,0
212333,0
212333,0
362572,0
281675,0
281675,0
281675,0
281675,0
281675,0
442682,0
351051,0
351051,0
351051,0
438591,0
350738,0
350738,0
408363,0
418264,0
193971,0
193971,0
264769,0
264769,0
264769,0
177272,0
177272,0
184098,0
184098,0
384158,0
384158,0
303876,0
303876,0
303876,0
303876,0
397514,0
230520,0
230520,0
217677,0
308868,0
136372,0
136372,0
136372,0
136372,0
392589,0
392458,0
392458,0
184607,0
207084,0
439206,0
439206,0
170362,0
316148,0
111818,0
111818,0
113060,0
113060,0
289695,0
109924,0
105524,0
254446,0
325600,0
420798,0
420798,0
352057,0
352057,0
352057,0
352057,0
198020,0
372460,0
372460,0
372460,0
210980,0
248278,0
415900,0
405705,0
387247,0
170838,0
170838,0
151508,0
452774,0
154368,0
154368,0
154368,0
203308,0
375689,0
298735,0
298735,0
215735,0
262731,0
262731,0
344913,0
160747,0
361490,0
135060,0
452056,0
167443,0
167443,0
426833,0
162284,0
162284,0
196741,0
235516,0
213558,0
417437,0
334315,0
334315,0
334315,0
358091,0
256439,0
256439,0
138481,0
375512,0
221450,0
372780,0
196538,0
196538,0
335004,0
397807,0
397807,0
227619,0
343718,0
303780,0
262041,0
118422,0
118422,0
118422,0
408390,0
274788,0
121894,0
221858,0
221858,0
410043,0
233865,0
233865,0
233865,0
233865,0
233865,0
233865,0
241216,0
409074,0
137844,0
137844,0
208036,0
351758,0
448003,0
269655,0
156502,0
156502,0
114774,0
268597,0
375564,0
375564,0
375564,0
270751,0
244891,0
221733,0
221733,0
369643,0
270852,0
369875,0
369875,0
197509,0
197509,0
401855,0
208331,0
208331,0
273032,0
332040,0
182601,0
103477,0
452579,0
400893,0
173408,0
310090,0
310090,0
226508,0
226508,0
339505,0
115952,0
373549,0
372296,0
372296,0
372296,0
267363,0
267363,0
441540,0
404798,0
404798,0
323701,0
427594,0
426069,0
370485,0
315595,0
145182,0
133258,0
127686,0
127686,0
103206,0
365764,0
365764,0
196102,0
134069,0
290894,0
133452,0
321346,0
410514,0
318955,0
186443,0
205281,0
205281,0
383071,0
383071,0
398172,0
348467,0
267465,0
267465,0
267465,0
408040,0
132837,0
132837,0
132837,0
264626,0
398578,0
398578,0
204817,0
343165,0
375650,0
375650,0
402175,0
381733,0
381733,0
381733,0
320501,0
174314,0
384897,0
384897,0
319116,0
437630,0
323266,0
270804,0
277582,0
179454,0
234368,0
234368,0
386274,0
199209,0
199209,0
199209,0
269992,0
116755,0
189096,0
189096,0
189096,0
189096,0
263180,0
263180,0
263180,0
263180,0
325916,0
325916,0
356392,0
273940,0
273940,0
273940,0
397713,0
397713,0
397713,0
184706,0
401917,0
298715,0
298715,0
298715,0
298715,0
222749,0
222749,0
110756,0
191191,0
155462,0
155462,0
212676,0
227358,0
227358,0
169157,0
169157,0
281598,0
170732,0
170732,0
170732,0
170732,0
170732,0
170732,0
295180,0
347703,0
442355,0
238938,0
238938,0
123211,0
123211,0
256040,0
200196,0
200196,0
312300,0
250094,0
431190,0
353477,0
312637,0
312637,0
143568,0
143568,0
143568,0
341551,0
341551,0
341551,0
341551,0
361232,0
361232,0
361232,0
175213,0
180052,0
180052,0
333365,0
200644,0
200311,0
335568,0
335568,0
335568,0
196078,0
443277,0
443277,0
443277,0
443277,0
291541,0
291541,0
156880,0
258319,0
277141,0
341085,0
167382,0
167382,0
269959,0
326382,0
326382,0
326382,0
143814,0
143814,0
187268,0
263929,0
314555,0
119904,0
119904,0
119904,0
126054,0
146343,0
234086,0
234086,0
234086,0
234086,0
103447,0
387896,0
408337,0
448344,0
265125,0
265125,0
265125,0
193775,0
269304,0
363471,0
387735,0
329336,0
329336,0
160722,0
456247,0
363736,0
363736,0
353703,0
353703,0
274702,0
274599,0
195223,0
436303,0
436303,0
139954,0
139954,0
276902,0
364020,0
285528,0
105100,0
214041,0
215582,0
368014,0
368014,0
238278,0
416267,0
191092,0
191092,0
185810,0
434612,0
434612,0
434612,0
149136,0
168040,0
349736,0
312971,0
312971,0
196473,0
196473,0
196473,0
196473,0
426794,0
426794,0
426794,0
426794,0
165024,0
165024,0
165024,0
165024,0
352877,0
352877,0
352877,0
206223,0
349472,0
162952,0
441602,0
328899,0
328899,0
328899,0
101470,0
333988,0
333988,0
387254,0
112061,0
231453,0
276005,0
266045,0
266045,0
266045,0
266045,0
266045,0
266045,0
343947,0
343947,0
343947,0
118554,0
118554,0
276937,0
239180,0
188257,0
188257,0
275501,0
292758,0
338291,0
330218,0
330218,0
318105,0
318105,0
318105,0
103527,0
279129,0
376308,0
155007,0
280751,0
248753,0
317381,0
317381,0
112728,0
112728,0
424157,0
424157,0
451840,0
352725,0
426069,0
426069,0
426069,0
426069,0
239566,0
239566,0
148462,0
148462,0
125796,0
124564,0
277424,0
128477,0
128477,0
318384,0
307518,0
307518,0
337469,0
417744,0
129616,0
200621,0
418477,0
418477,0
333813,0
279604,0
357580,0
357580,0
189517,0
395758,0
395758,0
300489,0
142924,0
243358,0
243358,0
252853,0
155797,0
306363,0
306363,0
306363,0
306363,0
306363,0
443802,0
269248,0
293069,0
293069,0
293069,0
293069,0
288116,0
401887,0
248528,0
248528,0
313186,0
126706,0
169060,0
186775,0
312399,0
312399,0
242244,0
242244,0
242244,0
242244,0
242244,0
238457,0
238457,0
238457,0
371762,0
371762,0
334010,0
334010,0
213244,0
137185,0
137185,0
199535,0
219244,0
358183,0
358183,0
299132,0
258339,0
218203,0
344384,0
344384,0
344384,0
344384,0
300258,0
330525,0
252263,0
144641,0
186770,0
297392,0
297392,0
317798,0
317798,0
317798,0
269180,0
285415,0
381496,0
429738,0
154708,0
291166,0
361021,0
361021,0
361021,0
455221,0
455221,0
165470,0
165470,0
430818,0
248413,0
138059,0
430604,0
430604,0
319272,0
398723,0
398723,0
455630,0
455630,0
175105,0
198566,0
198566,0
369699,0
393457,0
393457,0
210870,0
377399,0
408195,0
394704,0
128121,0
383178,0
256630,0
256630,0
101455,0
101455,0
101455,0
347069,0
201635,0
193556,0
175751,0
175751,0
175751,0
438861,0
438861,0
324085,0
342524,0
342524,0
334873,0
426112,0
377814,0
325530,0
207633,0
254171,0
254171,0
254171,0
155482,0
155482,0
155482,0
155482,0
323197,0
126598,0
357019,0
357019,0
357019,0
357019,0
357019,0
212689,0
305421,0
114201,0
384452,0
384452,0
101879,0
101879,0
243336,0
243336,0
192651,0
383503,0
143636,0
340095,0
340095,0
340095,0
397262,0
211497,0
211497,0
394229,0
394229,0
102747,0
102747,0
102747,0
284352,0
292996,0
164959,0
164959,0
164959,0
327134,0
451311,0
451311,0
349068,0
349068,0
305121,0
216381,0
216381,0
216381,0
102737,0
164689,0
170748,0
170748,0
273993,0
281506,0
281506,0
324507,0
370566,0
379991,0
379991,0
368857,0
117862,0
240208,0
307517,0
296957,0
453968,0
453968,0
331554,0
407994,0
205896,0
182799,0
182799,0
437755,0
234311,0
158392,0
192787,0
271329,0
419858,0
424015,0
424015,0
424015,0
350299,0
160797,0
160797,0
160797,0
232285,0
232285,0
294943,0
294943,0
177208,0
205708,0
200314,0
201344,0
314131,0
271184,0
399301,0
399301,0
399301,0
146307,0
254928,0
419655,0
275843,0
275843,0
275843,0
275843,0
275843,0
301053,0
280579,0
280579,0
303581,0
132527,0
406675,0
162037,0
397733,0
230818,0
174005,0
235747,0
366275,0
365147,0
333988,0
293875,0
223004,0
404762,0
393147,0
330176,0
206339,0
206339,0
231464,0
451871,0
451871,0
228055,0
239117,0
216425,0
317326,0
419243,0
339115,0
339115,0
138901,0
138901,0
418155,0
357829,0
404107,0
128745,0
128745,0
128745,0
288471,0
240040,0
240040,0
329439,0
329439,0
273572,0
432930,0
432930,0
432930,0
432930,0
367167,0
162115,0
283878,0
283878,0
445772,0
445772,0
418949,0
277086,0
277086,0
430783,0
430783,0
262379,0
149730,0
437944,0
384025,0
384025,0
195423,0
273688,0
273688,0
273688,0
273688,0
273688,0
275753,0
275753,0
275753,0
272888,0
182601,0
271202,0
266352,0
238341,0
284702,0
205567,0
205567,0
165038,0
324290,0
340252,0
156080,0
114395,0
201954,0
280523,0
450229,0
450229,0
234656,0
352038,0
422998,0
263605,0
271989,0
271989,0
119271,0
119271,0
333489,0
348076,0
380950,0
106878,0
142006,0
419717,0
178436,0
178436,0
335536,0
119482,0
429484,0
429484,0
429484,0
429484,0
429484,0
157783,0
223050,0
370099,0
286095,0
135705,0
251040,0
384420,0
384420,0
415560,0
415560,0
415560,0
264626,0
234563,0
192861,0
192861,0
309916,0
434460,0
198382,0
169251,0
169251,0
166208,0
145673,0
308677,0
308677,0
159652,0
159652,0
190681,0
190681,0
293767,0
198657,0
161183,0
396016,0
158436,0
342757,0
362338,0
419911,0
403316,0
196405,0
196405,0
196405,0
233618,0
450974,0
163062,0
266945,0
282570,0
238563,0
238563,0
238563,0
310821,0
343317,0
144209,0
125079,0
125079,0
209665,0
411494,0
396175,0
396175,0
396175,0
417616,0
343312,0
343312,0
199371,0
127842,0
159358,0
149949,0
211967,0
211967,0
211967,0
133740,0
133740,0
133740,0
213585,0
213585,0
181131,0
181131,0
245354,0
332691,0
415754,0
415754,0
415754,0
323597,0
323597,0
157675,0
157675,0
139741,0
339533,0
339533,0
339533,0
290093,0
413110,0
191910,0
191910,0
414883,0
414883,0
414883,0
447018,0
447018,0
322891,0
298095,0
298095,0
298095,0
171980,0
171980,0
171980,0
224175,0
224175,0
286998,0
118804,0
371475,0
280462,0
128329,0
109950,0
245025,0
377591,0
377591,0
312291,0
312291,0
436209,0
436209,0
436209,0
436209,0
275689,0
214965,0
214965,0
218352,0
376858,0
376858,0
171052,0
393903,0
367312,0
367312,0
140832,0
140832,0
447750,0
341404,0
416117,0
416117,0
416117,0
450290,0
362630,0
377301,0
377301,0
377301,0
265864,0
299763,0
333566,0
175480,0
377792,0
420126,0
125866,0
125866,0
158176,0
455951,0
441714,0
438101,0
294100,0
345453,0
222528,0
222528,0
404891,0
456241,0
449675,0
152336,0
420017,0
201266,0
277032,0
277032,0
277032,0
277032,0
277032,0
277032,0
277032,0
193178,0
329652,0
387534,0
387534,0
145512,0
145512,0
209380,0
209380,0
209380,0
399135,0
209794,0
132539,0
132539,0
347432,0
328997,0
328997,0
365684,0
357863,0
357863,0
447256,0
447256,0
206720,0
195752,0
130241,0
249097,0
304729,0
304729,0
182869,0
182869,0
182869,0
168033,0
113128,0
135769,0
370409,0
370409,0
347507,0
426750,0
239455,0
165881,0
154683,0
246878,0
317703,0
252183,0
438846,0
411823,0
411823,0
322275,0
322275,0
329521,0
131243,0
455322,0
383020,0
379420,0
257409,0
411494,0
203403,0
161076,0
298520,0
210580,0
147566,0
383505,0
280267,0
245070,0
363442,0
277733,0
290239,0
364824,0
106994,0
229136,0
290552,0
144647,0
259112,0
319222,0
313353,0
370496,0
134086,0
278606,0
173799,0
331099,0
200751,0
336715,0
453815,0
226267,0
165649,0
430271,0
120454,0
174390,0
337678,0
372589,0
321929,0
402347,0
237139,0
290370,0
326974,0
424277,0
203433,0
206221,0
354029,0
273357,0
221656,0
317650,0
107657,0
353433,0
143547,0
422662,0
282925,0
365206,0
280015,0
200796,0
301018,0
236085,0
396741,0
321346,0
242713,0
385714,0
418737,0
393195,0
358373,0
396741,0
239566,0
388195,0
126558,0
306480,0
322405,0
427615,0
416044,0
325113,0
385796,0
255716,0
441461,0
229116,0
258238,0
308808,0
439376,0
135570,0
212959,0
172308,0
172308,0
176236,0
409067,0
335272,0
370003,0
330515,0
129700,0
284192,0
315350,0
418635,0
415557,0
348766,0
193242,0
222053,0
454139,0
182447,0
153298,0
389301,0
370946,0
240146,0
427615,0
426758,0
379990,0
159745,0
121001,0
394626,0
394626,0
162428,0
134277,0
234380,0
143043,0
142337,0
446964,0
451686,0
399773,0
253319,0
163247,0
241448,0
360165,0
210363,0
136985,0
349708,0
349708,0
371731,0
389830,0
262972,0
365926,0
207704,0
221339,0
201855,0
424848,0
256859,0
255252,0
226050,0
247502,0
383935,0
175854,0
175854,0
175854,0
242439,0
449242,0
131653,0
118460,0
296114,0
190348,0
298354,0
445669,0
113101,0
401707,0
258565,0
273883,0
336011,0
431558,0
223802,0
198347,0
173082,0
355916,0
121168,0
149722,0
196609,0
261060,0
222528,0
262989,0
419708,0
142214,0
436016,0
231380,0
305761,0
255034,0
255034,0
449174,0
227364,0
451838,0
363189,0
118422,0
433221,0
384485,0
177410,0
423652,0
278066,0
318515,0
153001,0
295313,0
340155,0
327800,0
341361,0
383178,0
128121,0
276153,0
146899,0
395693,0
139066,0
139066,0
324893,0
168829,0
135870,0
260048,0
364275,0
233660,0
282684,0
174235,0
309877,0
420321,0
332677,0
157740,0
278077,0
441931,0
441931,0
272455,0
358713,0
237854,0
436892,0
240689,0
234938,0
396894,0
223110,0
334729,0
337392,0
141221,0
141221,0
307155,0
275384,0
138149,0
389796,0
145703,0
383193,0
143474,0
201391,0
436642,0
340065,0
377916,0
280483,0
350943,0
432147,0
415429,0
127264,0
288886,0
235413,0
392857,0
140200,0
116513,0
162598,0
156055,0
357580,0
447951,0
303782,0
422343,0
400688,0
174914,0
174914,0
389121,0
295544,0
326493,0
162241,0
162241,0
421263,0
130439,0
269687,0
285188,0
262375,0
339814,0
138571,0
245365,0
451106,0
451106,0
285527,0
220447,0
368922,0
190668,0
424741,0
223921,0
354479,0
272268,0
109946,0
310619,0
234365,0
219583,0
415402,0
219841,0
364500,0
440527,0
269188,0
269188,0
442563,0
246095,0
157616,0
128905,0
286151,0
389203,0
202481,0
192073,0
392222,0
265507,0
104377,0
145480,0
439843,0
395896,0
205526,0
247871,0
120102,0
429925,0
115461,0
187457,0
357295,0
324924,0
312227,0
164007,0
420462,0
148469,0
173747,0
355400,0
363196,0
402252,0
291095,0
439728,0
444692,0
261462,0
423455,0
416094,0
302156,0
186401,0
373171,0
317412,0
135106,0
162609,0
208919,0
106383,0
279716,0
156614,0
325750,0
453734,0
455536,0
387107,0
183421,0
417520,0
173549,0
428582,0
428582,0
245612,0
147012,0
142065,0
244572,0
442014,0
188604,0
376660,0
440512,0
350201,0
131699,0
235784,0
359011,0
431395,0
390372,0
138100,0
118219,0
292943,0
331390,0
125021,0
164404,0
249477,0
121867,0
250182,0
223315,0
398768,0
183490,0
361447,0
257902,0
267849,0
184467,0
123264,0
317227,0
451736,0
410385,0
410385,0
139607,0
274702,0
434612,0
323191,0
423455,0
151084,0
151084,0
318855,0
200621,0
302367,0
406365,0
390237,0
390237,0
369808,0
130735,0
129598,0
248044,0
286614,0
255981,0
372589,0
225497,0
157291,0
283452,0
309220,0
376481,0
341265,0
449286,0
210231,0
118915,0
389617,0
432409,0
432409,0
231660,0
313449,0
334536,0
347549,0
116762,0
284328,0
205792,0
186940,0
245108,0
274751,0
259943,0
343306,0
135253,0
164506,0
187066,0
416675,0
224596,0
250861,0
333006,0
427956,0
427956,0
364297,0
200551,0
292188,0
207971,0
230781,0
151654,0
112042,0
400842,0
323325,0
404027,0
175135,0
121567,0
102596,0
245255,0
269121,0
280497,0
319159,0
330851,0
312046,0
158527,0
344382,0
145218,0
173773,0
214646,0
401935,0
150915,0
285350,0
274495,0
378572,0
378572,0
112928,0
240633,0
175874,0
315526,0
451576,0
451576,0
184312,0
351764,0
341019,0
354122,0
248148,0
382413,0
223528,0
327951,0
382845,0
245224,0
369402,0
337630,0
256423,0
328230,0
434032,0
416364,0
408750,0
136090,0
114057,0
368164,0
395780,0
341739,0
310491,0
385454,0
129106,0
129106,0
341879,0
131852,0
449286,0
244315,0
241603,0
204251,0
207019,0
302739,0
444159,0
389307,0
206101,0
342717,0
289151,0
282035,0
134695,0
223368,0
407381,0
191826,0
384074,0
363189,0
194881,0
293971,0
266153,0
419156,0
419156,0
418494,0
217734,0
414172,0
217933,0
450517,0
267378,0
239931,0
389574,0
234120,0
205377,0
119281,0
282348,0
392599,0
399327,0
218497,0
223272,0
396645,0
245255,0
356615,0
351674,0
451084,0
188814,0
159976,0
367239,0
346175,0
193634,0
269687,0
310490,0
212691,0
212691,0
174604,0
148463,0
278155,0
327415,0
424844,0
376454,0
195408,0
195408,0
446371,0
401359,0
131616,0
182285,0
112186,0
296749,0
177423,0
342252,0
447606,0
338513,0
338513,0
239312,0
176076,0
349613,0
450512,0
101500,0
430369,0
146685,0
183740,0
216449,0
244335,0
342372,0
342372,0
445917,0
229116,0
382424,0
422097,0
387778,0
447058,0
179260,0
388592,0
335272,0
453554,0
310211,0
228444,0
123422,0
177885,0
370549,0
428853,0
146054,0
393320,0
143331,0
427820,0
128951,0
108197,0
218398,0
129953,0
129953,0
230313,0
455984,0
416108,0
117553,0
170749,0
434333,0
128905,0
165105,0
424793,0
424793,0
248215,0
143124,0
174571,0
456215,0
176952,0
402629,0
367862,0
358721,0
130882,0
438521,0
295544,0
166081,0
206228,0
201979,0
349478,0
419558,0
369656,0
240493,0
200187,0
189486,0
451057,0
116375,0
381712,0
350322,0
151304,0
364951,0
364951,0
285767,0
277910,0
275261,0
107912,0
105762,0
233023,0
302703,0
352766,0
138276,0
452769,0
401035,0
360192,0
302624,0
245649,0
102711,0
102711,0
156972,0
202245,0
446782,0
225785,0
285301,0
208135,0
323645,0
182149,0
348857,0
136766,0
251195,0
305705,0
380696,0
153560,0
192583,0
130298,0
337801,0
258902,0
113822,0
323272,0
389787,0
260330,0
187871,0
266884,0
132290,0
298044,0
415438,0
363781,0
158526,0
377908,0
408652,0
366953,0
161897,0
238976,0
363736,0
119132,0
131719,0
356039,0
359389,0
450552,0
307043,0
261060,0
200455,0
286146,0
326476,0
260306,0
195357,0
332434,0
102403,0
177887,0
228234,0
407561,0
275683,0
423075,0
268727,0
285531,0
416501,0
314149,0
171021,0
229566,0
435827,0
435827,0
288129,0
346433,0
371778,0
111635,0
218769,0
219262,0
139042,0
305987,0
403340,0
125146,0
237927,0
296639,0
440177,0
351780,0
155423,0
173429,0
189679,0
396066,0
132611,0
248229,0
135894,0
207281,0
246143,0
380777,0
395736,0
393526,0
445819,0
336811,0
446220,0
200207,0
373023,0
395162,0
395162,0
357915,0
249043,0
225950,0
441258,0
364050,0
364050,0
364050,0
369448,0
369448,0
437275,0
303863,0
220256,0
220256,0
151532,0
287574,0
287574,0
287574,0
379688,0
379688,0
209012,0
332217,0
248272,0
316780,0
335173,0
163594,0
163594,0
127058,0
428983,0
351674,0
351674,0
351674,0
141814,0
141814,0
370392,0
370392,0
370392,0
416315,0
390268,0
113730,0
143945,0
197756,0
224710,0
224710,0
205281,0
241009,0
252345,0
136299,0
136299,0
186563,0
186563,0
246049,0
241603,0
213578,0
271686,0
277881,0
392841,0
335095,0
188265,0
188265,0
113460,0
206870,0
426871,0
385627,0
218365,0
218365,0
355733,0
355733,0
355733,0
436968,0
436968,0
253505,0
253505,0
173714,0
143103,0
144662,0
316893,0
247590,0
129586,0
221807,0
221807,0
180696,0
229262,0
229262,0
435384,0
172836,0
366899,0
353527,0
353527,0
353527,0
353527,0
431677,0
431677,0
431677,0
431677,0
431677,0
431677,0
327498,0
327498,0
327498,0
327498,0
215796,0
441714,0
155610,0
155610,0
155610,0
172702,0
172702,0
123580,0
144698,0
135887,0
211911,0
211911,0
377896,0
361058,0
257307,0
394114,0
394114,0
394114,0
401764,0
447388,0
447388,0
270080,0
384547,0
384547,0
384547,0
384547,0
323184,0
238835,0
226344,0
226344,0
226344,0
226344,0
403560,0
128310,0
284702,0
351805,0
378336,0
336623,0
378937,0
420472,0
420472,0
420472,0
225120,0
403898,0
202613,0
202613,0
202613,0
263938,0
296365,0
405573,0
395243,0
272989,0
206957,0
206957,0
206957,0
396849,0
441523,0
284143,0
129154,0
444172,0
392886,0
392886,0
232554,0
232554,0
232554,0
232554,0
274197,0
171242,0
171242,0
208331,0
201023,0
201023,0
202202,0
363710,0
401554,0
116576,0
178904,0
169946,0
169946,0
425981,0
211040,0
138999,0
138999,0
116487,0
116487,0
370778,0
370778,0
370778,0
199727,0
424228,0
424228,0
344372,0
322771,0
322771,0
119805,0
119805,0
123579,0
123579,0
339410,0
122907,0
122907,0
154683,0
154683,0
242575,0
420016,0
159456,0
159456,0
159456,0
159456,0
159456,0
419138,0
419138,0
419138,0
419138,0
419138,0
445232,0
272455,0
272455,0
272455,0
203391,0
151434,0
422545,0
223315,0
223315,0
174795,0
326246,0
326246,0
166169,0
290339,0
290339,0
290339,0
290339,0
219022,0
363734,0
363734,0
363734,0
363734,0
363734,0
177061,0
401181,0
162393,0
273755,0
273755,0
273755,0
275851,0
417437,0
251071,0
251071,0
258848,0
258848,0
374149,0
374149,0
374149,0
247776,0
417493,0
252983,0
252983,0
395895,0
419197,0
419197,0
155776,0
155776,0
155776,0
242796,0
242796,0
242796,0
242796,0
219262,0
219262,0
363488,0
355141,0
447059,0
153141,0
397032,0
241153,0
370808,0
293258,0
270298,0
270298,0
138002,0
310121,0
383747,0
383747,0
392830,0
392830,0
430809,0
430809,0
430809,0
294148,0
314143,0
308190,0
363221,0
363221,0
242950,0
444739,0
218828,0
290048,0
295971,0
111382,0
111382,0
399461,0
426750,0
147600,0
290889,0
290889,0
290889,0
127866,0
127866,0
432998,0
369095,0
291338,0
301626,0
301626,0
387433,0
387433,0
114069,0
114069,0
200216,0
393715,0
393715,0
151879,0
151879,0
151879,0
450967,0
450967,0
284684,0
284684,0
451810,0
419724,0
166797,0
304749,0
341555,0
175938,0
140197,0
167358,0
167358,0
218828,0
245808,0
362893,0
362893,0
416147,0
181246,0
416978,0
416978,0
316858,0
316858,0
316858,0
316858,0
136259,0
136259,0
105875,0
210701,0
210701,0
368549,0
368549,0
278888,0
360357,0
356981,0
363533,0
363533,0
363533,0
363533,0
363533,0
316957,0
116825,0
391533,0
436600,0
261510,0
261510,0
111870,0
123715,0
100013,0
355056,0
355056,0
355056,0
347331,0
220181,0
110312,0
395135,0
395135,0
443353,0
157056,0
110634,0
180781,0
209233,0
209233,0
414122,0
316999,0
216831,0
228516,0
228516,0
228516,0
286335,0
286335,0
143594,0
278853,0
173784,0
173784,0
445269,0
130276,0
389427,0
389427,0
389427,0
415438,0
329700,0
114372,0
295420,0
295420,0
112268,0
201775,0
357750,0
376369,0
227833,0
291103,0
291103,0
450171,0
176127,0
176127,0
122958,0
218797,0
186797,0
186797,0
186797,0
380153,0
380153,0
380153,0
280189,0
280189,0
447880,0
447880,0
343369,0
343369,0
343369,0
133988,0
382857,0
316600,0
340338,0
340338,0
340338,0
239643,0
239643,0
239643,0
276136,0
305084,0
212433,0
339000,0
144500,0
286390,0
286390,0
281752,0
263253,0
362728,0
400808,0
152330,0
152330,0
400616,0
400616,0
254446,0
416514,0
416514,0
446433,0
446433,0
316524,0
181302,0
269852,0
424510,0
292060,0
104184,0
282807,0
351097,0
189029,0
189029,0
180654,0
398997,0
367239,0
170571,0
155334,0
435935,0
162561,0
162561,0
162561,0
428312,0
428312,0
324213,0
366911,0
455739,0
300598,0
245788,0
245788,0
245788,0
245788,0
203502,0
440833,0
400481,0
270930,0
367768,0
367768,0
352400,0
352400,0
335052,0
198569,0
395691,0
430618,0
152537,0
152537,0
121789,0
274877,0
274877,0
274877,0
275838,0
275838,0
275838,0
372795,0
372795,0
347446,0
362338,0
218994,0
326841,0
160332,0
160332,0
365226,0
112112,0
377642,0
377642,0
407446,0
407446,0
407446,0
110339,0
110339,0
110339,0
110339,0
440544,0
218291,0
117151,0
272019,0
272019,0
272019,0
356026,0
356026,0
151509,0
151509,0
401157,0
401157,0
401157,0
401157,0
240633,0
240633,0
240633,0
240633,0
240633,0
240633,0
240633,0
429108,0
429108,0
104421,0
104421,0
104421,0
361014,0
125399,0
109172,0
363432,0
419064,0
419064,0
170554,0
429925,0
333774,0
441525,0
441525,0
421542,0
421542,0
443538,0
443538,0
169251,0
169251,0
169251,0
420298,0
420298,0
192075,0
192075,0
286614,0
383201,0
213158,0
294403,0
256713,0
256713,0
179538,0
179538,0
265682,0
265682,0
140361,0
140361,0
372047,0
337494,0
337494,0
337494,0
152925,0
152925,0
152925,0
152925,0
129030,0
129030,0
129030,0
259299,0
392511,0
158394,0
150942,0
173162,0
173162,0
125062,0
377947,0
400608,0
320081,0
320081,0
161341,0
161341,0
249508,0
249508,0
130152,0
320378,0
320378,0
181963,0
400505,0
347207,0
199092,0
199092,0
431763,0
372586,0
372586,0
311822,0
311822,0
228624,0
228624,0
310858,0
310858,0
150031,0
150031,0
174795,0
153467,0
153467,0
395493,0
101298,0
407829,0
405361,0
229158,0
341495,0
341495,0
115105,0
164783,0
255223,0
230822,0
432867,0
261728,0
370237,0
370237,0
347511,0
413889,0
174381,0
204601,0
158560,0
302110,0
322974,0
322974,0
377651,0
230174,0
362722,0
362722,0
362722,0
185645,0
455810,0
214375,0
214375,0
214375,0
214375,0
338509,0
409949,0
128680,0
403130,0
369674,0
452598,0
254521,0
244012,0
244012,0
203824,0
408173,0
408173,0
221303,0
177351,0
123299,0
351849,0
351849,0
351849,0
351849,0
351849,0
100414,0
100414,0
100414,0
150453,0
256910,0
203433,0
291238,0
420813,0
420813,0
336405,0
246182,0
246182,0
257897,0
257897,0
325510,0
325510,0
135919,0
416248,0
416248,0
180649,0
366423,0
366423,0
366423,0
113574,0
165225,0
252224,0
357767,0
357767,0
356665,0
399849,0
399849,0
279250,0
279250,0
279250,0
423793,0
197031,0
320096,0
426762,0
394994,0
394994,0
418711,0
194239,0
194239,0
299858,0
299858,0
269160,0
402573,0
265507,0
276189,0
276189,0
170178,0
271359,0
271359,0
212617,0
212617,0
377153,0
224182,0
224182,0
224182,0
395085,0
395085,0
195852,0
107008,0
173995,0
173995,0
231359,0
302509,0
156962,0
446311,0
150942,0
150942,0
314492,0
116812,0
116812,0
380952,0
385003,0
258999,0
310578,0
456239,0
456239,0
456239,0
456239,0
245553,0
290855,0
198167,0
104461,0
271013,0
183431,0
415395,0
120029,0
314552,0
320631,0
274299,0
175260,0
233657,0
233657,0
127078,0
127078,0
127078,0
218935,0
212004,0
330261,0
193386,0
187325,0
187325,0
331548,0
389819,0
199209,0
199209,0
283483,0
337830,0
149194,0
374039,0
374039,0
350054,0
350054,0
350054,0
256206,0
256206,0
215079,0
215079,0
168492,0
401474,0
410024,0
360848,0
301427,0
421175,0
201672,0
145942,0
145942,0
332852,0
423899,0
355218,0
150578,0
113498,0
249509,0
249509,0
249509,0
246588,0
246588,0
397003,0
397003,0
441430,0
441430,0
360849,0
442668,0
442668,0
442668,0
442668,0
442668,0
196855,0
180153,0
422431,0
422431,0
192948,0
132467,0
260400,0
391518,0
181419,0
181419,0
287549,0
287549,0
111025,0
381091,0
184094,0
184094,0
135887,0
135887,0
186101,0
186101,0
103319,0
276701,0
194223,0
447546,0
194400,0
183512,0
109258,0
372807,0
351648,0
344990,0
243980,0
243980,0
243980,0
377795,0
377795,0
194032,0
269532,0
401145,0
401145,0
333792,0
333792,0
105203,0
105203,0
105203,0
358992,0
358992,0
434790,0
434790,0
156645,0
345697,0
390378,0
390378,0
243760,0
243760,0
253055,0
253055,0
253055,0
253055,0
124396,0
124396,0
124919,0
132865,0
199660,0
199660,0
257392,0
257392,0
257392,0
351606,0
413701,0
416696,0
360829,0
360829,0
360829,0
128676,0
128676,0
411822,0
310752,0
310752,0
310752,0
121669,0
277424,0
212013,0
353477,0
353477,0
273993,0
273993,0
273993,0
273993,0
141392,0
325901,0
325901,0
213963,0
239125,0
240966,0
287733,0
327871,0
182326,0
245024,0
136530,0
451377,0
451377,0
161434,0
161434,0
161434,0
112670,0
232134,0
232134,0
361422,0
361422,0
133825,0
133825,0
293750,0
428705,0
361298,0
193461,0
274776,0
274776,0
274776,0
277891,0
453671,0
344316,0
344316,0
243681,0
134931,0
126567,0
126567,0
222538,0
355893,0
422842,0
422842,0
423803,0
423803,0
153013,0
448016,0
396599,0
135147,0
251302,0
446357,0
281675,0
359248,0
359248,0
112811,0
112811,0
195275,0
312628,0
213385,0
352541,0
352541,0
352541,0
193237,0
193237,0
294417,0
129974,0
129974,0
358637,0
252413,0
252413,0
302044,0
302044,0
302044,0
275689,0
275689,0
347703,0
347703,0
383334,0
135879,0
251971,0
251971,0
220440,0
220440,0
108976,0
132965,0
375254,0
375254,0
441525,0
425390,0
425390,0
425390,0
225855,0
446509,0
288322,0
288322,0
270420,0
174616,0
174616,0
269881,0
269881,0
428224,0
360624,0
236821,0
148789,0
148789,0
148789,0
148789,0
167805,0
312115,0
373464,0
373464,0
274299,0
132907,0
132907,0
225718,0
225718,0
168205,0
281110,0
179118,0
405506,0
209717,0
265692,0
265692,0
355916,0
170520,0
114912,0
114912,0
114912,0
114912,0
177526,0
145372,0
145372,0
342826,0
261731,0
261731,0
336701,0
130735,0
130735,0
224037,0
390588,0
353674,0
442939,0
174791,0
394596,0
394596,0
137464,0
110557,0
110557,0
110557,0
449841,0
449841,0
219418,0
281737,0
304317,0
228663,0
380778,0
380778,0
250875,0
250875,0
250875,0
250875,0
272288,0
156808,0
156808,0
187118,0
187118,0
130979,0
130979,0
319556,0
319271,0
319271,0
278267,0
278267,0
203878,0
434411,0
107876,0
107876,0
101104,0
271505,0
163435,0
256040,0
256040,0
418341,0
418748,0
418748,0
346750,0
229401,0
134538,0
134538,0
205548,0
373268,0
280593,0
214985,0
214985,0
328149,0
177019,0
266617,0
422724,0
422724,0
436878,0
189661,0
189661,0
340267,0
340267,0
224551,0
436632,0
200791,0
306837,0
306837,0
169763,0
363692,0
363692,0
363692,0
214189,0
214189,0
328512,0
367912,0
176581,0
185721,0
183769,0
183769,0
411526,0
437689,0
414990,0
414990,0
136025,0
219516,0
219516,0
379693,0
254446,0
435118,0
105417,0
308017,0
308017,0
164371,0
347409,0
363949,0
334937,0
334937,0
175724,0
260435,0
377424,0
377424,0
377424,0
414883,0
204502,0
310135,0
325901,0
365483,0
414232,0
286081,0
184824,0
184824,0
202644,0
178584,0
442825,0
263704,0
315175,0
152176,0
362533,0
190653,0
190653,0
159063,0
355396,0
337429,0
266834,0
318688,0
408931,0
272507,0
272507,0
272507,0
420166,0
420166,0
124864,0
124864,0
442014,0
442014,0
140281,0
223257,0
117076,0
117076,0
170845,0
390651,0
126137,0
419649,0
419649,0
279922,0
279922,0
380119,0
435005,0
435005,0
435005,0
435005,0
425059,0
142509,0
407288,0
139229,0
139229,0
409069,0
274299,0
305658,0
145239,0
153443,0
153443,0
153443,0
305165,0
239770,0
374135,0
267255,0
449979,0
374247,0
270953,0
270953,0
353826,0
117375,0
381940,0
271805,0
271805,0
271805,0
246187,0
167517,0
272745,0
420609,0
193629,0
383998,0
182922,0
249882,0
406055,0
406055,0
412202,0
412202,0
189318,0
308256,0
306396,0
343544,0
277898,0
277898,0
375711,0
168682,0
211557,0
359910,0
410047,0
410047,0
187807,0
187807,0
187807,0
327805,0
407231,0
407231,0
113766,0
239102,0
161139,0
166507,0
183283,0
154141,0
154141,0
370168,0
215692,0
298726,0
327754,0
327754,0
386903,0
352057,0
127326,0
127326,0
127326,0
184000,0
326889,0
326889,0
257216,0
257216,0
106981,0
445089,0
221718,0
376791,0
415951,0
438591,0
438591,0
384589,0
384589,0
167517,0
383409,0
383409,0
383409,0
290148,0
290148,0
287655,0
389667,0
371697,0
423108,0
448152,0
426724,0
215493,0
215493,0
121987,0
309918,0
309918,0
375501,0
243311,0
375501,0
288129,0
326213,0
153203,0
153203,0
208842,0
154838,0
218290,0
450218,0
450218,0
350647,0
350647,0
290164,0
134229,0
134229,0
134229,0
134229,0
259360,0
157978,0
157978,0
365820,0
365820,0
409833,0
409833,0
409833,0
154576,0
154576,0
154576,0
427150,0
427150,0
158767,0
158767,0
308124,0
377160,0
228837,0
228837,0
193346,0
193346,0
347972,0
366659,0
366659,0
112617,0
374177,0
123749,0
437780,0
176009,0
282409,0
391704,0
313540,0
124977,0
124977,0
124977,0
440981,0
440981,0
166296,0
157079,0
249632,0
148338,0
148338,0
148338,0
148338,0
148338,0
148338,0
148338,0
148338,0
148338,0
418354,0
365384,0
365384,0
364003,0
364003,0
364003,0
204340,0
348607,0
153751,0
372355,0
419649,0
143320,0
394998,0
435260,0
435260,0
259907,0
347549,0
261035,0
254394,0
106059,0
390009,0
217864,0
323424,0
323424,0
145966,0
145966,0
396293,0
131696,0
131696,0
429716,0
355604,0
297925,0
297925,0
247209,0
432669,0
432669,0
432669,0
276901,0
378774,0
378774,0
171565,0
425449,0
292810,0
435704,0
435704,0
239860,0
159181,0
126706,0
324892,0
324892,0
240208,0
252025,0
133838,0
245553,0
453968,0
451922,0
451922,0
101556,0
196801,0
187250,0
385347,0
192116,0
224974,0
177208,0
329681,0
113707,0
157968,0
280342,0
410024,0
311703,0
392307,0
215448,0
199425,0
235286,0
258999,0
258999,0
168040,0
216366,0
119442,0
357188,0
195972,0
195972,0
126364,0
363965,0
363965,0
363965,0
425518,0
134366,0
134366,0
219530,0
126099,0
126099,0
162088,0
221375,0
318072,0
116762,0
435302,0
435302,0
435302,0
402291,0
241463,0
382473,0
370079,0
433441,0
437774,0
437774,0
439825,0
396999,0
218211,0
218211,0
218211,0
346151,0
346151,0
346151,0
346151,0
100839,0
324704,0
344564,0
344564,0
291364,0
436879,0
436879,0
439074,0
377174,0
407025,0
279024,0
279024,0
279024,0
351412,0
351412,0
346590,0
105536,0
372419,0
372419,0
372419,0
372419,0
344675,0
344675,0
388485,0
181733,0
181733,0
320216,0
177785,0
420193,0
243209,0
243209,0
307854,0
375538,0
299986,0
396935,0
225479,0
225479,0
191388,0
233012,0
233012,0
285913,0
122485,0
244549,0
244549,0
244549,0
180047,0
439754,0
289675,0
213177,0
213177,0
114915,0
114915,0
391839,0
218168,0
327216,0
327216,0
327216,0
409061,0
156198,0
183211,0
183211,0
197671,0
100180,0
452462,0
270221,0
270221,0
213718,0
124297,0
124297,0
124297,0
400249,0
400249,0
430835,0
430835,0
413692,0
413692,0
413692,0
176117,0
240537,0
240537,0
127631,0
344672,0
197827,0
233025,0
356155,0
356155,0
356155,0
129197,0
419329,0
419329,0
396620,0
396620,0
396620,0
431963,0
208039,0
208039,0
433035,0
433035,0
433035,0
433035,0
152207,0
152207,0
426290,0
184347,0
182024,0
348456,0
348456,0
348456,0
332877,0
429840,0
440771,0
440771,0
242200,0
349397,0
216275,0
216275,0
355352,0
313854,0
373727,0
107984,0
107984,0
337964,0
402411,0
366075,0
249285,0
249285,0
447156,0
375881,0
446805,0
416115,0
209696,0
209696,0
189594,0
189594,0
234141,0
168708,0
248008,0
243766,0
243766,0
243766,0
382703,0
223044,0
320991,0
320991,0
320991,0
135326,0
135326,0
453936,0
453936,0
309582,0
430754,0
124656,0
117357,0
117357,0
117346,0
117346,0
117346,0
117346,0
422516,0
422516,0
315287,0
200418,0
179296,0
238285,0
238285,0
347169,0
347169,0
152391,0
347432,0
312882,0
312882,0
147239,0
144813,0
239649,0
378585,0
111942,0
401519,0
160596,0
328386,0
126974,0
161594,0
236150,0
236150,0
236150,0
318203,0
213824,0
213824,0
298604,0
298604,0
298604,0
349048,0
432860,0
321652,0
321652,0
301513,0
335355,0
410832,0
306113,0
208488,0
208488,0
208488,0
271442,0
180821,0
180821,0
180821,0
346239,0
346239,0
360774,0
360774,0
135123,0
147269,0
117414,0
117414,0
274184,0
114582,0
389451,0
389451,0
301393,0
301393,0
250448,0
145836,0
145836,0
183609,0
183609,0
300496,0
300496,0
377814,0
137743,0
154507,0
154507,0
357130,0
357130,0
312227,0
222079,0
222079,0
322102,0
298403,0
257035,0
257035,0
437595,0
437595,0
129341,0
375990,0
431215,0
139025,0
151434,0
337734,0
264409,0
201391,0
201391,0
212015,0
192322,0
355739,0
446853,0
446853,0
446853,0
446853,0
446853,0
301693,0
301693,0
252025,0
252025,0
252025,0
206899,0
311259,0
311259,0
187956,0
143705,0
186185,0
255782,0
275148,0
448003,0
448003,0
448003,0
448003,0
388273,0
386272,0
386272,0
321241,0
148812,0
177208,0
145196,0
362893,0
426013,0
277733,0
349189,0
180521,0
180521,0
209704,0
128887,0
128887,0
128887,0
247479,0
271437,0
243459,0
329970,0
329970,0
294063,0
144500,0
335938,0
335938,0
273993,0
273993,0
138716,0
138716,0
138716,0
138716,0
138716,0
349216,0
349216,0
293322,0
293322,0
269032,0
116509,0
116509,0
432024,0
424053,0
169690,0
185117,0
185117,0
409803,0
409803,0
409803,0
338288,0
123761,0
366078,0
366078,0
164506,0
314196,0
329778,0
203373,0
203373,0
371731,0
315874,0
451333,0
451333,0
251741,0
239180,0
312562,0
344106,0
193541,0
193541,0
426998,0
426998,0
307726,0
343589,0
343589,0
239822,0
153700,0
101818,0
286735,0
166728,0
166728,0
166728,0
422820,0
223085,0
322008,0
230913,0
149166,0
286045,0
110363,0
182240,0
369022,0
361741,0
389182,0
389182,0
236875,0
431907,0
431907,0
288629,0
288629,0
288629,0
341023,0
275148,0
275148,0
153817,0
153817,0
238382,0
236940,0
330467,0
383960,0
233317,0
242102,0
242102,0
182475,0
365906,0
129375,0
162368,0
396587,0
428188,0
142444,0
284997,0
284997,0
284997,0
441888,0
416850,0
416850,0
273359,0
111712,0
338291,0
397262,0
397262,0
239300,0
422958,0
362410,0
294564,0
294564,0
294564,0
209060,0
212084,0
212084,0
403907,0
449482,0
396133,0
396133,0
396133,0
396133,0
260176,0
386058,0
194118,0
399951,0
399951,0
266848,0
226742,0
190640,0
163412,0
445491,0
269564,0
408197,0
408197,0
408197,0
408197,0
218398,0
157499,0
157499,0
114762,0
114762,0
441959,0
271971,0
271971,0
455221,0
227290,0
378015,0
348048,0
348048,0
348048,0
348048,0
127244,0
127244,0
328409,0
328409,0
328409,0
148138,0
148138,0
259484,0
202809,0
176497,0
240119,0
229155,0
292986,0
303581,0
285913,0
285913,0
453015,0
422548,0
422548,0
167373,0
369874,0
156599,0
243209,0
223769,0
430609,0
387099,0
387099,0
211103,0
431438,0
177061,0
342937,0
342063,0
311476,0
294825,0
265341,0
208871,0
196078,0
196078,0
442984,0
442984,0
442984,0
314567,0
405841,0
175956,0
159188,0
243278,0
243278,0
243278,0
189554,0
189554,0
117286,0
113341,0
275467,0
275467,0
275467,0
297341,0
140543,0
375508,0
375508,0
288797,0
288797,0
336285,0
398506,0
439240,0
369071,0
138524,0
250396,0
269609,0
139954,0
286095,0
222879,0
222879,0
322502,0
322502,0
322502,0
408060,0
119805,0
267439,0
267439,0
448553,0
411709,0
411709,0
127237,0
115583,0
354614,0
190848,0
136997,0
102615,0
300411,0
230830,0
321374,0
118700,0
262536,0
439430,0
122966,0
227321,0
337630,0
247916,0
247916,0
112139,0
231233,0
263194,0
247623,0
247623,0
247623,0
143242,0
370124,0
359143,0
359143,0
359143,0
210580,0
136037,0
390668,0
418793,0
418793,0
265953,0
280777,0
453240,0
453240,0
453240,0
453240,0
453240,0
308736,0
236974,0
238887,0
251110,0
100371,0
259354,0
259354,0
205460,0
357130,0
149722,0
255223,0
255223,0
446188,0
301983,0
234531,0
296300,0
111671,0
111671,0
111671,0
100426,0
100426,0
328309,0
446010,0
333192,0
333192,0
301177,0
263815,0
263815,0
317626,0
317626,0
434953,0
227300,0
227300,0
227300,0
265509,0
265509,0
265509,0
223944,0
419165,0
419165,0
417688,0
387319,0
387319,0
186218,0
186218,0
253587,0
140804,0
159005,0
154507,0
332988,0
332988,0
149882,0
149882,0
213194,0
213194,0
119840,0
204396,0
203466,0
256601,0
114806,0
313257,0
313257,0
313257,0
313257,0
313257,0
241216,0
241216,0
431712,0
431712,0
431712,0
221134,0
449359,0
288979,0
244813,0
142914,0
142914,0
310866,0
310866,0
310866,0
186742,0
105771,0
105771,0
315647,0
289321,0
183401,0
119783,0
399994,0
348467,0
455536,0
455536,0
264704,0
322345,0
322345,0
321452,0
321452,0
321452,0
369896,0
192081,0
276867,0
393437,0
393437,0
393437,0
167123,0
402474,0
413486,0
413486,0
413486,0
413486,0
413486,0
267621,0
416175,0
300331,0
184636,0
267195,0
267195,0
267195,0
395756,0
276773,0
258629,0
373815,0
280272,0
172279,0
172279,0
331915,0
331915,0
238029,0
238029,0
238029,0
109147,0
269042,0
453169,0
181664,0
181664,0
183712,0
137548,0
427744,0
299425,0
236460,0
236460,0
155227,0
241817,0
194689,0
194689,0
125372,0
248032,0
239544,0
227744,0
165164,0
243527,0
243527,0
235186,0
117127,0
117127,0
197114,0
420626,0
420626,0
273718,0
150208,0
347708,0
347708,0
347708,0
411570,0
348438,0
423443,0
284863,0
284863,0
306651,0
306651,0
416298,0
416298,0
416298,0
455221,0
433743,0
433743,0
140317,0
140317,0
265401,0
360829,0
360829,0
277692,0
409444,0
442975,0
419701,0
315585,0
130017,0
403266,0
208871,0
235086,0
232554,0
270435,0
287954,0
185214,0
391540,0
410566,0
410566,0
410566,0
410566,0
410566,0
410566,0
363771,0
363771,0
349508,0
349508,0
349508,0
240666,0
414645,0
414645,0
366700,0
366700,0
449174,0
389918,0
297290,0
387287,0
387287,0
387287,0
127650,0
383770,0
383770,0
318906,0
318906,0
168829,0
147600,0
314239,0
260048,0
260048,0
260048,0
375770,0
328487,0
349361,0
244712,0
361744,0
361744,0
199854,0
209216,0
426741,0
426741,0
323010,0
372837,0
372837,0
372837,0
396610,0
396610,0
360087,0
360087,0
360087,0
319421,0
377747,0
377747,0
377747,0
372394,0
297911,0
297911,0
291136,0
291136,0
253532,0
253532,0
154835,0
140402,0
140402,0
140402,0
140402,0
331326,0
331326,0
420886,0
214257,0
214257,0
357580,0
357580,0
357580,0
357580,0
254831,0
447951,0
394588,0
321631,0
161391,0
161391,0
303782,0
303782,0
303782,0
303782,0
440527,0
389582,0
269188,0
269188,0
445943,0
445943,0
102885,0
387611,0
387611,0
271024,0
362680,0
362680,0
362680,0
428183,0
428183,0
428183,0
398530,0
222557,0
222557,0
221993,0
221993,0
236239,0
225039,0
225039,0
248227,0
313411,0
441957,0
236313,0
236313,0
115675,0
115675,0
319672,0
319672,0
270980,0
270980,0
180399,0
164814,0
447936,0
315413,0
333485,0
130529,0
130529,0
410043,0
322012,0
435302,0
435302,0
170636,0
384240,0
440816,0
440816,0
440816,0
376525,0
118211,0
210799,0
210799,0
404498,0
404498,0
404498,0
404498,0
291690,0
107280,0
210779,0
210779,0
141992,0
206048,0
161197,0
403155,0
403155,0
218534,0
218534,0
218534,0
329665,0
329665,0
243921,0
135113,0
132476,0
364437,0
364437,0
364437,0
139661,0
327160,0
262210,0
150545,0
150545,0
150545,0
382735,0
382735,0
193686,0
126066,0
337160,0
337160,0
185769,0
185769,0
296210,0
296210,0
250349,0
250349,0
446316,0
107252,0
107252,0
286734,0
215880,0
251206,0
436115,0
312300,0
312300,0
200621,0
120670,0
120670,0
354385,0
354385,0
110974,0
434164,0
436856,0
229030,0
260759,0
260759,0
316945,0
186165,0
186165,0
406365,0
284848,0
406447,0
437871,0
233019,0
233019,0
323280,0
341748,0
341748,0
390237,0
390237,0
390237,0
426316,0
325322,0
325322,0
369808,0
369808,0
369808,0
369808,0
398427,0
149740,0
296090,0
301297,0
269386,0
245284,0
388064,0
213817,0
213817,0
250861,0
204685,0
204685,0
204685,0
219737,0
455594,0
109838,0
427956,0
427956,0
427956,0
427956,0
427956,0
427956,0
427956,0
427956,0
427956,0
387390,0
387390,0
362384,0
362384,0
362384,0
248654,0
207971,0
207971,0
248587,0
273722,0
270027,0
270027,0
443235,0
380932,0
101545,0
369095,0
442014,0
325896,0
270449,0
270449,0
270449,0
237584,0
374125,0
179156,0
254932,0
185687,0
185687,0
185687,0
185687,0
156197,0
230781,0
151654,0
151654,0
251206,0
454318,0
454318,0
454318,0
454318,0
409909,0
234060,0
306592,0
306592,0
138575,0
138575,0
223528,0
253309,0
130316,0
335630,0
241220,0
331853,0
377021,0
126676,0
272507,0
274199,0
213598,0
446796,0
327951,0
371410,0
348058,0
383524,0
183089,0
384804,0
384804,0
330163,0
382845,0
429915,0
286243,0
245224,0
245224,0
315623,0
305339,0
305339,0
276826,0
276826,0
167862,0
167862,0
167862,0
238278,0
234970,0
138571,0
285741,0
295778,0
351887,0
359158,0
168951,0
369402,0
337630,0
337630,0
337630,0
367191,0
289090,0
289090,0
211324,0
307746,0
256423,0
256423,0
419790,0
419790,0
419790,0
280650,0
287446,0
287446,0
155795,0
343548,0
343548,0
348206,0
348206,0
419156,0
419156,0
419156,0
179992,0
210710,0
425036,0
418494,0
290351,0
223449,0
425348,0
425348,0
242887,0
242887,0
242887,0
235907,0
135741,0
215347,0
354226,0
199030,0
367912,0
367912,0
389574,0
389574,0
389574,0
389574,0
389574,0
344714,0
344714,0
210473,0
210473,0
210473,0
234120,0
434460,0
324264,0
337052,0
337052,0
275004,0
275004,0
233647,0
385334,0
138766,0
296258,0
428579,0
428579,0
327393,0
205377,0
115986,0
142004,0
142004,0
425600,0
222270,0
402356,0
214176,0
272505,0
272505,0
223062,0
124236,0
210376,0
354232,0
267227,0
331099,0
331099,0
386299,0
202106,0
363192,0
298781,0
373397,0
373397,0
373397,0
373397,0
355592,0
338688,0
352405,0
359469,0
220245,0
220245,0
137144,0
422820,0
422820,0
430992,0
430369,0
366546,0
366546,0
366546,0
417493,0
425940,0
261944,0
119376,0
244762,0
209004,0
385858,0
183740,0
183647,0
340305,0
216449,0
236754,0
302893,0
302893,0
357744,0
357744,0
258199,0
384311,0
200527,0
400120,0
400120,0
400120,0
140317,0
221875,0
107108,0
107108,0
281330,0
281330,0
362212,0
442014,0
385397,0
385397,0
385397,0
136737,0
342372,0
342372,0
176747,0
176747,0
176747,0
176747,0
100513,0
292703,0
248364,0
144907,0
140281,0
140281,0
456215,0
189708,0
368164,0
368164,0
165225,0
177170,0
177170,0
177170,0
177170,0
122326,0
213009,0
213009,0
389351,0
280614,0
280614,0
445864,0
445864,0
445864,0
400762,0
363747,0
363747,0
146598,0
141843,0
141843,0
441597,0
441597,0
441597,0
441597,0
411059,0
411059,0
451938,0
168022,0
426833,0
426833,0
176579,0
176579,0
399135,0
298491,0
367862,0
367862,0
324264,0
421839,0
106078,0
106078,0
234225,0
234225,0
123137,0
123137,0
123137,0
123137,0
123137,0
123137,0
102711,0
102711,0
102711,0
102711,0
102711,0
368648,0
368648,0
368648,0
277057,0
411888,0
135680,0
420287,0
420287,0
420287,0
220043,0
105203,0
265891,0
265891,0
265891,0
427373,0
379369,0
194307,0
156972,0
156972,0
156972,0
156972,0
156972,0
210405,0
319901,0
199348,0
252845,0
101134,0
141013,0
141013,0
222857,0
211870,0
314734,0
400332,0
242796,0
309161,0
298046,0
298046,0
426758,0
426758,0
379990,0
249329,0
159745,0
159745,0
357181,0
357181,0
453055,0
398237,0
142650,0
142650,0
142650,0
301572,0
169763,0
192574,0
406554,0
176327,0
134159,0
134159,0
364907,0
146380,0
331604,0
205384,0
205384,0
376667,0
376667,0
398071,0
441759,0
441759,0
159135,0
159135,0
310097,0
161763,0
254932,0
254932,0
455168,0
455168,0
455168,0
455168,0
273883,0
137374,0
137374,0
425289,0
425289,0
123393,0
177777,0
271842,0
162971,0
162971,0
162971,0
135786,0
152173,0
450171,0
450171,0
115097,0
122377,0
122377,0
401055,0
401055,0
401055,0
401055,0
401055,0
277856,0
186834,0
348058,0
348058,0
348058,0
421206,0
421206,0
421206,0
421206,0
234139,0
430470,0
129804,0
395389,0
395389,0
222673,0
137179,0
431558,0
431558,0
431558,0
270666,0
313454,0
198347,0
306529,0
177197,0
177197,0
177197,0
138625,0
202408,0
274354,0
274354,0
442237,0
396790,0
396790,0
396790,0
396790,0
396790,0
264529,0
127639,0
174849,0
132456,0
132456,0
438457,0
364822,0
364822,0
364822,0
388023,0
388023,0
289119,0
194129,0
194129,0
194129,0
194129,0
279922,0
130032,0
122817,0
122817,0
122817,0
157318,0
336695,0
170650,0
170650,0
364547,0
145487,0
125306,0
454039,0
426703,0
426703,0
364275,0
251949,0
251949,0
225992,0
402330,0
318179,0
257637,0
105963,0
105963,0
274294,0
323155,0
385390,0
182952,0
182952,0
158149,0
254625,0
174235,0
309877,0
215880,0
215880,0
127085,0
127085,0
127085,0
107443,0
394454,0
334363,0
190475,0
120269,0
344129,0
344129,0
344129,0
151283,0
418267,0
224753,0
224753,0
167796,0
167796,0
287549,0
326403,0
438211,0
352651,0
186940,0
382815,0
218261,0
391725,0
192866,0
192866,0
313991,0
367043,0
434592,0
150793,0
142224,0
142224,0
400688,0
400688,0
175994,0
234238,0
209596,0
209596,0
353236,0
418512,0
174914,0
174914,0
437918,0
437918,0
437918,0
236092,0
236092,0
389121,0
441426,0
275417,0
275417,0
218803,0
352608,0
105591,0
105591,0
345993,0
342289,0
195215,0
432364,0
132986,0
132986,0
134842,0
238984,0
238984,0
244962,0
244962,0
151394,0
351452,0
243209,0
447545,0
409138,0
364275,0
127244,0
376641,0
227350,0
169769,0
257768,0
413486,0
189392,0
118172,0
251953,0
403095,0
147245,0
426211,0
142955,0
103080,0
234749,0
234749,0
234749,0
276279,0
217478,0
415088,0
246095,0
246095,0
246095,0
160441,0
320630,0
310129,0
136677,0
136677,0
128905,0
286151,0
286151,0
371472,0
389203,0
195821,0
126868,0
304627,0
343459,0
343459,0
361952,0
428135,0
428135,0
106642,0
106642,0
106642,0
217028,0
349002,0
314294,0
320753,0
320753,0
320753,0
416166,0
202481,0
192073,0
363377,0
363377,0
308486,0
347207,0
282625,0
175744,0
279543,0
378596,0
326003,0
370812,0
139163,0
246451,0
383524,0
383524,0
378113,0
182672,0
386098,0
247543,0
100273,0
100273,0
183809,0
450517,0
396762,0
331174,0
168666,0
362211,0
168420,0
123683,0
333578,0
250130,0
362306,0
398965,0
125146,0
423803,0
174719,0
367155,0
243719,0
286395,0
240282,0
182312,0
127244,0
376181,0
187130,0
410789,0
347703,0
131846,0
183202,0
223257,0
370215,0
173213,0
260484,0
221937,0
415880,0
377970,0
175874,0
123046,0
129437,0
421027,0
270880,0
421227,0
421227,0
378688,0
153804,0
386798,0
334084,0
129704,0
343214,0
196741,0
135146,0
290379,0
141600,0
163615,0
389496,0
389496,0
370556,0
377182,0
377182,0
206569,0
293123,0
340185,0
392030,0
197514,0
194800,0
194800,0
110111,0
268775,0
403132,0
222457,0
207762,0
195326,0
401060,0
255418,0
103073,0
369655,0
385776,0
435668,0
230083,0
311013,0
380917,0
410639,0
241603,0
346165,0
346165,0
336091,0
232285,0
411557,0
399098,0
150546,0
257151,0
175301,0
417078,0
180506,0
191830,0
288698,0
382863,0
323830,0
348641,0
439653,0
221123,0
104222,0
117587,0
376601,0
248230,0
421668,0
383225,0
325619,0
126194,0
276089,0
328111,0
453169,0
164470,0
441288,0
377420,0
382623,0
436310,0
449508,0
384962,0
355730,0
225916,0
430192,0
323701,0
262553,0
419099,0
118154,0
442087,0
278672,0
339144,0
283436,0
317943,0
214400,0
292191,0
340667,0
274585,0
126706,0
435129,0
163667,0
207187,0
329300,0
262902,0
211851,0
256160,0
449861,0
445700,0
231660,0
254644,0
242363,0
353324,0
353324,0
175810,0
286946,0
286946,0
251288,0
122986,0
192081,0
114608,0
384427,0
304240,0
155982,0
443942,0
255981,0
107912,0
121342,0
391160,0
177184,0
142940,0
364488,0
159171,0
434393,0
403403,0
126706,0
346721,0
300256,0
212446,0
325299,0
325299,0
437813,0
126500,0
423796,0
109469,0
210648,0
210648,0
116191,0
135218,0
360849,0
341822,0
430225,0
108782,0
320661,0
401938,0
445994,0
369841,0
163210,0
263912,0
362533,0
387179,0
387179,0
317974,0
155723,0
377681,0
445472,0
328907,0
390298,0
390298,0
390298,0
160467,0
160467,0
160467,0
451227,0
136973,0
378189,0
376181,0
322160,0
377510,0
409074,0
288346,0
288346,0
256601,0
325598,0
395691,0
254495,0
200155,0
116755,0
222656,0
391055,0
391055,0
221041,0
211031,0
296998,0
126364,0
431905,0
117061,0
165766,0
145911,0
314015,0
314077,0
314077,0
107833,0
152479,0
382857,0
455853,0
317868,0
224037,0
274294,0
350543,0
197707,0
245649,0
245649,0
265125,0
265125,0
278142,0
278142,0
278142,0
321997,0
321997,0
321997,0
451139,0
451139,0
331529,0
200124,0
358677,0
120605,0
124595,0
124595,0
216915,0
448152,0
448152,0
248086,0
254569,0
254569,0
195099,0
114002,0
278152,0
106384,0
208388,0
208388,0
208388,0
233677,0
280530,0
362680,0
362680,0
421899,0
271434,0
227321,0
426521,0
306051,0
199057,0
236575,0
236575,0
187914,0
140709,0
356206,0
241721,0
383931,0
383931,0
227350,0
147081,0
147081,0
221819,0
101561,0
316063,0
316063,0
375068,0
231426,0
404668,0
257768,0
284222,0
244080,0
211759,0
211759,0
153783,0
153783,0
153783,0
418772,0
418772,0
114890,0
144329,0
104038,0
233994,0
233994,0
279568,0
107876,0
107876,0
107876,0
183740,0
328791,0
136754,0
136754,0
403012,0
403012,0
181111,0
428842,0
437276,0
118906,0
372258,0
372258,0
294247,0
324303,0
324303,0
290563,0
290563,0
322653,0
127399,0
420574,0
186764,0
442857,0
442857,0
442857,0
442857,0
384143,0
384143,0
298960,0
298960,0
298960,0
174719,0
174719,0
298239,0
323283,0
323283,0
113295,0
358023,0
100833,0
151320,0
151320,0
357765,0
416652,0
416652,0
416652,0
416652,0
416652,0
416652,0
200072,0
107765,0
455547,0
455547,0
329339,0
329339,0
355299,0
165511,0
426589,0
328740,0
328740,0
431175,0
435164,0
283169,0
316144,0
347708,0
168692,0
356965,0
240282,0
454192,0
295750,0
295750,0
410888,0
266743,0
266743,0
266743,0
266743,0
266743,0
266743,0
266743,0
362511,0
196989,0
430399,0
430399,0
430399,0
430399,0
430399,0
317237,0
155618,0
434660,0
434660,0
424526,0
424526,0
424526,0
424526,0
269461,0
269461,0
336811,0
448152,0
381312,0
263047,0
228916,0
436367,0
401634,0
280302,0
298404,0
298404,0
298404,0
298404,0
298404,0
225683,0
118481,0
103163,0
407110,0
111438,0
368014,0
318099,0
318099,0
356624,0
356624,0
356624,0
145027,0
145027,0
290417,0
105697,0
105697,0
105697,0
105697,0
269070,0
236988,0
417412,0
140490,0
193128,0
290936,0
290936,0
290936,0
290936,0
209732,0
223735,0
284487,0
284487,0
263015,0
263015,0
263015,0
394229,0
265654,0
265654,0
265654,0
265654,0
328468,0
115242,0
190497,0
188442,0
271822,0
163304,0
163304,0
130017,0
190101,0
272989,0
272989,0
259022,0
117213,0
335824,0
335824,0
220341,0
407909,0
121996,0
121996,0
218869,0
198657,0
321652,0
375293,0
375293,0
375293,0
442718,0
233118,0
233118,0
143982,0
113870,0
113870,0
113870,0
113870,0
113870,0
209732,0
306424,0
306424,0
306424,0
192861,0
267227,0
267227,0
386758,0
386758,0
437053,0
237920,0
218085,0
253939,0
253939,0
361878,0
361878,0
220956,0
113870,0
113870,0
290011,0
207098,0
346737,0
346737,0
346737,0
122089,0
330766,0
163879,0
163879,0
102587,0
443329,0
443329,0
133089,0
321918,0
321918,0
211997,0
211997,0
211997,0
211997,0
236749,0
329536,0
253116,0
181629,0
323082,0
214419,0
385632,0
392021,0
392021,0
260290,0
260290,0
201951,0
211132,0
392361,0
392361,0
199772,0
199772,0
166119,0
317334,0
317334,0
411045,0
359778,0
272004,0
213436,0
288218,0
306678,0
306678,0
150200,0
150200,0
240104,0
310532,0
211021,0
236988,0
182312,0
182312,0
232379,0
315253,0
304577,0
304577,0
313200,0
450740,0
450740,0
450740,0
291306,0
376181,0
252560,0
252560,0
181239,0
216381,0
120722,0
120722,0
143070,0
346290,0
357744,0
357744,0
357744,0
158546,0
314785,0
118325,0
428435,0
428435,0
448208,0
205702,0
205702,0
205702,0
203986,0
203986,0
203986,0
181503,0
252484,0
252484,0
252484,0
309158,0
175038,0
188118,0
347703,0
347703,0
204340,0
343259,0
392584,0
439416,0
439416,0
340836,0
455492,0
299953,0
302403,0
302403,0
426047,0
131846,0
331555,0
183202,0
223257,0
396610,0
275071,0
275071,0
275071,0
440544,0
378944,0
243587,0
274086,0
274086,0
150565,0
440177,0
440177,0
141528,0
348607,0
348607,0
349720,0
307951,0
307951,0
375293,0
375293,0
376316,0
376316,0
370215,0
173213,0
173213,0
173213,0
208171,0
208171,0
449979,0
133573,0
330596,0
330596,0
221937,0
381751,0
203466,0
203466,0
293102,0
293102,0
168380,0
337558,0
415880,0
415880,0
434974,0
134789,0
398196,0
398196,0
130324,0
350575,0
350575,0
350575,0
350575,0
350575,0
350575,0
350575,0
255883,0
168052,0
346998,0
346998,0
183800,0
334364,0
235382,0
407916,0
120416,0
120416,0
120416,0
120416,0
406332,0
406332,0
451700,0
451700,0
344855,0
185737,0
372294,0
384462,0
238103,0
238103,0
377970,0
350349,0
350349,0
376542,0
376542,0
407650,0
126696,0
126696,0
169216,0
169216,0
198633,0
198633,0
245964,0
337615,0
260593,0
101292,0
211058,0
284919,0
184019,0
165671,0
165671,0
129437,0
129437,0
184271,0
184271,0
368710,0
119924,0
112751,0
112751,0
119579,0
177351,0
377182,0
419105,0
359389,0
191629,0
272148,0
343304,0
343304,0
186750,0
455826,0
279293,0
279293,0
279293,0
326904,0
326904,0
428569,0
428569,0
335163,0
335163,0
335163,0
122127,0
184041,0
218512,0
124708,0
135834,0
135834,0
269609,0
269609,0
174228,0
199195,0
163053,0
163053,0
193237,0
439453,0
439453,0
331662,0
284917,0
284917,0
284917,0
386017,0
364377,0
213250,0
437298,0
437298,0
437298,0
360740,0
360740,0
397389,0
397389,0
356932,0
356932,0
196527,0
378688,0
442038,0
442038,0
442038,0
102719,0
153804,0
329521,0
329521,0
329853,0
329853,0
278650,0
278650,0
285208,0
140397,0
346433,0
373756,0
382845,0
382845,0
320276,0
320276,0
129704,0
107244,0
107244,0
326726,0
326726,0
326726,0
111878,0
153141,0
129367,0
143080,0
143080,0
143080,0
404998,0
189123,0
446971,0
372230,0
182039,0
409805,0
343214,0
343214,0
343214,0
343214,0
343214,0
196741,0
218246,0
218246,0
151151,0
195085,0
272690,0
303114,0
200883,0
200883,0
359261,0
282609,0
314750,0
290370,0
390119,0
291800,0
291800,0
291800,0
291800,0
318477,0
324525,0
324525,0
165998,0
148785,0
273357,0
273357,0
284222,0
178116,0
376424,0
376424,0
115358,0
163814,0
163814,0
163814,0
163814,0
400613,0
342833,0
383935,0
383935,0
145204,0
123447,0
123447,0
123447,0
290557,0
156463,0
374584,0
374584,0
125027,0
197106,0
389679,0
344303,0
344303,0
344303,0
446238,0
216234,0
216234,0
368369,0
389496,0
367859,0
278402,0
322653,0
322653,0
416700,0
421668,0
421668,0
235786,0
438016,0
381133,0
452577,0
377182,0
189202,0
206569,0
293123,0
220447,0
187568,0
352616,0
247062,0
232006,0
340185,0
392030,0
392030,0
392030,0
197514,0
197514,0
387648,0
281073,0
372243,0
372243,0
365206,0
365206,0
146569,0
146569,0
146569,0
398231,0
194800,0
194800,0
343997,0
343997,0
343997,0
384855,0
376454,0
110111,0
420186,0
420186,0
214033,0
214033,0
431475,0
268775,0
321315,0
321315,0
321315,0
321315,0
321315,0
135846,0
167301,0
167301,0
217274,0
222457,0
222457,0
393437,0
273991,0
273991,0
191257,0
191257,0
130061,0
349528,0
349528,0
226862,0
280973,0
394883,0
270748,0
270748,0
270748,0
270748,0
177459,0
177459,0
408312,0
408312,0
408312,0
394043,0
394043,0
394043,0
222351,0
125618,0
136205,0
310135,0
310135,0
210691,0
425874,0
425874,0
401134,0
316967,0
299578,0
452686,0
243660,0
243660,0
172708,0
166595,0
166595,0
276583,0
249039,0
249039,0
249039,0
363433,0
401060,0
401060,0
401060,0
424023,0
304906,0
377752,0
159141,0
159141,0
109695,0
427155,0
376929,0
255418,0
255418,0
122908,0
126549,0
293360,0
293360,0
293360,0
293360,0
293360,0
369655,0
369655,0
107350,0
454941,0
159240,0
198633,0
198633,0
441288,0
108393,0
341920,0
438866,0
270557,0
177704,0
229856,0
229856,0
229856,0
351144,0
415969,0
150942,0
150942,0
150942,0
150942,0
123308,0
440546,0
261329,0
261329,0
330663,0
323887,0
323887,0
382623,0
382623,0
436310,0
386518,0
284816,0
142058,0
449508,0
449508,0
246698,0
194638,0
384962,0
242926,0
242926,0
115986,0
214575,0
286268,0
286268,0
350212,0
271513,0
281545,0
323701,0
169976,0
255981,0
179241,0
179241,0
160734,0
337512,0
337512,0
246910,0
252322,0
180674,0
180674,0
384956,0
322233,0
322233,0
107912,0
132837,0
205377,0
205377,0
205377,0
121342,0
121342,0
441174,0
122452,0
122452,0
381754,0
236427,0
269914,0
269914,0
220382,0
251206,0
371778,0
371778,0
151035,0
199362,0
318931,0
318931,0
214991,0
453922,0
282829,0
282829,0
423075,0
441462,0
374504,0
177184,0
157565,0
142940,0
142940,0
438023,0
284593,0
148368,0
144732,0
300273,0
354285,0
363625,0
382684,0
397352,0
397352,0
286696,0
193707,0
420609,0
185512,0
207254,0
207254,0
438493,0
287362,0
287362,0
392003,0
392003,0
116017,0
187934,0
164027,0
251460,0
251460,0
251460,0
160467,0
160467,0
160467,0
160467,0
207058,0
207058,0
207058,0
207058,0
412708,0
359139,0
366102,0
136856,0
114852,0
333718,0
192416,0
430543,0
430543,0
249780,0
249780,0
249780,0
442984,0
361922,0
437493,0
441919,0
454922,0
251208,0
251208,0
385096,0
385096,0
248094,0
248094,0
248094,0
228776,0
132683,0
295300,0
295300,0
283479,0
138612,0
391410,0
267320,0
349024,0
183764,0
271634,0
143951,0
315568,0
439079,0
387717,0
294369,0
246841,0
131647,0
105229,0
298339,0
222528,0
375872,0
267628,0
230370,0
154635,0
411157,0
352693,0
140254,0
401035,0
401035,0
220723,0
216195,0
296062,0
194259,0
258012,0
204816,0
214902,0
220723,0
220723,0
311473,0
454668,0
388255,0
263750,0
381493,0
381493,0
149490,0
364025,0
362201,0
384956,0
452636,0
348368,0
209910,0
449899,0
317868,0
393115,0
414036,0
414618,0
396935,0
101439,0
453723,0
235446,0
176962,0
214268,0
296095,0
395959,0
220468,0
157574,0
396102,0
169763,0
385172,0
290057,0
159400,0
245142,0
432392,0
108213,0
360639,0
372339,0
211325,0
437531,0
191799,0
301120,0
343523,0
348568,0
152666,0
149469,0
380403,0
350449,0
322324,0
148586,0
372648,0
350133,0
350133,0
448333,0
394392,0
432007,0
394785,0
244590,0
194223,0
439741,0
439741,0
209758,0
388851,0
365169,0
315837,0
135957,0
359389,0
359389,0
188974,0
107280,0
347229,0
316144,0
249780,0
328719,0
138716,0
238976,0
320378,0
445982,0
445982,0
445982,0
186105,0
151613,0
151613,0
171820,0
171820,0
171820,0
106670,0
334641,0
175490,0
256984,0
300615,0
127086,0
127086,0
127086,0
127086,0
140170,0
336976,0
362738,0
362738,0
193272,0
165625,0
165625,0
373533,0
373533,0
261825,0
261825,0
352194,0
352194,0
360017,0
360017,0
360017,0
360017,0
360017,0
246486,0
265002,0
239221,0
379033,0
398075,0
279696,0
259266,0
388732,0
382116,0
256640,0
256640,0
124787,0
232259,0
232259,0
362287,0
109181,0
249464,0
347432,0
353394,0
452543,0
452543,0
321452,0
321452,0
199139,0
383320,0
360309,0
369120,0
208293,0
208293,0
208293,0
124691,0
193242,0
193242,0
426991,0
426991,0
426991,0
319262,0
267072,0
117873,0
117873,0
242864,0
242864,0
363625,0
383626,0
346562,0
346562,0
226926,0
226926,0
375719,0
105697,0
411429,0
157270,0
157270,0
132012,0
418777,0
256079,0
453968,0
114772,0
285913,0
285913,0
285913,0
285913,0
110009,0
110009,0
110009,0
128126,0
128126,0
110420,0
272268,0
272268,0
451495,0
123088,0
281981,0
233198,0
412462,0
341404,0
456112,0
273048,0
273048,0
302086,0
384483,0
384483,0
149939,0
149939,0
149939,0
208379,0
122967,0
122967,0
294263,0
163289,0
432605,0
203419,0
203419,0
209232,0
169111,0
440669,0
248716,0
367246,0
362832,0
400837,0
378596,0
397404,0
231287,0
145635,0
145635,0
293188,0
293188,0
293188,0
293188,0
253950,0
253950,0
413873,0
224499,0
224499,0
388818,0
239747,0
212238,0
212238,0
253077,0
138152,0
419920,0
329213,0
380806,0
380806,0
386924,0
188860,0
129010,0
412198,0
141663,0
393544,0
393544,0
144329,0
318819,0
318819,0
318819,0
132357,0
220162,0
408154,0
408154,0
121450,0
121450,0
229492,0
102528,0
369466,0
286684,0
162142,0
259846,0
131740,0
154157,0
154157,0
154157,0
164503,0
349476,0
333589,0
333589,0
333589,0
333589,0
333589,0
333589,0
443515,0
330928,0
453678,0
294778,0
333164,0
108772,0
429056,0
387247,0
331759,0
331759,0
105634,0
105634,0
105634,0
105634,0
192359,0
330594,0
330594,0
249940,0
189587,0
109411,0
421964,0
421964,0
268985,0
452798,0
452798,0
452798,0
402330,0
435765,0
323437,0
104453,0
285291,0
285291,0
285291,0
285291,0
285291,0
165553,0
352591,0
354084,0
153931,0
184329,0
184329,0
438888,0
438888,0
365424,0
365424,0
313031,0
313031,0
313031,0
426112,0
426112,0
298879,0
326660,0
326660,0
326660,0
255298,0
261981,0
120658,0
120658,0
120658,0
224703,0
188170,0
188170,0
231464,0
231464,0
231464,0
231464,0
430400,0
231306,0
366557,0
170119,0
434632,0
389930,0
209216,0
379420,0
379420,0
245328,0
245328,0
298795,0
298795,0
127582,0
272237,0
439283,0
439283,0
439283,0
439283,0
425945,0
348390,0
211073,0
211073,0
240333,0
380213,0
342434,0
342434,0
237854,0
276280,0
349736,0
289125,0
296232,0
114887,0
114887,0
114887,0
385868,0
385868,0
198859,0
198859,0
198859,0
455619,0
455619,0
210860,0
210860,0
242448,0
208227,0
407315,0
170002,0
170002,0
170002,0
170002,0
134626,0
134626,0
107200,0
431921,0
431921,0
362467,0
296804,0
279772,0
451267,0
451267,0
163145,0
170316,0
416381,0
342702,0
117628,0
117628,0
145280,0
318229,0
318229,0
140558,0
130291,0
224852,0
113864,0
347499,0
347499,0
132527,0
301116,0
150131,0
150131,0
406352,0
234404,0
164676,0
164676,0
282875,0
194514,0
212310,0
140858,0
314159,0
314159,0
314159,0
388939,0
367658,0
367658,0
452271,0
314764,0
364588,0
296454,0
218401,0
218401,0
262642,0
188829,0
188829,0
188829,0
188829,0
188829,0
278402,0
377965,0
377965,0
236896,0
123442,0
123442,0
240723,0
240723,0
226508,0
256381,0
256381,0
256381,0
256381,0
217005,0
171142,0
171142,0
171142,0
101893,0
405852,0
110057,0
141550,0
447448,0
363264,0
152652,0
152652,0
116422,0
456064,0
114225,0
321500,0
160868,0
160868,0
437960,0
252947,0
252947,0
252947,0
286932,0
314845,0
314845,0
100993,0
100993,0
262971,0
155007,0
164377,0
445269,0
275579,0
275579,0
114337,0
364260,0
231306,0
355978,0
355978,0
198172,0
198172,0
177316,0
177316,0
227734,0
123732,0
123732,0
147527,0
147527,0
147527,0
121144,0
118997,0
285705,0
418237,0
343259,0
452624,0
224406,0
369195,0
298549,0
298549,0
112242,0
423549,0
327923,0
142979,0
173720,0
443628,0
160980,0
302739,0
384029,0
216425,0
398196,0
161927,0
260304,0
375353,0
304032,0
306396,0
327987,0
307441,0
225849,0
225849,0
225849,0
362511,0
318761,0
358475,0
101200,0
425300,0
184544,0
184544,0
305458,0
305458,0
211566,0
383628,0
411491,0
224484,0
224484,0
224484,0
194734,0
315179,0
315179,0
382641,0
191212,0
193259,0
193259,0
193259,0
447670,0
355710,0
156238,0
352764,0
352764,0
352764,0
255981,0
146547,0
166792,0
215332,0
385344,0
366075,0
436068,0
377113,0
212251,0
143233,0
200608,0
381218,0
154576,0
406163,0
116687,0
250220,0
165195,0
165195,0
439416,0
439430,0
120272,0
241845,0
241845,0
241845,0
332696,0
288780,0
448935,0
321288,0
321288,0
276978,0
375367,0
176190,0
166114,0
113655,0
339015,0
383198,0
400600,0
357158,0
318452,0
445239,0
416652,0
197706,0
175731,0
252853,0
302113,0
263536,0
263536,0
263536,0
251005,0
455182,0
415133,0
415133,0
421815,0
296270,0
273121,0
273121,0
104852,0
104852,0
327349,0
314077,0
391791,0
391791,0
391791,0
413594,0
263505,0
180564,0
112061,0
112061,0
234027,0
234027,0
395050,0
395050,0
114978,0
114978,0
114978,0
376196,0
376196,0
293157,0
424821,0
424821,0
424821,0
395102,0
149314,0
149314,0
201950,0
116576,0
116576,0
388041,0
388041,0
135347,0
181085,0
181085,0
311527,0
438475,0
224141,0
160847,0
191737,0
191737,0
181555,0
384607,0
384607,0
384607,0
384607,0
384607,0
384607,0
217541,0
183776,0
364649,0
364649,0
364649,0
138631,0
137234,0
137234,0
137234,0
254565,0
307651,0
208485,0
208485,0
208485,0
218445,0
218445,0
328162,0
145506,0
145506,0
338305,0
386749,0
386749,0
352611,0
179046,0
179046,0
179046,0
116225,0
370355,0
238587,0
145142,0
327877,0
437450,0
437450,0
157088,0
157088,0
227528,0
227528,0
431651,0
291364,0
163594,0
329485,0
329485,0
385164,0
385164,0
285889,0
285889,0
282897,0
159280,0
195657,0
195657,0
326974,0
326974,0
326974,0
236043,0
277321,0
112094,0
112094,0
186749,0
439707,0
439707,0
439707,0
100681,0
418536,0
108169,0
338328,0
451509,0
148038,0
148038,0
172610,0
136643,0
136643,0
374106,0
234476,0
234476,0
183470,0
443481,0
334783,0
334783,0
334783,0
226365,0
378918,0
100505,0
383131,0
383131,0
243956,0
243956,0
301825,0
301825,0
301825,0
301825,0
271989,0
271989,0
348933,0
367312,0
367312,0
367312,0
318039,0
418587,0
203916,0
438493,0
438493,0
147313,0
426504,0
173035,0
304577,0
304577,0
304577,0
258330,0
258330,0
328309,0
310472,0
455266,0
233259,0
374752,0
440832,0
420186,0
190047,0
440619,0
440619,0
356002,0
316447,0
316447,0
386125,0
386125,0
339211,0
339211,0
210018,0
287100,0
287100,0
245553,0
245553,0
245553,0
338325,0
341683,0
172267,0
172267,0
212641,0
376689,0
376689,0
234970,0
269121,0
284657,0
284657,0
347958,0
398274,0
327789,0
366376,0
271634,0
402330,0
402330,0
360951,0
136132,0
136132,0
316936,0
289310,0
142921,0
158468,0
353114,0
161898,0
161898,0
122126,0
270199,0
221875,0
221875,0
307132,0
324264,0
173243,0
328309,0
433492,0
454584,0
117453,0
213774,0
213774,0
213774,0
213774,0
213774,0
113877,0
113877,0
376107,0
376107,0
243251,0
210644,0
259850,0
259850,0
208450,0
208450,0
245069,0
245069,0
245069,0
184899,0
387553,0
387553,0
348437,0
348437,0
265060,0
438325,0
438325,0
438325,0
174308,0
434411,0
369484,0
369484,0
106567,0
106567,0
365562,0
365562,0
365562,0
100487,0
388046,0
396032,0
396032,0
318817,0
161770,0
161770,0
384918,0
172686,0
172686,0
172686,0
172686,0
231058,0
302577,0
302577,0
343360,0
343360,0
343360,0
128830,0
344131,0
399066,0
399066,0
268464,0
174634,0
168534,0
241017,0
133958,0
339470,0
223923,0
357019,0
332398,0
332398,0
283290,0
187863,0
338170,0
293085,0
149029,0
162025,0
379979,0
379979,0
105251,0
194300,0
264584,0
381091,0
237986,0
237986,0
237986,0
131249,0
189217,0
307416,0
189135,0
370785,0
165838,0
165838,0
179246,0
179246,0
230075,0
271648,0
271648,0
202066,0
202066,0
115046,0
227745,0
176137,0
312302,0
312302,0
235372,0
442140,0
327393,0
238526,0
422194,0
384452,0
175334,0
295976,0
236750,0
419148,0
239763,0
341109,0
341109,0
409803,0
419159,0
134711,0
159171,0
159171,0
159171,0
159171,0
159171,0
220468,0
220468,0
220468,0
431483,0
454165,0
425943,0
163329,0
214106,0
110040,0
195172,0
195172,0
195172,0
147601,0
247115,0
335611,0
275633,0
275633,0
275633,0
272619,0
272619,0
272619,0
104441,0
299894,0
299894,0
245186,0
184542,0
168615,0
168615,0
168615,0
424552,0
158293,0
323344,0
323344,0
371360,0
371360,0
371360,0
212393,0
121253,0
443432,0
239400,0
239400,0
178019,0
298612,0
298612,0
298612,0
298612,0
119271,0
235747,0
221123,0
221123,0
221123,0
221123,0
443984,0
142766,0
341374,0
301955,0
301955,0
422480,0
422480,0
315283,0
315283,0
186531,0
373299,0
160577,0
160577,0
160577,0
321151,0
321151,0
102366,0
254265,0
309286,0
309286,0
178819,0
118481,0
273940,0
290118,0
290118,0
194224,0
194224,0
270097,0
241812,0
322275,0
160868,0
227275,0
227275,0
337095,0
357073,0
104796,0
375367,0
375367,0
308017,0
413175,0
110350,0
252336,0
368656,0
126507,0
126507,0
126507,0
101059,0
222749,0
222749,0
218797,0
218797,0
452828,0
385640,0
156324,0
218018,0
388759,0
361422,0
278600,0
278600,0
400798,0
123046,0
354290,0
357915,0
266045,0
266045,0
348293,0
359246,0
301096,0
131630,0
442669,0
442669,0
241544,0
241544,0
395691,0
395691,0
104968,0
343369,0
191688,0
153893,0
391169,0
391169,0
365131,0
365131,0
365131,0
349167,0
192167,0
192167,0
218352,0
322013,0
135275,0
353310,0
353310,0
389225,0
389225,0
389225,0
389225,0
219612,0
219612,0
254232,0
275176,0
374049,0
366179,0
366179,0
373164,0
433097,0
212979,0
418993,0
418993,0
269823,0
359325,0
359325,0
359325,0
212343,0
212343,0
322322,0
322322,0
107131,0
274213,0
274213,0
368434,0
313032,0
249742,0
341391,0
341391,0
263969,0
286731,0
211603,0
342104,0
229388,0
216834,0
216834,0
123918,0
387116,0
387116,0
178590,0
243036,0
174065,0
277915,0
189448,0
324264,0
224551,0
245340,0
154905,0
154905,0
397441,0
310502,0
414837,0
190576,0
147619,0
147619,0
115608,0
408719,0
408719,0
167746,0
366285,0
366285,0
314764,0
206722,0
307155,0
266419,0
266419,0
447041,0
188309,0
164280,0
164280,0
255991,0
255991,0
280840,0
163002,0
163002,0
272845,0
429716,0
429716,0
375990,0
433291,0
433291,0
341938,0
341938,0
149084,0
277695,0
203391,0
135050,0
206676,0
403207,0
403207,0
271457,0
287584,0
287584,0
304655,0
380367,0
380367,0
314905,0
446473,0
401498,0
401498,0
111166,0
111166,0
348137,0
348137,0
348137,0
381596,0
439322,0
439322,0
319118,0
277915,0
310717,0
234970,0
196443,0
196443,0
298171,0
298171,0
234445,0
163814,0
163814,0
410698,0
410698,0
410698,0
117357,0
333433,0
133748,0
418895,0
418895,0
176410,0
176410,0
419248,0
351065,0
117058,0
187709,0
187709,0
228297,0
394060,0
181381,0
355018,0
365437,0
412803,0
107313,0
107313,0
107313,0
230038,0
416652,0
424203,0
160821,0
258999,0
280708,0
353304,0
269564,0
269564,0
136941,0
422246,0
420036,0
420036,0
416241,0
416241,0
140343,0
300940,0
300940,0
300940,0
300940,0
300940,0
354987,0
252245,0
199111,0
347624,0
347624,0
347624,0
347624,0
347624,0
347624,0
347624,0
212506,0
212506,0
401504,0
252876,0
261902,0
234970,0
275001,0
275001,0
312957,0
144239,0
168003,0
399822,0
125021,0
289958,0
289958,0
289958,0
289958,0
270243,0
270243,0
190047,0
190047,0
190047,0
157270,0
157270,0
122789,0
131639,0
131639,0
237174,0
189493,0
353124,0
448044,0
111025,0
295070,0
295070,0
151251,0
210135,0
385453,0
270815,0
349409,0
166045,0
132588,0
132588,0
331605,0
442876,0
442876,0
409769,0
160433,0
160433,0
243061,0
243061,0
243061,0
220653,0
218836,0
438698,0
163388,0
163388,0
163388,0
395466,0
404107,0
404107,0
404107,0
404107,0
404107,0
146196,0
146196,0
340512,0
340512,0
340512,0
299872,0
303860,0
303860,0
303860,0
303860,0
303860,0
350738,0
198566,0
426218,0
313069,0
313069,0
267447,0
261278,0
261278,0
261278,0
106614,0
106614,0
164753,0
184098,0
377396,0
435350,0
315415,0
355589,0
410071,0
370425,0
199619,0
128123,0
227321,0
209126,0
200925,0
279728,0
330677,0
330677,0
330677,0
330677,0
378299,0
407694,0
407694,0
407694,0
451101,0
267304,0
342788,0
431073,0
305323,0
305323,0
282676,0
181599,0
277350,0
394072,0
139025,0
158506,0
227625,0
121253,0
111641,0
111641,0
424923,0
424923,0
140369,0
140369,0
140369,0
140369,0
140369,0
280666,0
421172,0
170201,0
101545,0
222099,0
391096,0
131630,0
367043,0
355479,0
262869,0
405559,0
405559,0
405559,0
427336,0
427336,0
427336,0
107280,0
107280,0
147702,0
147702,0
430820,0
168570,0
168570,0
168570,0
328068,0
328068,0
328068,0
328068,0
328068,0
128463,0
128463,0
377681,0
424817,0
377586,0
414500,0
414500,0
396795,0
396795,0
105190,0
165657,0
165657,0
182470,0
137440,0
137440,0
137440,0
137440,0
199378,0
276813,0
276813,0
319758,0
181051,0
204928,0
204928,0
122062,0
152584,0
152294,0
150557,0
174795,0
101912,0
451139,0
451139,0
103468,0
427938,0
170736,0
342180,0
423164,0
357019,0
357019,0
438032,0
438032,0
127943,0
127943,0
346278,0
346278,0
378078,0
264766,0
367327,0
367327,0
367327,0
287638,0
287638,0
287638,0
157228,0
157228,0
452686,0
452686,0
280918,0
101868,0
101868,0
190429,0
114580,0
231955,0
307934,0
307934,0
392538,0
416258,0
280362,0
280362,0
280362,0
280362,0
280362,0
188868,0
263015,0
177756,0
242442,0
356724,0
430818,0
430818,0
430818,0
147129,0
456198,0
121326,0
328614,0
107959,0
107959,0
107959,0
318894,0
423845,0
423845,0
150754,0
227939,0
431763,0
237403,0
391937,0
269458,0
269458,0
222486,0
237821,0
359282,0
359282,0
359282,0
194745,0
194745,0
194745,0
430818,0
160980,0
209972,0
209972,0
412917,0
357649,0
446796,0
312624,0
167799,0
167799,0
292758,0
231119,0
319764,0
100180,0
102254,0
102254,0
102254,0
102254,0
390569,0
162227,0
381724,0
381724,0
257804,0
399433,0
324328,0
321213,0
321213,0
193345,0
143070,0
270433,0
331922,0
331922,0
227039,0
410502,0
252904,0
252904,0
252904,0
214298,0
214298,0
140832,0
436823,0
350142,0
277768,0
277768,0
277768,0
153060,0
378719,0
378719,0
137019,0
137019,0
387527,0
277557,0
277557,0
428569,0
233147,0
107368,0
141528,0
454600,0
264932,0
160247,0
455266,0
455266,0
139833,0
254407,0
432782,0
388403,0
388403,0
388403,0
244588,0
244588,0
181818,0
362364,0
250407,0
250407,0
339690,0
339690,0
339690,0
112042,0
285913,0
374049,0
375389,0
111390,0
355141,0
454575,0
274381,0
280929,0
274296,0
225531,0
276013,0
116727,0
196005,0
196005,0
196005,0
196005,0
372019,0
212235,0
263986,0
263986,0
263986,0
158079,0
317580,0
430400,0
164767,0
164767,0
395531,0
395531,0
220395,0
437842,0
437842,0
314238,0
113101,0
293214,0
452677,0
452677,0
317732,0
189327,0
139008,0
374015,0
444869,0
105276,0
446418,0
446418,0
446418,0
446418,0
294195,0
152403,0
152403,0
446870,0
201791,0
254389,0
364134,0
361321,0
377683,0
366619,0
198116,0
198116,0
206455,0
156397,0
192652,0
192652,0
310912,0
366011,0
366011,0
366011,0
207147,0
267966,0
420287,0
209216,0
445294,0
445294,0
436600,0
237996,0
292082,0
354730,0
202612,0
288173,0
288173,0
266691,0
133875,0
161327,0
271071,0
253950,0
253950,0
234361,0
183347,0
233598,0
212736,0
130087,0
165666,0
211545,0
258035,0
225253,0
225253,0
225253,0
369958,0
310519,0
307708,0
289596,0
403340,0
158502,0
158502,0
158502,0
158502,0
158502,0
439086,0
213258,0
342617,0
342617,0
384155,0
196058,0
401665,0
444766,0
444766,0
203006,0
203006,0
203006,0
219309,0
219309,0
188712,0
187080,0
187080,0
293109,0
449845,0
256423,0
392403,0
276162,0
202587,0
170284,0
381604,0
381604,0
383811,0
130137,0
130137,0
446796,0
164277,0
108750,0
108750,0
108750,0
181833,0
183974,0
395893,0
346051,0
437854,0
268337,0
123493,0
128676,0
128676,0
302967,0
302967,0
302967,0
368204,0
327330,0
124315,0
290339,0
290339,0
354466,0
190729,0
330607,0
252531,0
252531,0
235076,0
307059,0
226699,0
226699,0
199237,0
400185,0
400185,0
400185,0
189307,0
189307,0
277946,0
277946,0
186212,0
331548,0
131463,0
332696,0
332696,0
332696,0
215880,0
215880,0
278051,0
278051,0
246606,0
246606,0
278495,0
278495,0
278495,0
278495,0
278495,0
394354,0
394354,0
394354,0
150197,0
150197,0
227213,0
227213,0
227213,0
227213,0
159549,0
341315,0
121256,0
245045,0
245045,0
214660,0
214660,0
214660,0
214660,0
214660,0
376992,0
386162,0
176822,0
300823,0
300823,0
300823,0
336953,0
237110,0
432542,0
332031,0
354843,0
354843,0
160509,0
407031,0
407031,0
407031,0
407031,0
301225,0
251206,0
135096,0
135096,0
135096,0
108647,0
391259,0
362502,0
290973,0
173050,0
231048,0
289565,0
122114,0
242764,0
311538,0
112287,0
112287,0
407499,0
434381,0
434381,0
436177,0
436177,0
208092,0
208092,0
257356,0
220885,0
157878,0
157878,0
377046,0
389289,0
214229,0
451930,0
304392,0
304392,0
363692,0
121622,0
147351,0
151654,0
328536,0
129398,0
347432,0
347432,0
424675,0
350349,0
436838,0
436838,0
281687,0
281687,0
394666,0
420063,0
420063,0
100228,0
267841,0
224435,0
224435,0
224435,0
430810,0
412156,0
390321,0
390321,0
377266,0
212504,0
212504,0
298448,0
298448,0
301293,0
301293,0
405907,0
258319,0
158502,0
158502,0
142308,0
261673,0
261673,0
455833,0
455833,0
455833,0
282437,0
108984,0
108984,0
108984,0
384150,0
384150,0
367922,0
367922,0
200213,0
200213,0
454790,0
222466,0
114615,0
114615,0
114615,0
235784,0
235784,0
216816,0
254926,0
254926,0
118438,0
312761,0
312761,0
374691,0
160605,0
341623,0
187220,0
187220,0
107745,0
219359,0
219359,0
248317,0
441391,0
311027,0
202628,0
146032,0
144967,0
264728,0
264728,0
338865,0
453602,0
453602,0
453602,0
165826,0
409628,0
273118,0
289211,0
377894,0
377894,0
393457,0
393457,0
205335,0
214829,0
162964,0
162964,0
162964,0
387599,0
427344,0
378078,0
317346,0
114992,0
114992,0
386153,0
386153,0
375015,0
224828,0
176135,0
312761,0
416258,0
416258,0
341129,0
346051,0
254644,0
153142,0
153142,0
153142,0
386868,0
383116,0
103803,0
103803,0
344131,0
133277,0
133277,0
113181,0
150587,0
343523,0
343523,0
201950,0
212791,0
136226,0
138105,0
138105,0
432669,0
380628,0
318889,0
318889,0
318889,0
177756,0
253453,0
262971,0
347926,0
367246,0
351052,0
317840,0
393345,0
122330,0
122330,0
379502,0
289791,0
356537,0
394814,0
394814,0
394814,0
394814,0
394814,0
427343,0
427343,0
138641,0
138641,0
117689,0
400182,0
400182,0
400182,0
400182,0
322686,0
182259,0
111653,0
111653,0
111653,0
351736,0
333133,0
189917,0
146901,0
146901,0
127540,0
289506,0
289506,0
370339,0
370339,0
356139,0
356139,0
330538,0
455221,0
455221,0
455221,0
316677,0
316677,0
299788,0
299788,0
215284,0
215284,0
384114,0
274086,0
338616,0
333482,0
333482,0
110238,0
262832,0
262832,0
262832,0
262832,0
448365,0
448365,0
448365,0
243510,0
120416,0
276302,0
447355,0
132563,0
383448,0
383448,0
116964,0
351869,0
228102,0
223750,0
177839,0
280809,0
423182,0
142173,0
330206,0
278142,0
213712,0
213712,0
206896,0
206896,0
206896,0
206896,0
329577,0
233125,0
412827,0
132107,0
282437,0
385477,0
211988,0
211988,0
211988,0
147491,0
212565,0
212565,0
362241,0
216670,0
399186,0
177798,0
131183,0
192406,0
437099,0
156113,0
399773,0
163927,0
395791,0
395791,0
162432,0
352011,0
339333,0
137464,0
422379,0
451495,0
307120,0
365881,0
351462,0
351462,0
351462,0
351462,0
152806,0
203644,0
201839,0
201839,0
450630,0
100436,0
360967,0
360967,0
216195,0
290594,0
215853,0
215853,0
224406,0
430527,0
286424,0
266939,0
266939,0
266939,0
266939,0
123991,0
123991,0
256322,0
214485,0
455966,0
304471,0
342398,0
272507,0
272507,0
198795,0
384374,0
356554,0
131300,0
252235,0
284070,0
284070,0
284070,0
387982,0
442073,0
442073,0
442073,0
304520,0
304520,0
198718,0
154216,0
240847,0
232781,0
232781,0
232781,0
129434,0
129434,0
367100,0
288944,0
121450,0
432852,0
432852,0
432852,0
280230,0
280230,0
280230,0
305724,0
109469,0
430846,0
430846,0
329912,0
128087,0
320376,0
231058,0
422102,0
108581,0
161718,0
161718,0
350146,0
135555,0
150468,0
150468,0
150468,0
150468,0
340747,0
340747,0
340747,0
402181,0
102953,0
102953,0
234630,0
234630,0
166169,0
166169,0
166169,0
218846,0
351505,0
351505,0
404379,0
152984,0
442223,0
442223,0
366561,0
365456,0
231951,0
231951,0
401993,0
401993,0
261060,0
423170,0
423170,0
423170,0
423170,0
423170,0
323630,0
202234,0
202234,0
202234,0
376037,0
274417,0
294063,0
294063,0
235849,0
177052,0
409551,0
358677,0
326975,0
147126,0
433729,0
341632,0
341632,0
384687,0
384687,0
200445,0
173817,0
173817,0
285034,0
206533,0
290320,0
211777,0
454198,0
256253,0
256253,0
344910,0
370324,0
370324,0
106847,0
106847,0
231558,0
384536,0
147927,0
178516,0
178516,0
106799,0
117181,0
375872,0
375872,0
158377,0
110419,0
110419,0
157147,0
235088,0
344714,0
197920,0
363812,0
240689,0
372333,0
173195,0
324889,0
381364,0
381364,0
105609,0
105609,0
179211,0
121810,0
209434,0
266841,0
266841,0
403898,0
196651,0
196651,0
359227,0
318384,0
318384,0
451935,0
334839,0
381131,0
329725,0
388023,0
132456,0
112885,0
112885,0
446703,0
337082,0
440221,0
158784,0
158784,0
325411,0
325411,0
329562,0
181682,0
181682,0
181682,0
181682,0
181682,0
276302,0
365679,0
365679,0
365679,0
382623,0
154683,0
451558,0
451558,0
139584,0
294610,0
130229,0
348915,0
185922,0
185922,0
290547,0
333188,0
418974,0
155133,0
132951,0
442682,0
244443,0
201961,0
201961,0
451720,0
246698,0
248167,0
306128,0
212850,0
212850,0
203888,0
322631,0
147243,0
147243,0
346714,0
163473,0
163473,0
123275,0
157250,0
157250,0
157250,0
321705,0
188755,0
292245,0
292109,0
292109,0
292109,0
141810,0
443524,0
443524,0
443524,0
249332,0
172817,0
300192,0
300192,0
300192,0
147249,0
392846,0
455370,0
455370,0
439321,0
438019,0
325711,0
255679,0
239039,0
414647,0
414647,0
414647,0
384444,0
193799,0
141491,0
315602,0
186939,0
186939,0
192454,0
192454,0
342598,0
315509,0
440324,0
302395,0
383866,0
383866,0
409944,0
240583,0
157318,0
112027,0
242622,0
416514,0
253730,0
253730,0
269609,0
432977,0
445232,0
319764,0
455598,0
205745,0
205745,0
205745,0
205745,0
261630,0
384273,0
384273,0
400762,0
400762,0
377399,0
447529,0
201950,0
239115,0
455630,0
455630,0
381193,0
196638,0
196638,0
381275,0
165865,0
369777,0
369777,0
163080,0
135601,0
195825,0
195657,0
195657,0
195657,0
279201,0
101022,0
101022,0
101022,0
101022,0
101022,0
409779,0
161976,0
256439,0
438924,0
438924,0
211597,0
211597,0
270543,0
200460,0
242319,0
242319,0
295077,0
295077,0
337411,0
162033,0
434411,0
411262,0
285029,0
109959,0
146303,0
156528,0
400382,0
325530,0
142049,0
142049,0
357111,0
357111,0
417423,0
417423,0
425793,0
389796,0
102888,0
102888,0
386360,0
386360,0
386360,0
361058,0
111510,0
111510,0
448477,0
135068,0
135068,0
155093,0
155093,0
350945,0
134614,0
283365,0
283365,0
106573,0
162869,0
448533,0
448533,0
448533,0
434256,0
222351,0
222351,0
307352,0
258339,0
390881,0
277135,0
195357,0
365437,0
152273,0
360087,0
128200,0
137036,0
249403,0
249403,0
361585,0
213774,0
412987,0
455593,0
136856,0
136856,0
289239,0
362287,0
312660,0
184494,0
197955,0
364593,0
449350,0
424306,0
110727,0
339973,0
250150,0
375489,0
352591,0
352591,0
352591,0
352591,0
283548,0
185319,0
430207,0
399624,0
224710,0
147661,0
190159,0
190159,0
421021,0
379060,0
321245,0
321245,0
292878,0
261123,0
377681,0
377681,0
326974,0
326974,0
254932,0
289090,0
445943,0
417970,0
417970,0
417970,0
430818,0
415133,0
354726,0
438521,0
273688,0
273688,0
273688,0
411297,0
183744,0
183744,0
425518,0
399248,0
399248,0
207376,0
258601,0
399711,0
320253,0
320253,0
320253,0
445240,0
445240,0
160901,0
160901,0
160901,0
160901,0
318166,0
318166,0
318166,0
318166,0
318166,0
383937,0
383937,0
383937,0
265593,0
362212,0
231017,0
231017,0
153060,0
221718,0
221718,0
118554,0
184500,0
105489,0
105489,0
430368,0
226863,0
242047,0
373053,0
254516,0
387642,0
387642,0
101880,0
195592,0
289506,0
367490,0
206554,0
206554,0
186223,0
159128,0
313017,0
451700,0
451700,0
126507,0
254924,0
273995,0
252226,0
224710,0
327580,0
327580,0
392954,0
197900,0
197900,0
267543,0
415579,0
217678,0
200671,0
200671,0
200671,0
410566,0
132907,0
269897,0
269897,0
241462,0
130537,0
287708,0
287708,0
229295,0
291709,0
291709,0
291709,0
291709,0
316383,0
316383,0
316383,0
162292,0
433082,0
397713,0
320944,0
405752,0
405752,0
425190,0
425190,0
425190,0
425190,0
239821,0
148040,0
415905,0
316651,0
317899,0
160844,0
160844,0
288622,0
314759,0
314759,0
352125,0
352125,0
375179,0
375179,0
165880,0
165880,0
219478,0
219478,0
199424,0
324462,0
324462,0
402643,0
134978,0
324478,0
324478,0
247517,0
236466,0
236466,0
214756,0
214756,0
214756,0
339569,0
374107,0
441740,0
277078,0
147171,0
378558,0
378558,0
226549,0
385313,0
279293,0
283509,0
448011,0
430976,0
430976,0
430976,0
394730,0
394730,0
199762,0
393669,0
393669,0
393669,0
148760,0
180578,0
180578,0
346726,0
250639,0
278197,0
103371,0
377613,0
377613,0
395893,0
395893,0
432331,0
432331,0
150552,0
280362,0
441716,0
441716,0
441716,0
335004,0
335004,0
361954,0
418849,0
453671,0
408175,0
163036,0
163036,0
163036,0
136483,0
259613,0
370496,0
370496,0
141262,0
141262,0
141262,0
175874,0
175874,0
175874,0
400981,0
419890,0
448673,0
400332,0
220401,0
383085,0
283120,0
283120,0
447606,0
424663,0
283168,0
162693,0
162693,0
162693,0
125625,0
125625,0
194193,0
440784,0
440784,0
440784,0
282982,0
177333,0
433035,0
433035,0
317341,0
412156,0
412156,0
133920,0
133920,0
133920,0
126550,0
388592,0
434689,0
434689,0
186502,0
195378,0
221134,0
360770,0
126550,0
361019,0
426218,0
238887,0
449513,0
261706,0
363976,0
448911,0
438568,0
142914,0
451663,0
158046,0
186906,0
123471,0
409951,0
382074,0
213250,0
378011,0
199980,0
174406,0
451057,0
169498,0
388750,0
243509,0
281671,0
341495,0
196787,0
218654,0
232099,0
152781,0
258554,0
360848,0
361761,0
200677,0
335951,0
388721,0
320310,0
229503,0
127244,0
441407,0
227718,0
396137,0
330979,0
418541,0
436209,0
159005,0
356537,0
386758,0
280936,0
192267,0
143791,0
445211,0
294716,0
137811,0
204430,0
151205,0
144331,0
265353,0
187228,0
163995,0
125625,0
175399,0
275071,0
186751,0
393640,0
277032,0
310135,0
156463,0
125117,0
213194,0
211667,0
347134,0
204685,0
396151,0
202149,0
108565,0
386338,0
321514,0
265047,0
198657,0
174453,0
218247,0
119614,0
409015,0
241666,0
307787,0
440871,0
378299,0
403904,0
390995,0
146032,0
226589,0
453240,0
313257,0
409605,0
420734,0
414033,0
106293,0
137040,0
376181,0
297626,0
249629,0
140317,0
418658,0
436405,0
417520,0
417520,0
324339,0
324339,0
239544,0
384534,0
357004,0
210429,0
210429,0
358680,0
358680,0
413559,0
265642,0
378883,0
303691,0
382948,0
292847,0
388934,0
174360,0
182408,0
155149,0
248096,0
248212,0
166858,0
361086,0
301120,0
301120,0
293095,0
421465,0
338720,0
397032,0
182837,0
416656,0
270903,0
114433,0
444873,0
335427,0
245584,0
379116,0
379116,0
327245,0
355056,0
355056,0
423805,0
423805,0
231385,0
200549,0
200549,0
333365,0
333365,0
150915,0
281162,0
347507,0
347507,0
347507,0
290025,0
241603,0
316088,0
335371,0
335371,0
292468,0
221567,0
148074,0
282466,0
122090,0
122090,0
182203,0
200697,0
200697,0
157213,0
157213,0
157213,0
157213,0
290887,0
290887,0
314294,0
177440,0
177440,0
403679,0
403679,0
403679,0
421823,0
362360,0
207558,0
418175,0
265789,0
186366,0
186366,0
211098,0
211098,0
211098,0
144184,0
409769,0
174763,0
191948,0
191948,0
191948,0
180545,0
180545,0
451558,0
451558,0
112017,0
414934,0
221750,0
455833,0
145687,0
145687,0
390462,0
313454,0
188564,0
277891,0
240678,0
397713,0
289342,0
289342,0
106179,0
376037,0
162547,0
441577,0
267881,0
359945,0
405690,0
405690,0
405690,0
405690,0
232769,0
232769,0
361478,0
361478,0
310191,0
268744,0
124667,0
439896,0
301715,0
426812,0
244767,0
128476,0
128476,0
128476,0
128476,0
211803,0
211803,0
319686,0
319686,0
162368,0
356201,0
356201,0
407916,0
246841,0
246841,0
118051,0
118051,0
239932,0
340369,0
358244,0
402464,0
402464,0
233204,0
233204,0
452171,0
140961,0
140961,0
191525,0
381232,0
381232,0
334834,0
315425,0
442240,0
233518,0
233518,0
230503,0
231973,0
231973,0
381441,0
370219,0
421513,0
269067,0
278486,0
196864,0
196864,0
196864,0
239763,0
341140,0
302599,0
147948,0
221860,0
214518,0
145440,0
145440,0
145440,0
408816,0
267985,0
351429,0
219970,0
219970,0
219970,0
434705,0
408979,0
190505,0
176023,0
176023,0
176023,0
200288,0
140281,0
140281,0
140281,0
324485,0
340385,0
199227,0
129592,0
375068,0
375068,0
375068,0
122672,0
227039,0
287681,0
287681,0
436298,0
426960,0
403391,0
430820,0
141341,0
127964,0
221858,0
316380,0
216425,0
216425,0
382948,0
363928,0
363928,0
231842,0
114119,0
313224,0
108623,0
108623,0
108623,0
117058,0
314552,0
107051,0
180047,0
180047,0
180047,0
109920,0
219277,0
306586,0
222849,0
139823,0
139823,0
385881,0
109746,0
176634,0
102148,0
102148,0
452481,0
207934,0
158413,0
158413,0
158413,0
307534,0
264365,0
381557,0
381557,0
213468,0
213468,0
406547,0
406547,0
406547,0
423926,0
423926,0
142994,0
142994,0
142994,0
421168,0
421168,0
428288,0
428288,0
428288,0
428288,0
303780,0
374722,0
374722,0
105325,0
344868,0
344868,0
277692,0
277692,0
277692,0
205909,0
350604,0
350604,0
251206,0
251206,0
285840,0
139186,0
319849,0
319849,0
134009,0
397404,0
261602,0
310334,0
202066,0
251060,0
119975,0
119975,0
290594,0
290594,0
290594,0
242131,0
113741,0
330979,0
330979,0
223015,0
307232,0
382295,0
262580,0
214675,0
214675,0
213317,0
187380,0
366879,0
366879,0
366879,0
435655,0
384746,0
374512,0
410789,0
410789,0
396151,0
241629,0
241629,0
134104,0
339115,0
259228,0
259228,0
208410,0
208410,0
399957,0
399957,0
370003,0
370003,0
370003,0
275926,0
123084,0
288924,0
247700,0
329472,0
449285,0
330267,0
292460,0
292460,0
402224,0
393494,0
419099,0
158470,0
147601,0
147601,0
409125,0
397618,0
180093,0
180093,0
420883,0
415553,0
350315,0
203440,0
136097,0
136097,0
394557,0
381436,0
211948,0
340547,0
243681,0
346339,0
224930,0
224930,0
451164,0
451164,0
250010,0
250010,0
303755,0
380016,0
295971,0
429365,0
104811,0
104811,0
442377,0
442377,0
226863,0
226863,0
195971,0
394433,0
394433,0
110040,0
418153,0
384864,0
384864,0
384864,0
237606,0
237606,0
322123,0
433921,0
147619,0
438099,0
122119,0
120670,0
120670,0
120670,0
120670,0
283677,0
228603,0
228603,0
228121,0
122089,0
122089,0
341460,0
341460,0
104345,0
346333,0
346333,0
100330,0
241463,0
241463,0
236772,0
176218,0
300497,0
300497,0
300497,0
240753,0
222945,0
413292,0
413292,0
413292,0
160188,0
393517,0
238280,0
424023,0
424023,0
160411,0
193754,0
344066,0
344066,0
344066,0
398080,0
291541,0
102366,0
231147,0
441635,0
346517,0
276558,0
105524,0
269603,0
140945,0
290937,0
290937,0
290937,0
166651,0
330652,0
388683,0
179992,0
179992,0
138910,0
421568,0
421568,0
238675,0
136873,0
436533,0
436533,0
323148,0
189801,0
239419,0
315757,0
372367,0
140558,0
378413,0
195281,0
195281,0
195281,0
151778,0
151778,0
146191,0
421904,0
330253,0
175025,0
175025,0
159039,0
221750,0
221750,0
250655,0
250655,0
250655,0
191905,0
276879,0
433043,0
433043,0
268083,0
436991,0
437042,0
183113,0
105637,0
454806,0
454806,0
235417,0
235417,0
315001,0
315001,0
315001,0
433325,0
433325,0
174739,0
382534,0
224710,0
180565,0
381184,0
407446,0
407446,0
407446,0
419897,0
308249,0
308249,0
361232,0
361232,0
285093,0
285093,0
134797,0
127157,0
127157,0
127157,0
127157,0
265133,0
283049,0
159362,0
419011,0
157681,0
215298,0
230594,0
299687,0
178945,0
175994,0
175994,0
175994,0
173913,0
279922,0
298065,0
171106,0
127095,0
325901,0
216685,0
430818,0
185926,0
338775,0
391550,0
391550,0
315388,0
148215,0
148215,0
206948,0
206948,0
358424,0
423164,0
135818,0
154307,0
194018,0
194018,0
322435,0
449861,0
449861,0
329415,0
358690,0
358690,0
364020,0
364020,0
270099,0
143568,0
143568,0
338272,0
188783,0
384253,0
117038,0
283145,0
415553,0
415553,0
100312,0
449872,0
400706,0
297143,0
425225,0
268135,0
248325,0
264896,0
364218,0
441506,0
167541,0
186740,0
165005,0
234169,0
114028,0
405173,0
186582,0
229490,0
419781,0
247378,0
117862,0
334397,0
293284,0
263760,0
240457,0
162063,0
182889,0
406445,0
356631,0
192073,0
363221,0
100629,0
392030,0
447791,0
447791,0
332185,0
147404,0
222204,0
303963,0
303963,0
303963,0
307100,0
244582,0
244582,0
260658,0
453156,0
153023,0
281439,0
401525,0
310771,0
310771,0
431541,0
431541,0
148368,0
372021,0
372021,0
323387,0
323387,0
131639,0
131639,0
181818,0
447386,0
214025,0
340185,0
340185,0
313034,0
401634,0
308190,0
383416,0
267772,0
295385,0
171583,0
324523,0
324523,0
429597,0
182087,0
242941,0
343322,0
374821,0
374821,0
374821,0
374821,0
374821,0
178333,0
178333,0
174112,0
390938,0
327999,0
419752,0
111750,0
111750,0
310334,0
310334,0
356689,0
345888,0
345888,0
345888,0
345478,0
218191,0
338870,0
338870,0
268192,0
302432,0
430086,0
166331,0
180812,0
379116,0
150753,0
199425,0
450552,0
436091,0
193148,0
208947,0
126550,0
359389,0
359389,0
279031,0
108838,0
275258,0
275258,0
325090,0
446796,0
446796,0
117566,0
344405,0
315613,0
419465,0
326566,0
188099,0
188099,0
320677,0
144328,0
209885,0
379060,0
326974,0
233125,0
224226,0
377206,0
152270,0
253985,0
367389,0
268421,0
124826,0
159914,0
432852,0
391221,0
142381,0
448289,0
317042,0
317042,0
248284,0
172507,0
215396,0
412827,0
195426,0
364025,0
433790,0
131805,0
398944,0
244227,0
334839,0
181794,0
119904,0
411297,0
399248,0
195468,0
445240,0
226563,0
367490,0
370922,0
126507,0
254924,0
428131,0
360689,0
194972,0
395050,0
405363,0
126920,0
206800,0
220259,0
108745,0
387138,0
168151,0
293258,0
228781,0
152129,0
228714,0
354948,0
127399,0
379767,0
181509,0
293126,0
396660,0
122600,0
171766,0
266518,0
199263,0
195326,0
405883,0
168331,0
261142,0
261142,0
269897,0
316383,0
236092,0
160844,0
352125,0
402643,0
241320,0
396849,0
248134,0
248134,0
333960,0
113101,0
293303,0
113395,0
174998,0
192170,0
176769,0
140552,0
290702,0
121384,0
371903,0
364385,0
104693,0
387473,0
387473,0
216557,0
400627,0
238934,0
369569,0
395780,0
204638,0
274469,0
455905,0
202749,0
322891,0
351953,0
214756,0
412698,0
277078,0
279293,0
100220,0
283509,0
283509,0
413368,0
145897,0
163036,0
230509,0
331390,0
220723,0
244013,0
384836,0
299855,0
199204,0
199204,0
118051,0
224292,0
171038,0
442392,0
250385,0
272666,0
168887,0
129396,0
383662,0
373268,0
196639,0
199871,0
380332,0
266156,0
314783,0
148546,0
312971,0
153142,0
159033,0
432336,0
235430,0
193038,0
358014,0
358014,0
223920,0
425331,0
141262,0
141262,0
171030,0
419890,0
424663,0
305254,0
272372,0
271514,0
271514,0
178569,0
417975,0
326476,0
436965,0
379212,0
379212,0
121683,0
240493,0
364274,0
354285,0
135504,0
424413,0
109136,0
282694,0
297017,0
424001,0
313914,0
277198,0
125426,0
125306,0
162227,0
167790,0
225112,0
405429,0
338420,0
274842,0
364762,0
315734,0
330977,0
369319,0
428545,0
449286,0
271310,0
326663,0
326663,0
141372,0
171228,0
275715,0
192121,0
288278,0
221126,0
347083,0
382563,0
395201,0
136027,0
147952,0
327415,0
174725,0
174725,0
214450,0
214450,0
348467,0
388323,0
132906,0
132906,0
132906,0
153437,0
262625,0
157432,0
253469,0
339004,0
242466,0
245434,0
385058,0
158164,0
241864,0
282129,0
293925,0
147917,0
331248,0
384309,0
227858,0
117357,0
257768,0
193038,0
315587,0
272099,0
314323,0
298334,0
346662,0
247916,0
258215,0
115938,0
327139,0
118264,0
334124,0
420412,0
107391,0
310677,0
299115,0
299115,0
323007,0
370018,0
199477,0
214660,0
331688,0
398469,0
317346,0
169560,0
287706,0
347005,0
295204,0
131416,0
138313,0
191758,0
453159,0
143070,0
243721,0
410654,0
130093,0
429648,0
429648,0
421398,0
381212,0
426409,0
263650,0
358562,0
138643,0
111143,0
129781,0
190576,0
265986,0
386650,0
147046,0
260244,0
109753,0
155388,0
259419,0
305743,0
305743,0
447589,0
447589,0
447589,0
261293,0
315261,0
241544,0
389351,0
213016,0
361919,0
269460,0
340587,0
454908,0
368204,0
257514,0
357356,0
439671,0
102580,0
227321,0
380104,0
386249,0
332661,0
355218,0
336811,0
147762,0
283695,0
348281,0
144649,0
268456,0
309705,0
126277,0
238223,0
251183,0
275148,0
140027,0
226057,0
183226,0
339682,0
423155,0
436141,0
371646,0
310858,0
169350,0
438034,0
241308,0
265125,0
216915,0
448152,0
421899,0
376641,0
199057,0
265654,0
190497,0
113870,0
340774,0
322151,0
336998,0
171279,0
144065,0
141296,0
349048,0
218398,0
277330,0
324944,0
163904,0
236313,0
357347,0
407486,0
110194,0
235281,0
101873,0
406470,0
334977,0
448535,0
224220,0
336271,0
169348,0
190616,0
201247,0
286549,0
115231,0
437960,0
218912,0
226736,0
294812,0
113970,0
110253,0
314764,0
280395,0
396381,0
140710,0
402931,0
375068,0
181111,0
122089,0
133089,0
411045,0
194786,0
418367,0
418367,0
396680,0
186977,0
304785,0
115682,0
191060,0
283582,0
371699,0
371699,0
371699,0
371699,0
371699,0
455688,0
192130,0
192130,0
172149,0
235314,0
235314,0
337052,0
355916,0
118399,0
189517,0
315638,0
420314,0
168829,0
168829,0
287805,0
287805,0
287805,0
287805,0
287805,0
437599,0
170986,0
442683,0
442683,0
445076,0
283479,0
351265,0
351265,0
351265,0
351265,0
403994,0
403994,0
299398,0
181030,0
165974,0
165974,0
272892,0
272892,0
272892,0
170662,0
141515,0
141515,0
117862,0
266586,0
386294,0
386294,0
386294,0
265303,0
230075,0
275882,0
208387,0
152116,0
246302,0
227672,0
375731,0
232462,0
232462,0
232462,0
232462,0
180914,0
112642,0
310886,0
137464,0
277952,0
355082,0
248846,0
438195,0
438195,0
292665,0
153596,0
409200,0
409200,0
237225,0
366479,0
406179,0
406179,0
221330,0
322421,0
322421,0
322421,0
322421,0
251071,0
357177,0
357177,0
357177,0
357177,0
132467,0
312115,0
372423,0
385396,0
247447,0
257843,0
387233,0
289586,0
421898,0
429637,0
227110,0
227110,0
227110,0
227110,0
238263,0
425547,0
425547,0
138427,0
138427,0
144494,0
144494,0
116023,0
385004,0
430275,0
430275,0
274792,0
274792,0
164371,0
288938,0
288938,0
122271,0
404673,0
370760,0
407866,0
247983,0
406365,0
406365,0
406365,0
406365,0
373495,0
373495,0
373495,0
373495,0
411297,0
143194,0
418533,0
327213,0
139592,0
139592,0
107200,0
309156,0
155568,0
147516,0
156198,0
340385,0
159671,0
159671,0
315911,0
256973,0
241812,0
241812,0
241812,0
241812,0
376525,0
376525,0
145209,0
378980,0
378980,0
378980,0
113766,0
102690,0
102690,0
212139,0
396369,0
213660,0
213660,0
435838,0
325028,0
451221,0
451221,0
228121,0
273198,0
273198,0
273198,0
429503,0
429503,0
429503,0
196460,0
207610,0
145402,0
145402,0
388113,0
388113,0
425592,0
425592,0
425592,0
425592,0
425592,0
451639,0
125021,0
368500,0
428295,0
428295,0
295961,0
372258,0
186208,0
367626,0
369875,0
180410,0
241281,0
147086,0
278118,0
110556,0
239076,0
239076,0
307841,0
345408,0
345408,0
244121,0
244121,0
244121,0
244121,0
244121,0
420792,0
222375,0
222375,0
114659,0
119904,0
143594,0
143594,0
373764,0
347231,0
208643,0
138276,0
138276,0
265812,0
191939,0
191939,0
191939,0
191939,0
355258,0
421680,0
421680,0
421680,0
314807,0
314807,0
149780,0
112752,0
368432,0
376797,0
262012,0
274760,0
274760,0
337532,0
337532,0
307100,0
453276,0
453276,0
453276,0
453276,0
266097,0
300122,0
300122,0
189275,0
163760,0
321500,0
420556,0
420545,0
420545,0
278600,0
150754,0
150754,0
217608,0
217608,0
217608,0
217608,0
356137,0
345340,0
345340,0
275841,0
275841,0
276558,0
152008,0
152008,0
173759,0
218365,0
337302,0
101439,0
101439,0
101439,0
105391,0
105391,0
105391,0
121555,0
383385,0
136523,0
435074,0
430543,0
332226,0
332226,0
226200,0
226200,0
154369,0
154369,0
291016,0
209846,0
209846,0
178935,0
178935,0
396599,0
194032,0
271232,0
244227,0
438859,0
212557,0
212557,0
351265,0
351265,0
351265,0
124126,0
124126,0
382559,0
291320,0
291320,0
448189,0
448189,0
422301,0
422301,0
422301,0
422301,0
236860,0
204291,0
204291,0
356039,0
356039,0
343176,0
209910,0
354856,0
354856,0
354856,0
231826,0
326833,0
412334,0
244177,0
180742,0
180742,0
352655,0
388928,0
388928,0
388928,0
326017,0
200207,0
200207,0
219262,0
285025,0
367864,0
367864,0
102551,0
131085,0
288892,0
336300,0
418428,0
415139,0
388675,0
388675,0
388675,0
430818,0
432007,0
432007,0
432007,0
432007,0
432007,0
104626,0
213688,0
213688,0
248008,0
378329,0
361846,0
383299,0
383299,0
444844,0
167730,0
167730,0
167730,0
167730,0
167730,0
167730,0
229349,0
301133,0
322773,0
454490,0
454490,0
266115,0
424585,0
424585,0
424585,0
256813,0
256813,0
428816,0
413731,0
413731,0
180153,0
293809,0
166962,0
166962,0
352549,0
436674,0
286497,0
286497,0
343877,0
150944,0
194424,0
123207,0
279844,0
216745,0
131098,0
197427,0
377541,0
281448,0
281448,0
370312,0
139042,0
455862,0
455862,0
222846,0
130584,0
443228,0
303876,0
449350,0
449350,0
175215,0
175215,0
296201,0
431175,0
431175,0
431175,0
431175,0
128535,0
228677,0
228677,0
169485,0
104249,0
107401,0
392756,0
392756,0
103770,0
103770,0
103770,0
436091,0
289239,0
160747,0
191257,0
191257,0
211155,0
287686,0
446815,0
414795,0
379788,0
374583,0
374583,0
374583,0
324459,0
113655,0
257415,0
132197,0
325352,0
325352,0
154915,0
349288,0
165225,0
165225,0
290666,0
428612,0
170737,0
225199,0
203474,0
376478,0
386561,0
332196,0
400372,0
453317,0
150000,0
288068,0
352183,0
352183,0
352183,0
397877,0
397877,0
252025,0
391487,0
391487,0
391487,0
391487,0
143701,0
376181,0
308307,0
170535,0
337684,0
347607,0
347607,0
363432,0
363432,0
363432,0
283677,0
283677,0
178839,0
178839,0
178839,0
320720,0
320720,0
391040,0
221132,0
189352,0
308349,0
308349,0
308349,0
108390,0
244036,0
244036,0
161167,0
372355,0
252789,0
279848,0
159902,0
159902,0
345453,0
223676,0
223676,0
334849,0
402291,0
402291,0
354111,0
354111,0
124426,0
139449,0
139449,0
140506,0
140506,0
257645,0
257645,0
257645,0
371903,0
257260,0
362676,0
446815,0
314159,0
454033,0
454033,0
303117,0
330663,0
324328,0
125090,0
383182,0
342036,0
342036,0
342036,0
340332,0
414424,0
358932,0
425678,0
425678,0
425678,0
198187,0
317129,0
317129,0
317129,0
358538,0
358538,0
224037,0
330275,0
330275,0
330275,0
180200,0
238483,0
388007,0
388007,0
388007,0
169350,0
371141,0
372158,0
378563,0
378563,0
443139,0
101022,0
101022,0
387915,0
380281,0
365394,0
365394,0
378692,0
311245,0
109347,0
406607,0
102711,0
135298,0
397875,0
325832,0
195307,0
407891,0
248167,0
373161,0
339659,0
188469,0
389549,0
389549,0
308264,0
331727,0
190424,0
190424,0
326393,0
221771,0
353758,0
170701,0
195702,0
126974,0
129027,0
349932,0
349932,0
170253,0
170253,0
360309,0
227350,0
143594,0
438874,0
131529,0
131529,0
148857,0
444947,0
444947,0
444947,0
444947,0
444947,0
444947,0
389732,0
218614,0
130849,0
290636,0
327848,0
327848,0
254063,0
390471,0
390471,0
296748,0
296748,0
178982,0
178982,0
178982,0
178982,0
264188,0
293423,0
274428,0
274428,0
274428,0
449849,0
139769,0
405310,0
151156,0
333960,0
333960,0
333960,0
167947,0
383393,0
383393,0
383393,0
383393,0
232166,0
201304,0
201304,0
137954,0
272816,0
384724,0
384724,0
328951,0
168388,0
261758,0
370754,0
370754,0
329581,0
147407,0
343891,0
385390,0
385390,0
391176,0
391176,0
391176,0
158674,0
435439,0
192792,0
192792,0
385105,0
242799,0
314211,0
314211,0
314211,0
314211,0
184536,0
184536,0
376272,0
433676,0
243031,0
336168,0
336168,0
351947,0
351947,0
135068,0
191629,0
136500,0
216557,0
216557,0
216557,0
216557,0
312979,0
167770,0
256923,0
396801,0
213150,0
251206,0
251206,0
251206,0
119594,0
110567,0
334780,0
334780,0
303319,0
363145,0
225044,0
379316,0
379316,0
379316,0
379316,0
379316,0
445660,0
224988,0
224988,0
386979,0
305359,0
280853,0
414899,0
414899,0
414899,0
108025,0
108025,0
141693,0
141693,0
376311,0
376311,0
142604,0
396156,0
396156,0
224585,0
266939,0
266939,0
266939,0
377206,0
231902,0
173632,0
127095,0
127095,0
330865,0
414220,0
414220,0
328481,0
165442,0
123999,0
123999,0
443201,0
159562,0
159562,0
344593,0
344593,0
344593,0
197629,0
306717,0
341545,0
221499,0
371731,0
164588,0
407983,0
165115,0
285208,0
285208,0
293127,0
131253,0
219933,0
219933,0
144510,0
144510,0
144510,0
315613,0
237588,0
148127,0
148127,0
148127,0
385394,0
385394,0
129680,0
167358,0
407866,0
394060,0
209858,0
155618,0
227276,0
433695,0
187974,0
142641,0
449012,0
424960,0
283677,0
436519,0
303255,0
303255,0
309411,0
131503,0
351555,0
351555,0
351555,0
120464,0
120464,0
393742,0
393742,0
393742,0
393742,0
393742,0
316148,0
316148,0
316148,0
165614,0
216644,0
370694,0
370694,0
115901,0
237139,0
178034,0
147361,0
147361,0
221931,0
404914,0
251201,0
263729,0
264090,0
264090,0
408790,0
136554,0
136554,0
392886,0
392886,0
196645,0
175569,0
250430,0
371309,0
371309,0
177791,0
359580,0
359580,0
359580,0
272857,0
159535,0
152714,0
435630,0
435630,0
435630,0
435630,0
393544,0
393544,0
273944,0
312220,0
270298,0
270298,0
389002,0
428366,0
368931,0
216074,0
236940,0
121235,0
114447,0
337075,0
317608,0
326170,0
404163,0
164917,0
164917,0
444101,0
444101,0
418202,0
137164,0
137164,0
137164,0
138630,0
172623,0
372586,0
225707,0
310453,0
188328,0
315782,0
235274,0
105746,0
105746,0
131524,0
340584,0
156677,0
156677,0
267729,0
267729,0
332661,0
332661,0
130192,0
124991,0
124991,0
124991,0
289699,0
316651,0
369448,0
219787,0
219787,0
326100,0
326100,0
388673,0
376797,0
376797,0
320158,0
320158,0
393278,0
393029,0
147122,0
147122,0
303544,0
266395,0
157035,0
157035,0
423501,0
109924,0
203600,0
203600,0
446850,0
291113,0
291113,0
276583,0
276583,0
178566,0
378078,0
448553,0
442551,0
442551,0
348410,0
348410,0
318681,0
114490,0
256296,0
102638,0
209205,0
209205,0
209446,0
397669,0
448152,0
448152,0
213054,0
119084,0
211211,0
315350,0
300529,0
280523,0
120761,0
141538,0
400532,0
400532,0
339372,0
394952,0
174245,0
198521,0
190671,0
145891,0
269271,0
268773,0
171503,0
171503,0
171503,0
114963,0
349586,0
349586,0
307362,0
307362,0
307362,0
365166,0
309708,0
199111,0
421113,0
265495,0
236084,0
422690,0
422690,0
138103,0
316982,0
335227,0
335227,0
413980,0
248846,0
248846,0
371309,0
142169,0
133908,0
185357,0
315902,0
162046,0
162046,0
152294,0
152294,0
380046,0
373602,0
312885,0
312885,0
354421,0
175089,0
175089,0
175089,0
310371,0
351341,0
351341,0
351341,0
366923,0
273680,0
275370,0
200932,0
339376,0
173082,0
223641,0
182505,0
192368,0
252971,0
198458,0
366002,0
366002,0
427265,0
385332,0
172745,0
206056,0
126649,0
350036,0
350036,0
324725,0
314264,0
187347,0
139776,0
271851,0
271851,0
115312,0
115312,0
377206,0
256946,0
288698,0
352028,0
455005,0
218940,0
138307,0
300015,0
323678,0
323678,0
323678,0
106064,0
235330,0
449511,0
201937,0
423842,0
103206,0
447410,0
199708,0
139011,0
109488,0
412343,0
412343,0
213549,0
239968,0
239968,0
239968,0
126787,0
342252,0
169504,0
237535,0
237535,0
163013,0
443235,0
443235,0
443235,0
134626,0
327204,0
327204,0
406374,0
261749,0
136932,0
130775,0
101432,0
146643,0
146643,0
146643,0
424645,0
328803,0
147166,0
147166,0
147166,0
335483,0
169642,0
340768,0
390576,0
342689,0
342689,0
223368,0
223368,0
266473,0
266473,0
208871,0
117236,0
284674,0
284674,0
300069,0
300069,0
300069,0
191265,0
191265,0
300559,0
149490,0
261285,0
421637,0
315413,0
329593,0
171716,0
369014,0
369014,0
369014,0
328962,0
216733,0
399327,0
399327,0
144884,0
455204,0
455204,0
455204,0
331390,0
209939,0
209939,0
206854,0
304669,0
194638,0
438521,0
137724,0
152452,0
152452,0
152452,0
381385,0
188573,0
188573,0
339745,0
246443,0
183156,0
183156,0
183156,0
183156,0
139025,0
283741,0
283741,0
283741,0
283741,0
360220,0
436844,0
436844,0
121036,0
378692,0
378692,0
233566,0
401437,0
422097,0
422097,0
315234,0
416650,0
416650,0
286591,0
286591,0
286591,0
367768,0
367768,0
315234,0
315234,0
369608,0
108199,0
276642,0
276642,0
417730,0
198862,0
326076,0
222849,0
222849,0
100211,0
100211,0
262608,0
342925,0
342925,0
273550,0
325915,0
325915,0
338285,0
338285,0
338285,0
338285,0
376610,0
376610,0
376610,0
291911,0
196825,0
220301,0
454318,0
246231,0
246231,0
273601,0
219540,0
219540,0
112297,0
206803,0
371800,0
234568,0
400505,0
400505,0
371778,0
369466,0
369466,0
173756,0
173756,0
173756,0
340078,0
416780,0
372850,0
169286,0
169286,0
291769,0
291769,0
291769,0
347229,0
210429,0
225303,0
209925,0
213658,0
390279,0
263804,0
263804,0
397372,0
380153,0
102296,0
280988,0
256351,0
412279,0
166665,0
213386,0
202991,0
202991,0
202991,0
202991,0
109168,0
123471,0
123471,0
453249,0
453249,0
366879,0
153403,0
153403,0
153403,0
153403,0
153403,0
153403,0
153403,0
271823,0
234115,0
188118,0
300015,0
300015,0
260746,0
452168,0
200106,0
138289,0
443942,0
386319,0
386319,0
390491,0
231117,0
184108,0
337228,0
337228,0
292133,0
238092,0
303358,0
235574,0
338418,0
422678,0
307171,0
441635,0
180514,0
180514,0
279892,0
279892,0
279892,0
238785,0
415084,0
225603,0
227364,0
323082,0
323082,0
323082,0
449928,0
441100,0
102308,0
112297,0
112297,0
311560,0
378054,0
418390,0
231917,0
326980,0
418903,0
418903,0
326476,0
116801,0
200225,0
200225,0
154592,0
154592,0
302624,0
289801,0
360817,0
360817,0
310254,0
215977,0
240666,0
240666,0
256836,0
256836,0
256836,0
256836,0
256836,0
417797,0
220552,0
170351,0
170351,0
451101,0
388258,0
441931,0
441931,0
441931,0
441931,0
424065,0
108095,0
108095,0
421658,0
421658,0
429484,0
429484,0
429484,0
429484,0
429484,0
429484,0
380754,0
377265,0
377265,0
184841,0
201861,0
131276,0
131276,0
109004,0
109004,0
185525,0
392418,0
144760,0
189339,0
132313,0
132313,0
206150,0
300670,0
300670,0
147331,0
375989,0
375989,0
250942,0
368852,0
351505,0
351505,0
200427,0
356361,0
333636,0
181818,0
181818,0
262902,0
262902,0
262902,0
262902,0
448767,0
345627,0
313495,0
438742,0
250835,0
275669,0
398941,0
398941,0
398941,0
386081,0
233339,0
230232,0
415852,0
415852,0
251822,0
251822,0
434733,0
228660,0
107153,0
152247,0
355479,0
329593,0
421685,0
336953,0
358423,0
269556,0
134120,0
295677,0
295677,0
295677,0
376512,0
242577,0
439525,0
439525,0
342054,0
370125,0
370125,0
210568,0
308965,0
126706,0
126706,0
254644,0
169541,0
225076,0
433073,0
272817,0
268913,0
251277,0
251277,0
251277,0
380826,0
100397,0
161366,0
317709,0
369670,0
212139,0
166583,0
166583,0
125049,0
293148,0
293148,0
390558,0
116081,0
263878,0
327393,0
327393,0
391368,0
340065,0
340065,0
452258,0
448361,0
396453,0
130075,0
338170,0
237287,0
155667,0
446151,0
446151,0
135222,0
397404,0
330977,0
330977,0
330977,0
431581,0
431581,0
131671,0
378160,0
100833,0
342435,0
342435,0
308588,0
125751,0
125751,0
125751,0
399461,0
399461,0
402411,0
402411,0
415737,0
415737,0
415737,0
415737,0
213527,0
213527,0
420921,0
420921,0
420921,0
225909,0
225909,0
165401,0
122791,0
331548,0
305817,0
116017,0
116017,0
385711,0
112905,0
112905,0
147952,0
451269,0
121703,0
215860,0
435164,0
418172,0
287208,0
448044,0
420469,0
187214,0
269432,0
269432,0
269432,0
373613,0
373613,0
373613,0
186851,0
352621,0
179559,0
447410,0
130241,0
117151,0
102660,0
161258,0
108095,0
330204,0
252245,0
252245,0
252245,0
359772,0
106753,0
184911,0
184911,0
184911,0
184911,0
184911,0
184911,0
424418,0
382120,0
382120,0
304691,0
177302,0
177302,0
214982,0
214982,0
179747,0
179747,0
267320,0
218865,0
392220,0
392220,0
393215,0
414764,0
186874,0
206191,0
453169,0
361696,0
223761,0
213712,0
431239,0
277078,0
276105,0
288797,0
184984,0
184984,0
158652,0
233455,0
330465,0
255965,0
255965,0
113278,0
126676,0
126676,0
230491,0
230491,0
230491,0
387619,0
321010,0
429966,0
399815,0
399815,0
399815,0
114089,0
114089,0
114089,0
128068,0
128068,0
128068,0
160417,0
172208,0
151320,0
151320,0
347017,0
347017,0
237616,0
368904,0
100513,0
453851,0
453851,0
127244,0
127244,0
439532,0
298230,0
298230,0
109974,0
222104,0
170413,0
191580,0
299343,0
299343,0
151613,0
431763,0
431763,0
386336,0
289958,0
219919,0
219919,0
344112,0
195100,0
106595,0
106595,0
242917,0
421184,0
421184,0
421184,0
186645,0
364069,0
364069,0
262469,0
262469,0
221580,0
255799,0
255799,0
255799,0
223015,0
223015,0
223015,0
218919,0
112642,0
136689,0
105687,0
139572,0
368041,0
368041,0
232603,0
232603,0
232603,0
165072,0
172430,0
438100,0
438100,0
292004,0
100948,0
100948,0
279746,0
125027,0
164478,0
454600,0
370601,0
370601,0
168922,0
168922,0
211333,0
369643,0
369643,0
231573,0
434717,0
395151,0
366548,0
260728,0
163997,0
136466,0
261087,0
454403,0
336703,0
336703,0
336703,0
276438,0
276438,0
276438,0
259361,0
196639,0
171034,0
208633,0
208633,0
208633,0
268610,0
142057,0
142057,0
233125,0
145362,0
105417,0
275360,0
119252,0
319465,0
319465,0
386872,0
386872,0
386872,0
208137,0
170130,0
233658,0
233658,0
233658,0
149848,0
174453,0
174453,0
331933,0
331933,0
304697,0
146477,0
101856,0
288988,0
308191,0
439458,0
439458,0
439458,0
447245,0
447245,0
276094,0
265380,0
265380,0
217797,0
412945,0
252853,0
252853,0
261744,0
289826,0
289826,0
289826,0
338475,0
338475,0
250041,0
350968,0
117413,0
382641,0
444045,0
413831,0
321346,0
223295,0
392938,0
106369,0
200300,0
200300,0
150981,0
262255,0
247311,0
247311,0
439037,0
361585,0
154965,0
451441,0
451441,0
165687,0
165687,0
252760,0
252760,0
448349,0
197896,0
324339,0
302733,0
302733,0
302733,0
155919,0
264677,0
264677,0
149034,0
416706,0
416706,0
380761,0
380761,0
380761,0
117570,0
302571,0
302571,0
348001,0
312300,0
312300,0
344487,0
399154,0
441811,0
441811,0
157432,0
230087,0
389819,0
438495,0
294356,0
294356,0
294356,0
294356,0
448595,0
448595,0
179185,0
179185,0
179185,0
290417,0
290417,0
435085,0
435085,0
435085,0
269252,0
363747,0
222718,0
222718,0
186039,0
172506,0
317002,0
426840,0
102989,0
302834,0
312907,0
253749,0
156148,0
156148,0
156148,0
286502,0
360256,0
397713,0
397713,0
381097,0
381097,0
104056,0
439261,0
360305,0
360305,0
360305,0
360305,0
254473,0
378720,0
202956,0
349048,0
211333,0
211333,0
180939,0
180939,0
454763,0
131165,0
247623,0
172976,0
403157,0
225125,0
225125,0
225125,0
225125,0
225125,0
351947,0
100397,0
100397,0
100397,0
449809,0
140317,0
140317,0
412229,0
207155,0
207155,0
173995,0
219706,0
400934,0
157483,0
157483,0
306780,0
444082,0
444082,0
444082,0
444082,0
444082,0
225479,0
225479,0
151327,0
255981,0
255981,0
255981,0
221119,0
221119,0
312209,0
312209,0
312209,0
230313,0
230313,0
424541,0
424541,0
350555,0
350555,0
350555,0
279674,0
248086,0
396999,0
226960,0
380009,0
214109,0
214109,0
106894,0
125106,0
125106,0
125106,0
419890,0
150208,0
154999,0
171097,0
171097,0
165881,0
116193,0
116193,0
173430,0
402185,0
402185,0
402185,0
305872,0
125838,0
125838,0
276990,0
276990,0
286083,0
180708,0
285998,0
118389,0
370172,0
370172,0
411439,0
348014,0
348014,0
402013,0
313674,0
313674,0
334664,0
229795,0
342910,0
306988,0
418266,0
312498,0
443849,0
443849,0
286498,0
286498,0
286498,0
434411,0
267979,0
438942,0
438942,0
438942,0
438942,0
330442,0
330442,0
217428,0
318825,0
383814,0
366546,0
366546,0
108337,0
376512,0
376512,0
113689,0
256375,0
120320,0
319617,0
438859,0
438859,0
336082,0
336082,0
385007,0
318955,0
394446,0
186988,0
296939,0
296939,0
401721,0
401721,0
451581,0
143547,0
232259,0
104941,0
200563,0
258661,0
232011,0
232011,0
261895,0
353214,0
210167,0
210167,0
341771,0
443265,0
272946,0
200608,0
105896,0
105896,0
427588,0
243120,0
243120,0
373295,0
373295,0
117662,0
117662,0
117662,0
117662,0
285648,0
245967,0
211701,0
348348,0
163478,0
163478,0
163478,0
163478,0
163478,0
163478,0
370823,0
214965,0
378256,0
327774,0
327774,0
327774,0
219123,0
219123,0
111474,0
136985,0
232649,0
232649,0
182601,0
288979,0
288979,0
154829,0
154829,0
346728,0
258551,0
258551,0
258551,0
425513,0
172100,0
385172,0
416871,0
416871,0
199243,0
250605,0
250605,0
250605,0
106642,0
292323,0
436429,0
405779,0
405779,0
405779,0
344256,0
329562,0
319916,0
319916,0
319916,0
347950,0
347950,0
335401,0
344225,0
395810,0
211484,0
364205,0
364205,0
105687,0
435681,0
435681,0
217750,0
318015,0
348137,0
348137,0
384485,0
164804,0
164804,0
136913,0
136913,0
153040,0
153040,0
153040,0
356816,0
356816,0
321228,0
436016,0
162964,0
162964,0
135168,0
337910,0
112885,0
294377,0
319374,0
197637,0
450996,0
450996,0
360582,0
204415,0
204415,0
413260,0
257624,0
257624,0
167135,0
437755,0
437755,0
437755,0
203567,0
203567,0
115075,0
442746,0
110361,0
215448,0
215448,0
152902,0
152902,0
314382,0
325115,0
222556,0
200549,0
390684,0
114201,0
196695,0
308921,0
308921,0
308921,0
445550,0
232793,0
232793,0
451437,0
451437,0
451437,0
319538,0
319538,0
319538,0
319538,0
391259,0
322395,0
326786,0
326786,0
105875,0
247706,0
212434,0
212434,0
275993,0
275993,0
275993,0
275993,0
407224,0
427837,0
241415,0
142225,0
112430,0
224671,0
224671,0
368044,0
143258,0
247111,0
247111,0
198730,0
170749,0
170749,0
179088,0
179088,0
179088,0
213558,0
388046,0
156594,0
156594,0
237837,0
349294,0
349294,0
342723,0
436984,0
299832,0
188863,0
353304,0
287655,0
370223,0
370223,0
225141,0
389237,0
127041,0
133068,0
265407,0
265407,0
198611,0
198611,0
133136,0
402224,0
402224,0
357071,0
227583,0
369834,0
369834,0
452947,0
257417,0
257417,0
188855,0
102048,0
102048,0
382744,0
299396,0
149551,0
441471,0
350123,0
350123,0
341049,0
455708,0
167123,0
351633,0
407612,0
426047,0
173073,0
436976,0
436976,0
342558,0
323908,0
314402,0
314402,0
314402,0
394883,0
394883,0
190129,0
363625,0
115105,0
331349,0
331349,0
331349,0
335350,0
441850,0
441850,0
137203,0
137203,0
390845,0
390845,0
161594,0
161594,0
441608,0
454241,0
454241,0
271686,0
176094,0
317241,0
399957,0
108078,0
388361,0
420343,0
420343,0
355550,0
355550,0
355550,0
436845,0
436845,0
422273,0
415939,0
331281,0
311059,0
360967,0
315813,0
315813,0
294221,0
378774,0
111137,0
166409,0
248361,0
330803,0
335272,0
335272,0
436068,0
405716,0
327188,0
390268,0
372409,0
393108,0
250861,0
250861,0
250861,0
450297,0
319544,0
272885,0
272885,0
424074,0
271225,0
271225,0
116062,0
116062,0
383368,0
383368,0
383368,0
446366,0
260545,0
166665,0
399458,0
399458,0
399458,0
111459,0
453430,0
453430,0
453430,0
386555,0
386555,0
147086,0
377504,0
377504,0
346460,0
346460,0
151883,0
400376,0
355132,0
136766,0
454827,0
400834,0
311059,0
264279,0
366032,0
293126,0
293126,0
428540,0
250734,0
367379,0
309161,0
265384,0
375859,0
375859,0
337390,0
378336,0
221979,0
326663,0
401693,0
136768,0
116145,0
229270,0
388287,0
215347,0
161274,0
165418,0
436844,0
436844,0
122569,0
187138,0
151032,0
336568,0
324922,0
251073,0
407155,0
111816,0
368178,0
207604,0
434322,0
379623,0
379623,0
451437,0
351706,0
265401,0
265401,0
299102,0
275136,0
351747,0
202435,0
247390,0
286135,0
199660,0
319417,0
386017,0
121110,0
253488,0
423709,0
421311,0
111041,0
381351,0
392361,0
392361,0
346010,0
243966,0
149207,0
132462,0
107200,0
145204,0
259410,0
303893,0
245685,0
397203,0
236756,0
236420,0
368713,0
411297,0
176096,0
229625,0
310269,0
386210,0
149387,0
177208,0
205681,0
125771,0
198372,0
262096,0
142479,0
221112,0
226935,0
129396,0
358139,0
415737,0
139663,0
214820,0
214820,0
161448,0
198932,0
342137,0
276539,0
276539,0
257275,0
340401,0
244549,0
203308,0
149808,0
225718,0
177998,0
332577,0
332577,0
258454,0
151613,0
300615,0
193272,0
426958,0
426958,0
271161,0
324129,0
346531,0
426991,0
247571,0
392756,0
346298,0
370324,0
325352,0
165225,0
453317,0
352183,0
407141,0
224324,0
406349,0
253915,0
420132,0
420132,0
225849,0
221134,0
297911,0
352420,0
248722,0
348951,0
402256,0
137765,0
376369,0
428346,0
314641,0
156528,0
332626,0
447432,0
391687,0
416675,0
415167,0
383416,0
384962,0
343776,0
455688,0
306867,0
455656,0
450124,0
363083,0
432357,0
316026,0
354424,0
249477,0
165625,0
301664,0
333238,0
179402,0
109181,0
347432,0
226926,0
423649,0
221875,0
307132,0
318817,0
178839,0
189352,0
223676,0
371903,0
330663,0
125090,0
125090,0
172393,0
342036,0
369841,0
119611,0
210923,0
276206,0
200051,0
300178,0
419884,0
320755,0
447975,0
328669,0
117341,0
143434,0
225603,0
349973,0
349973,0
171038,0
125147,0
382899,0
328844,0
200142,0
346707,0
256833,0
330984,0
111541,0
156224,0
371687,0
427783,0
189221,0
189221,0
274976,0
450309,0
128126,0
272268,0
171319,0
209232,0
145635,0
413873,0
329213,0
399066,0
272274,0
304972,0
187863,0
356615,0
370785,0
124539,0
271648,0
180200,0
130229,0
135298,0
139732,0
155302,0
291378,0
195702,0
396091,0
201709,0
319901,0
219021,0
425497,0
422276,0
286777,0
103402,0
387545,0
272012,0
277135,0
447366,0
128123,0
172931,0
240537,0
114890,0
264730,0
379649,0
237771,0
260911,0
332363,0
372160,0
171647,0
246299,0
201791,0
190140,0
293076,0
345654,0
161324,0
145271,0
318819,0
237395,0
408154,0
112537,0
422474,0
331759,0
330594,0
442140,0
238526,0
409803,0
220468,0
425943,0
123456,0
396091,0
190566,0
411673,0
307217,0
347989,0
296748,0
139769,0
383393,0
325030,0
201304,0
203936,0
425542,0
350364,0
350364,0
108618,0
121450,0
303729,0
303729,0
142830,0
378774,0
138505,0
385666,0
178161,0
288478,0
182748,0
269207,0
238976,0
384150,0
447529,0
415576,0
415576,0
126137,0
205392,0
422287,0
273547,0
319420,0
319420,0
100327,0
267307,0
370496,0
239489,0
278016,0
269068,0
265133,0
261100,0
228211,0
327750,0
269603,0
219001,0
206565,0
365424,0
313031,0
332901,0
326660,0
430400,0
389930,0
235747,0
378743,0
290118,0
314211,0
184536,0
433676,0
177791,0
351947,0
312979,0
340316,0
251206,0
119594,0
373972,0
456150,0
445702,0
158581,0
155276,0
191196,0
312604,0
147494,0
385846,0
322486,0
451436,0
451436,0
188056,0
341241,0
332085,0
422360,0
304927,0
292386,0
116413,0
372258,0
245196,0
113609,0
108883,0
181045,0
435745,0
421510,0
342865,0
445686,0
445686,0
422687,0
235585,0
377174,0
262017,0
194118,0
194118,0
259022,0
385868,0
431921,0
297217,0
347499,0
190477,0
164676,0
194514,0
212310,0
397370,0
222749,0
222749,0
222749,0
218018,0
204369,0
379316,0
386979,0
373643,0
196603,0
267073,0
138538,0
374231,0
213532,0
323405,0
330442,0
293127,0
190358,0
297145,0
151035,0
213693,0
213693,0
214976,0
404914,0
128014,0
149722,0
157179,0
236621,0
116185,0
420475,0
420475,0
342434,0
167145,0
212802,0
112902,0
232927,0
334397,0
302753,0
253369,0
415030,0
452433,0
342104,0
238133,0
140954,0
205234,0
119768,0
338291,0
235894,0
249152,0
415754,0
325748,0
314764,0
130701,0
262642,0
240723,0
171142,0
152652,0
116422,0
252947,0
314845,0
100993,0
100993,0
387657,0
163573,0
353310,0
389225,0
233934,0
433097,0
247196,0
267625,0
359325,0
341391,0
263969,0
216834,0
123918,0
324931,0
295597,0
144510,0
267015,0
433695,0
351555,0
380757,0
427315,0
225979,0
155142,0
329613,0
207062,0
395876,0
281496,0
302739,0
302739,0
103371,0
183183,0
316023,0
183826,0
377703,0
198588,0
240753,0
373286,0
201644,0
138087,0
218736,0
398723,0
142754,0
410650,0
319118,0
216234,0
247062,0
210429,0
189230,0
344302,0
282095,0
181600,0
330518,0
382465,0
183581,0
210157,0
147527,0
121144,0
121144,0
345241,0
153141,0
158632,0
161927,0
362511,0
220202,0
189860,0
194734,0
178762,0
202372,0
335572,0
238848,0
331700,0
188309,0
216172,0
176297,0
255991,0
264619,0
438271,0
304655,0
159535,0
152714,0
152714,0
312220,0
294613,0
428366,0
137164,0
217709,0
156677,0
227961,0
174365,0
330430,0
154246,0
337743,0
161247,0
410342,0
279807,0
277221,0
246559,0
284919,0
101318,0
147329,0
428105,0
428105,0
240689,0
153288,0
172931,0
126483,0
266198,0
178090,0
455787,0
398573,0
190034,0
423592,0
309616,0
345445,0
415878,0
415878,0
415878,0
383392,0
381133,0
408395,0
176891,0
188357,0
112840,0
293337,0
453325,0
255523,0
146547,0
166792,0
215332,0
198167,0
203533,0
165195,0
304655,0
338316,0
197706,0
224536,0
401498,0
439322,0
418895,0
107846,0
423501,0
265354,0
446850,0
276583,0
394972,0
348410,0
256296,0
295191,0
269165,0
454277,0
294267,0
260452,0
167382,0
252255,0
172660,0
432268,0
100048,0
203327,0
441407,0
112348,0
295828,0
243865,0
213267,0
190085,0
114935,0
184329,0
189821,0
415754,0
380917,0
157494,0
139918,0
268748,0
345017,0
210361,0
430131,0
149314,0
187709,0
365437,0
251953,0
251953,0
139732,0
186571,0
371555,0
266105,0
404103,0
433204,0
311523,0
393004,0
196460,0
282602,0
436668,0
217872,0
359784,0
428705,0
255981,0
160248,0
274825,0
233012,0
246682,0
248839,0
401145,0
204994,0
128934,0
112139,0
185769,0
151283,0
137234,0
388363,0
424541,0
190047,0
237174,0
237174,0
452543,0
448044,0
409853,0
254592,0
396202,0
260449,0
199378,0
198834,0
100245,0
176998,0
159497,0
257821,0
406353,0
103504,0
430648,0
446431,0
126676,0
176469,0
362176,0
287191,0
382079,0
256270,0
232099,0
410488,0
410488,0
212139,0
425933,0
169888,0
238587,0
332260,0
332260,0
267520,0
146196,0
147705,0
147705,0
267447,0
261278,0
302640,0
125742,0
409034,0
312885,0
390235,0
246014,0
383392,0
334834,0
438510,0
116259,0
224988,0
372258,0
271818,0
342054,0
351706,0
428427,0
231464,0
452181,0
197588,0
310894,0
299132,0
251295,0
164641,0
419279,0
397456,0
397456,0
254976,0
363362,0
397221,0
397221,0
264885,0
455902,0
448533,0
134670,0
134670,0
287929,0
323696,0
287737,0
396396,0
322036,0
274933,0
244433,0
276368,0
276368,0
116783,0
410551,0
175334,0
145637,0
153117,0
354536,0
288429,0
421255,0
429615,0
317486,0
115202,0
115202,0
439561,0
439561,0
446479,0
141013,0
388463,0
386268,0
430673,0
149832,0
240911,0
298339,0
370823,0
210222,0
250684,0
164388,0
360305,0
175744,0
223948,0
223948,0
387069,0
156080,0
369674,0
196377,0
417451,0
408182,0
163080,0
448819,0
391352,0
420790,0
400685,0
407224,0
447906,0
249504,0
407342,0
355296,0
145501,0
224814,0
378011,0
108336,0
361905,0
221312,0
426119,0
312979,0
217678,0
234555,0
254718,0
350296,0
153178,0
355589,0
266166,0
237122,0
372877,0
177562,0
108150,0
114850,0
114850,0
347446,0
100397,0
130585,0
213348,0
410385,0
397807,0
162046,0
308738,0
273699,0
293260,0
194786,0
401855,0
208331,0
349736,0
441540,0
441540,0
404798,0
343110,0
383071,0
155245,0
207323,0
307220,0
128878,0
276902,0
276902,0
165024,0
333988,0
310840,0
237264,0
347207,0
103527,0
148462,0
407919,0
189517,0
142924,0
238457,0
225141,0
127041,0
314402,0
335350,0
340224,0
150047,0
439607,0
137811,0
406184,0
379502,0
403904,0
427007,0
201037,0
380052,0
430199,0
155668,0
297189,0
345587,0
209365,0
199588,0
362454,0
362454,0
148368,0
112211,0
336701,0
122986,0
287417,0
423567,0
330751,0
218203,0
361021,0
455221,0
320169,0
319272,0
293976,0
441746,0
315813,0
237044,0
237044,0
279129,0
286783,0
397364,0
397364,0
320451,0
238912,0
388582,0
216522,0
128477,0
436632,0
171732,0
257943,0
367712,0
450740,0
375730,0
375730,0
187138,0
120665,0
260359,0
285306,0
253515,0
321970,0
163733,0
323197,0
143636,0
340095,0
332775,0
111474,0
200455,0
196827,0
196827,0
362238,0
121023,0
353355,0
123857,0
348329,0
109712,0
353572,0
256375,0
269560,0
112094,0
443127,0
181649,0
168373,0
109551,0
252136,0
423724,0
443944,0
204524,0
207476,0
313513,0
129562,0
357111,0
136523,0
136523,0
419050,0
390516,0
451533,0
308629,0
295714,0
275843,0
241256,0
368041,0
422750,0
199453,0
240666,0
366015,0
147923,0
326894,0
335583,0
435018,0
232052,0
102580,0
125585,0
100369,0
364112,0
395802,0
202628,0
389427,0
141749,0
348714,0
445167,0
194060,0
184702,0
184702,0
321213,0
304791,0
453154,0
397070,0
102986,0
214675,0
336898,0
323082,0
385662,0
321055,0
169423,0
169423,0
302406,0
327415,0
325801,0
128745,0
273572,0
275522,0
291805,0
352183,0
352183,0
208845,0
309512,0
380932,0
353146,0
438271,0
325836,0
178803,0
220447,0
452390,0
191218,0
398469,0
152823,0
170554,0
263422,0
183338,0
251845,0
184108,0
121280,0
427105,0
203122,0
162190,0
145236,0
449847,0
268345,0
124050,0
229612,0
342601,0
225872,0
445456,0
302284,0
197278,0
425394,0
453888,0
186977,0
284702,0
280523,0
397877,0
410417,0
402252,0
164252,0
268643,0
177314,0
160767,0
179747,0
228077,0
336091,0
330979,0
346737,0
345011,0
260026,0
100504,0
123275,0
434724,0
135020,0
191388,0
159748,0
262806,0
152361,0
190616,0
377014,0
193424,0
261060,0
411671,0
109676,0
343776,0
335018,0
363129,0
362504,0
289975,0
194796,0
119420,0
238467,0
317896,0
370462,0
394229,0
378695,0
362111,0
224802,0
201102,0
436007,0
225125,0
412229,0
367312,0
263339,0
410739,0
309691,0
204004,0
121975,0
233601,0
233601,0
115583,0
419890,0
419890,0
154999,0
401447,0
428302,0
142924,0
315474,0
336168,0
280700,0
289084,0
352910,0
380498,0
372252,0
372252,0
422052,0
224226,0
257917,0
205542,0
163013,0
368579,0
172661,0
150615,0
300466,0
282219,0
411032,0
346008,0
218133,0
334435,0
312816,0
277078,0
130324,0
248406,0
294267,0
289124,0
212162,0
358373,0
333625,0
275351,0
341194,0
112811,0
256318,0
256318,0
216294,0
216294,0
216294,0
216294,0
315900,0
315900,0
432284,0
347709,0
347709,0
162292,0
162292,0
302637,0
155968,0
336082,0
141646,0
163828,0
445228,0
353602,0
178337,0
127736,0
171951,0
253859,0
193634,0
281850,0
241651,0
164588,0
164588,0
247115,0
364437,0
418267,0
357705,0
357705,0
236843,0
370793,0
319936,0
209279,0
442056,0
275265,0
275265,0
376801,0
376801,0
198975,0
430220,0
438521,0
220655,0
283537,0
283537,0
390568,0
401440,0
401440,0
105987,0
105987,0
105987,0
441988,0
441988,0
420462,0
296696,0
190321,0
420806,0
273347,0
178199,0
364141,0
295587,0
295587,0
295587,0
295587,0
295587,0
323492,0
415540,0
205314,0
269839,0
384727,0
348281,0
147790,0
147790,0
211701,0
211701,0
211701,0
104941,0
327774,0
219123,0
219123,0
390231,0
385392,0
136985,0
232649,0
182601,0
182601,0
367854,0
324491,0
416871,0
250605,0
168633,0
362489,0
295552,0
106642,0
106642,0
287837,0
213637,0
166513,0
170924,0
242610,0
242610,0
436434,0
147619,0
263866,0
264246,0
264246,0
395659,0
116991,0
338550,0
271823,0
424668,0
187019,0
334829,0
446357,0
397673,0
397673,0
356463,0
256946,0
424065,0
424065,0
102328,0
306117,0
370638,0
240269,0
345748,0
436845,0
262653,0
158541,0
125381,0
125381,0
125381,0
363815,0
269734,0
202979,0
202979,0
112161,0
422771,0
422771,0
255946,0
321228,0
390629,0
151499,0
329562,0
165826,0
326786,0
121905,0
121905,0
453112,0
310408,0
450422,0
175021,0
285098,0
384874,0
252426,0
284107,0
123501,0
330803,0
117862,0
430818,0
451096,0
280280,0
284162,0
129529,0
266035,0
146899,0
376370,0
142126,0
195238,0
421680,0
306638,0
239383,0
169279,0
140993,0
372509,0
349553,0
237062,0
270088,0
211380,0
287350,0
456198,0
420945,0
406985,0
406985,0
406985,0
432889,0
153023,0
153023,0
153023,0
387387,0
177314,0
177314,0
271295,0
410594,0
410594,0
313182,0
313182,0
313182,0
313182,0
313182,0
376976,0
439074,0
439074,0
439074,0
209084,0
209084,0
177857,0
177857,0
439666,0
355396,0
424031,0
119652,0
335163,0
335163,0
338237,0
376797,0
110094,0
267434,0
128592,0
302415,0
292239,0
234710,0
426504,0
387652,0
399117,0
350661,0
215054,0
435589,0
195707,0
419164,0
164169,0
210073,0
210073,0
439581,0
151283,0
151283,0
151283,0
348957,0
441363,0
441363,0
453690,0
390009,0
375670,0
191115,0
401855,0
401855,0
379309,0
414939,0
315237,0
315237,0
210483,0
166827,0
369131,0
369131,0
249268,0
139061,0
406310,0
406310,0
304627,0
240910,0
231561,0
231561,0
397756,0
163507,0
202449,0
393316,0
365926,0
115608,0
146854,0
271368,0
451358,0
107846,0
107846,0
107846,0
107846,0
107846,0
298987,0
298987,0
298987,0
231982,0
231982,0
155618,0
155618,0
113321,0
258009,0
432720,0
279529,0
279529,0
257733,0
430783,0
430783,0
165621,0
315361,0
202628,0
422778,0
362727,0
103803,0
316829,0
316829,0
172266,0
172266,0
172266,0
177798,0
419157,0
328082,0
246089,0
246089,0
269070,0
269070,0
269070,0
269070,0
398422,0
398422,0
398422,0
398422,0
424825,0
424825,0
424825,0
424825,0
424825,0
284165,0
284165,0
284165,0
284165,0
284165,0
284165,0
284165,0
334937,0
334937,0
334937,0
334937,0
334937,0
365943,0
365943,0
161033,0
342002,0
252876,0
407334,0
381020,0
318105,0
314986,0
357140,0
292044,0
292044,0
316043,0
295198,0
453279,0
253670,0
253670,0
412226,0
412226,0
378397,0
378397,0
344948,0
344948,0
428187,0
428187,0
436233,0
138100,0
340640,0
340640,0
364069,0
364069,0
364069,0
364069,0
364069,0
252426,0
252426,0
252426,0
252426,0
252426,0
252426,0
252426,0
252426,0
298549,0
298549,0
298549,0
120259,0
120259,0
131783,0
131783,0
131783,0
131783,0
131783,0
131783,0
131783,0
131783,0
108679,0
420420,0
420420,0
330465,0
260493,0
191734,0
157648,0
393768,0
108232,0
296766,0
359614,0
359614,0
360750,0
360750,0
412204,0
218284,0
164959,0
371731,0
371731,0
254666,0
266936,0
266936,0
325916,0
325916,0
446468,0
199497,0
199497,0
199497,0
199497,0
199497,0
199497,0
199497,0
192326,0
192326,0
192326,0
192326,0
192326,0
192326,0
192326,0
192326,0
192326,0
192326,0
192326,0
192326,0
334146,0
334146,0
334146,0
223367,0
223367,0
223367,0
223367,0
223367,0
223367,0
223367,0
223367,0
223367,0
290351,0
290351,0
290351,0
290351,0
290351,0
354827,0
354827,0
354827,0
354827,0
187809,0
190641,0
417412,0
417412,0
262202,0
398067,0
375770,0
144516,0
208551,0
208551,0
364445,0
420761,0
435252,0
199111,0
151921,0
151921,0
151921,0
151921,0
151921,0
172105,0
232171,0
232171,0
310765,0
310765,0
160417,0
160417,0
160417,0
160417,0
160417,0
160417,0
160417,0
271219,0
271219,0
271219,0
292853,0
162428,0
162428,0
162428,0
162428,0
162428,0
162428,0
320912,0
320912,0
193128,0
193128,0
232767,0
292581,0
318515,0
374872,0
383006,0
151481,0
151481,0
145094,0
145094,0
145094,0
145094,0
413884,0
123501,0
336285,0
450124,0
422178,0
195912,0
251752,0
343152,0
350476,0
350476,0
350476,0
227532,0
227532,0
192426,0
225490,0
225490,0
225490,0
225490,0
225490,0
355081,0
355081,0
417667,0
417667,0
417667,0
417667,0
374744,0
374744,0
374744,0
137440,0
137440,0
131880,0
131880,0
131880,0
250162,0
250162,0
250162,0
250162,0
146030,0
146030,0
146030,0
146030,0
146030,0
229293,0
114409,0
234022,0
196454,0
257821,0
402474,0
154246,0
223227,0
230607,0
162368,0
415438,0
415438,0
427600,0
427600,0
427600,0
150556,0
197183,0
197183,0
282684,0
282684,0
345250,0
229597,0
229597,0
229597,0
229597,0
229597,0
425025,0
393278,0
393278,0
291426,0
291426,0
346870,0
346870,0
346870,0
346870,0
346870,0
346870,0
346870,0
346870,0
419479,0
419479,0
419479,0
419479,0
419479,0
419479,0
419479,0
419479,0
179938,0
223820,0
223820,0
260631,0
160157,0
195541,0
208135,0
126676,0
274207,0
259965,0
259965,0
343614,0
343614,0
222969,0
206739,0
206739,0
206739,0
206739,0
206739,0
206739,0
206739,0
213100,0
213100,0
213100,0
213100,0
213100,0
294610,0
294610,0
349736,0
349736,0
349736,0
349736,0
349736,0
233383,0
233383,0
233383,0
183134,0
183134,0
183134,0
183134,0
183134,0
245136,0
208379,0
208379,0
208379,0
208379,0
208379,0
208379,0
427708,0
427708,0
196831,0
196831,0
196831,0
196831,0
255142,0
255142,0
255142,0
176196,0
166665,0
351706,0
420309,0
257407,0
183994,0
164545,0
164545,0
375057,0
366031,0
408009,0
389864,0
389864,0
389864,0
389864,0
389864,0
226050,0
226050,0
226050,0
226050,0
424023,0
424023,0
424023,0
424023,0
424023,0
424023,0
424023,0
300248,0
299845,0
125748,0
125748,0
125748,0
125748,0
125748,0
125748,0
125748,0
409356,0
409356,0
409356,0
409356,0
409356,0
118088,0
118088,0
118088,0
411620,0
411620,0
266556,0
353659,0
378336,0
322302,0
331548,0
269646,0
340476,0
340476,0
392403,0
412917,0
412917,0
412917,0
412917,0
300640,0
300640,0
300640,0
300640,0
300640,0
300640,0
219738,0
219738,0
219738,0
219738,0
219738,0
219738,0
219738,0
219738,0
219738,0
167517,0
167517,0
167517,0
167517,0
352584,0
352584,0
352584,0
352584,0
352584,0
150468,0
447955,0
291358,0
191077,0
184089,0
453056,0
453056,0
333482,0
290148,0
106220,0
210790,0
223257,0
362280,0
362280,0
282259,0
350117,0
449928,0
449928,0
449928,0
290351,0
296374,0
296374,0
330840,0
156265,0
247572,0
266556,0
372630,0
372630,0
116511,0
376737,0
376737,0
376737,0
338345,0
320709,0
320709,0
320709,0
320709,0
143791,0
143791,0
143791,0
155667,0
360095,0
432464,0
432464,0
432464,0
432464,0
432464,0
432464,0
432464,0
432464,0
432464,0
432464,0
432464,0
432464,0
408067,0
408067,0
408067,0
408067,0
408067,0
408067,0
449569,0
449569,0
436169,0
235529,0
176766,0
179263,0
179263,0
255225,0
365402,0
100397,0
100397,0
100397,0
100397,0
100397,0
132563,0
132563,0
132563,0
132563,0
132563,0
132563,0
149016,0
297534,0
297534,0
297534,0
297534,0
297534,0
232541,0
232541,0
232541,0
232541,0
232541,0
232541,0
232541,0
232541,0
423714,0
423714,0
423714,0
423714,0
423714,0
423714,0
438065,0
375264,0
387273,0
366721,0
110825,0
250358,0
250358,0
417423,0
254769,0
254769,0
454281,0
437933,0
437933,0
378250,0
378250,0
378250,0
378250,0
378250,0
378250,0
378250,0
269254,0
269254,0
269254,0
269254,0
269254,0
269254,0
269254,0
269254,0
269254,0
269254,0
269254,0
269254,0
269254,0
143130,0
143130,0
143130,0
143130,0
353299,0
353299,0
353299,0
138716,0
138716,0
237105,0
356346,0
385313,0
110246,0
129939,0
453991,0
453991,0
453991,0
453991,0
256082,0
247111,0
247111,0
417730,0
419972,0
419972,0
239312,0
429745,0
240847,0
194170,0
280198,0
332696,0
376311,0
376311,0
384746,0
384746,0
384746,0
111750,0
153804,0
448595,0
334329,0
425855,0
255928,0
255928,0
255928,0
442192,0
442192,0
372158,0
123442,0
344920,0
344920,0
450891,0
110825,0
426458,0
251980,0
380281,0
380281,0
380281,0
299897,0
188469,0
201864,0
127725,0
127725,0
267849,0
267849,0
301915,0
452936,0
190973,0
220165,0
337824,0
320738,0
274678,0
429637,0
222999,0
168601,0
361399,0
176355,0
429708,0
326788,0
210713,0
296205,0
326521,0
326521,0
386287,0
386287,0
171236,0
334187,0
334187,0
334187,0
334187,0
372551,0
306487,0
101490,0
357847,0
212746,0
432542,0
154944,0
154944,0
154944,0
154944,0
154944,0
365824,0
286389,0
182178,0
182178,0
224032,0
224032,0
224032,0
224032,0
192130,0
192130,0
192130,0
363996,0
428197,0
428197,0
428197,0
186185,0
186185,0
380910,0
126289,0
126289,0
327486,0
327486,0
377792,0
440676,0
440676,0
256253,0
413970,0
439581,0
427495,0
427495,0
427495,0
367185,0
126561,0
126561,0
251989,0
351849,0
255491,0
298031,0
239566,0
174228,0
228374,0
237472,0
290270,0
118005,0
240910,0
446683,0
446683,0
446683,0
425933,0
367381,0
313389,0
170571,0
293889,0
336111,0
336111,0
336111,0
336111,0
336111,0
336111,0
329209,0
147703,0
193066,0
193066,0
193066,0
193066,0
333552,0
268497,0
268497,0
268497,0
268497,0
268497,0
268497,0
394961,0
394961,0
145509,0
206803,0
237366,0
154574,0
341253,0
418895,0
418895,0
418895,0
427062,0
427062,0
241952,0
241952,0
241952,0
241952,0
241952,0
401917,0
401917,0
401917,0
401917,0
401917,0
401917,0
401917,0
401917,0
391111,0
391111,0
391111,0
236211,0
236211,0
236211,0
236211,0
236211,0
236211,0
236211,0
236211,0
236211,0
236211,0
236211,0
236211,0
236211,0
236211,0
236211,0
236211,0
236211,0
236211,0
236211,0
236211,0
236211,0
453056,0
171827,0
347631,0
123561,0
253915,0
257756,0
425321,0
226152,0
307434,0
338958,0
304280,0
420063,0
272507,0
272507,0
259484,0
108136,0
307669,0
186896,0
188855,0
424552,0
405400,0
238615,0
238615,0
233060,0
402911,0
402911,0
409884,0
321325,0
253150,0
120900,0
421597,0
366057,0
136140,0
169409,0
168466,0
410362,0
347020,0
151600,0
243096,0
279792,0
279792,0
282927,0
282927,0
431581,0
431581,0
340814,0
340814,0
340814,0
340814,0
321346,0
321346,0
321346,0
321346,0
331179,0
331179,0
331179,0
340406,0
238173,0
278839,0
298207,0
424129,0
378774,0
400896,0
191350,0
391111,0
108596,0
230066,0
414697,0
414697,0
213250,0
213250,0
272989,0
384309,0
142057,0
142057,0
350874,0
350874,0
350874,0
350874,0
358458,0
170381,0
191123,0
191123,0
285391,0
285391,0
285391,0
285391,0
285391,0
285391,0
285391,0
440324,0
440324,0
440324,0
440324,0
104533,0
104533,0
104533,0
104533,0
104533,0
104533,0
104533,0
104533,0
104533,0
104533,0
104533,0
302418,0
302418,0
280784,0
280784,0
280784,0
280784,0
286653,0
286653,0
333945,0
318267,0
439707,0
269665,0
355733,0
306424,0
307352,0
209717,0
128066,0
128066,0
128066,0
128066,0
128066,0
128066,0
128066,0
367084,0
255418,0
329319,0
419911,0
276224,0
276224,0
276224,0
125572,0
354385,0
305859,0
305859,0
117713,0
117713,0
254202,0
254202,0
254202,0
254202,0
106822,0
399327,0
399327,0
268877,0
268877,0
268877,0
268877,0
268877,0
268877,0
268877,0
268877,0
206345,0
450704,0
450704,0
450704,0
450704,0
198730,0
198730,0
227640,0
227640,0
227640,0
448659,0
448659,0
448659,0
448659,0
448659,0
448659,0
448659,0
448659,0
448659,0
448659,0
123441,0
124787,0
315425,0
300652,0
278536,0
337469,0
276021,0
118481,0
118481,0
118481,0
409559,0
409559,0
414500,0
360017,0
360017,0
360017,0
188623,0
121253,0
121253,0
121253,0
121253,0
225979,0
225979,0
163022,0
163022,0
163022,0
413151,0
413151,0
413151,0
413151,0
254759,0
254759,0
254759,0
254759,0
254759,0
254759,0
254759,0
254759,0
108136,0
108136,0
361995,0
361995,0
184841,0
280973,0
280973,0
316158,0
197706,0
330150,0
297954,0
297954,0
297954,0
323853,0
403953,0
403953,0
365147,0
365147,0
365147,0
328289,0
328289,0
328289,0
415697,0
415697,0
320526,0
341049,0
354326,0
354326,0
347547,0
391040,0
415576,0
398578,0
273822,0
273822,0
328907,0
333489,0
243608,0
442075,0
364467,0
321288,0
229997,0
229997,0
229997,0
229997,0
229997,0
211031,0
211031,0
211031,0
211031,0
315234,0
191187,0
191187,0
191187,0
316945,0
316945,0
316945,0
316945,0
316945,0
316945,0
316945,0
300682,0
300682,0
399930,0
389819,0
389819,0
154683,0
154683,0
154683,0
109728,0
109728,0
434709,0
434709,0
188375,0
202583,0
305533,0
348836,0
200250,0
200250,0
226989,0
226989,0
244004,0
244004,0
405767,0
336763,0
336763,0
336763,0
351188,0
434477,0
152481,0
152481,0
152481,0
152481,0
395208,0
395208,0
395208,0
209233,0
355604,0
355604,0
336606,0
255778,0
255778,0
255778,0
255778,0
255778,0
412577,0
412577,0
139515,0
139515,0
139515,0
139515,0
139515,0
139515,0
281988,0
281988,0
281988,0
281988,0
417078,0
417078,0
330091,0
330091,0
164350,0
164350,0
382290,0
382290,0
409108,0
409108,0
455853,0
455853,0
455853,0
419020,0
419020,0
419020,0
419020,0
419020,0
419020,0
434394,0
244227,0
244227,0
244227,0
127833,0
127833,0
127833,0
127833,0
340140,0
254495,0
254495,0
114651,0
114651,0
194239,0
194239,0
194239,0
247468,0
443696,0
443696,0
190323,0
173050,0
366285,0
115257,0
115257,0
115257,0
268416,0
445211,0
445211,0
258026,0
258026,0
258026,0
305450,0
305450,0
305450,0
305450,0
385330,0
173938,0
454458,0
294610,0
346051,0
346051,0
427506,0
246143,0
246143,0
331333,0
331333,0
370903,0
370903,0
105677,0
105677,0
105677,0
213002,0
430918,0
123562,0
169350,0
173429,0
172616,0
156000,0
361189,0
453611,0
453611,0
453611,0
453611,0
131243,0
131243,0
353087,0
324129,0
324129,0
324129,0
324129,0
371768,0
169286,0
169286,0
169286,0
169286,0
169286,0
122604,0
326625,0
194603,0
194603,0
194603,0
373645,0
382913,0
365016,0
203333,0
340185,0
101212,0
101212,0
319631,0
403977,0
449482,0
118343,0
218254,0
353027,0
353027,0
302640,0
243162,0
211962,0
184828,0
184828,0
184828,0
236750,0
236750,0
172458,0
172458,0
172458,0
277697,0
243093,0
190058,0
192081,0
402247,0
402247,0
112903,0
266773,0
346263,0
324113,0
281330,0
329082,0
329082,0
329082,0
270199,0
165813,0
370166,0
114912,0
130600,0
130600,0
317507,0
317507,0
312816,0
140641,0
206184,0
402410,0
192538,0
278696,0
126781,0
126781,0
292634,0
288777,0
270803,0
270803,0
421792,0
128535,0
100090,0
285114,0
263872,0
263872,0
263872,0
356421,0
375293,0
150008,0
150008,0
150008,0
326509,0
326509,0
376946,0
128671,0
318608,0
453367,0
192359,0
388363,0
388363,0
388363,0
439771,0
439771,0
140593,0
140593,0
140593,0
286998,0
177880,0
177880,0
177880,0
339603,0
342569,0
342569,0
342569,0
425355,0
425355,0
425355,0
425355,0
437651,0
125838,0
125838,0
422505,0
422505,0
422505,0
422505,0
442075,0
442075,0
155668,0
284443,0
405545,0
198309,0
150308,0
424162,0
278926,0
239789,0
184872,0
184872,0
184872,0
149481,0
149481,0
398856,0
278118,0
359108,0
359108,0
444328,0
241795,0
241795,0
241795,0
352630,0
352630,0
352630,0
242043,0
112112,0
154895,0
154895,0
154895,0
349558,0
349558,0
261906,0
261906,0
261906,0
441363,0
441363,0
213366,0
348632,0
106011,0
367243,0
421792,0
271496,0
385909,0
147316,0
278114,0
291541,0
311631,0
311631,0
311631,0
308526,0
441501,0
155812,0
347308,0
228739,0
190140,0
190140,0
190140,0
252893,0
244572,0
140281,0
140281,0
140281,0
442959,0
146594,0
220856,0
400197,0
141876,0
147701,0
144952,0
427764,0
379723,0
244232,0
237268,0
253565,0
378636,0
378636,0
312992,0
336486,0
395893,0
395893,0
113321,0
113321,0
402426,0
402426,0
402426,0
344148,0
344148,0
158163,0
234816,0
399040,0
353223,0
374039,0
236084,0
354411,0
354411,0
354411,0
107636,0
107636,0
100312,0
379008,0
379008,0
218362,0
218362,0
319405,0
226035,0
302563,0
302563,0
302563,0
140996,0
327841,0
327841,0
412516,0
391217,0
165789,0
165789,0
165789,0
165789,0
165789,0
114315,0
419248,0
117632,0
117632,0
318438,0
108612,0
348315,0
397011,0
397011,0
342674,0
444766,0
444766,0
367143,0
223921,0
223921,0
344098,0
344098,0
324619,0
324619,0
324619,0
324619,0
324619,0
142534,0
215936,0
215936,0
215936,0
307935,0
307935,0
128259,0
421195,0
395852,0
395852,0
137977,0
454200,0
225838,0
375451,0
375451,0
375451,0
124762,0
235143,0
233198,0
233198,0
452670,0
340784,0
296537,0
255670,0
343982,0
170520,0
170520,0
411888,0
411888,0
411888,0
411888,0
196138,0
196138,0
383006,0
383006,0
324264,0
256314,0
355992,0
355992,0
452684,0
393929,0
246799,0
290505,0
121305,0
121305,0
431518,0
279892,0
279892,0
430817,0
186742,0
370972,0
370972,0
371225,0
371225,0
227347,0
324056,0
151891,0
281839,0
399951,0
399951,0
298319,0
367830,0
367830,0
386017,0
442752,0
180273,0
422276,0
104946,0
130775,0
130775,0
104812,0
330169,0
330169,0
207019,0
207019,0
335975,0
215194,0
363710,0
363710,0
363710,0
171379,0
253607,0
256923,0
256923,0
248506,0
383524,0
301400,0
130714,0
130714,0
313375,0
372779,0
152421,0
283619,0
333520,0
378329,0
378329,0
213258,0
190232,0
247295,0
247295,0
247295,0
247295,0
386299,0
386299,0
387887,0
122423,0
352621,0
122280,0
274189,0
274189,0
442530,0
388762,0
321009,0
321009,0
430344,0
166445,0
166445,0
330648,0
341715,0
188257,0
188257,0
188257,0
391652,0
177889,0
177889,0
177889,0
195460,0
226555,0
226555,0
277780,0
435485,0
353236,0
439874,0
204680,0
405559,0
161258,0
195408,0
437493,0
189978,0
189978,0
189978,0
189978,0
394385,0
347122,0
347122,0
224564,0
224564,0
298170,0
313126,0
313126,0
152191,0
292082,0
262469,0
148853,0
148853,0
423257,0
209959,0
308412,0
308412,0
312465,0
275993,0
296887,0
162657,0
311305,0
422273,0
280973,0
134358,0
134358,0
134358,0
219218,0
341190,0
302696,0
405604,0
390619,0
158293,0
402454,0
337615,0
337615,0
337615,0
216195,0
216195,0
354178,0
354178,0
354178,0
274207,0
106660,0
198370,0
198370,0
385310,0
403980,0
403980,0
444597,0
145358,0
259690,0
154248,0
263448,0
263448,0
263448,0
153591,0
153591,0
306702,0
306702,0
247774,0
222642,0
150120,0
312172,0
260245,0
253809,0
359540,0
195830,0
294638,0
168834,0
168834,0
168834,0
168834,0
424371,0
424371,0
216412,0
216412,0
339376,0
126364,0
332036,0
446627,0
197090,0
338458,0
338458,0
338458,0
402936,0
232775,0
448805,0
448805,0
448805,0
216449,0
216449,0
216449,0
216449,0
211037,0
211037,0
307659,0
307659,0
307659,0
311527,0
169094,0
169094,0
439671,0
439671,0
439671,0
451154,0
370700,0
107648,0
107648,0
242681,0
242681,0
423115,0
272268,0
158853,0
342524,0
342524,0
400505,0
345720,0
257512,0
240737,0
113897,0
113897,0
113897,0
298960,0
230169,0
230169,0
230169,0
145585,0
145585,0
264068,0
350146,0
149848,0
377916,0
150159,0
315813,0
129275,0
129275,0
129275,0
129275,0
129275,0
276901,0
328702,0
447291,0
229250,0
122815,0
122815,0
122815,0
162571,0
305040,0
390712,0
106490,0
371356,0
202653,0
335643,0
334938,0
354838,0
354838,0
425987,0
323704,0
147042,0
147042,0
237771,0
105325,0
366103,0
366103,0
248160,0
269792,0
269792,0
181903,0
441931,0
341536,0
341536,0
341536,0
323526,0
116687,0
228775,0
390977,0
390977,0
348803,0
221045,0
221045,0
221045,0
358026,0
358026,0
154330,0
154330,0
248272,0
248272,0
370761,0
370761,0
370761,0
422609,0
409605,0
409605,0
351496,0
351496,0
183994,0
420193,0
420193,0
270049,0
270049,0
270049,0
270049,0
428705,0
428705,0
428705,0
374754,0
374754,0
329720,0
329720,0
329720,0
333901,0
324327,0
438070,0
438070,0
438070,0
314492,0
314492,0
430470,0
430470,0
430470,0
117038,0
117038,0
117038,0
175728,0
175728,0
192863,0
352566,0
352566,0
194115,0
112313,0
132456,0
143104,0
143104,0
453405,0
453121,0
321476,0
348281,0
318775,0
399350,0
399350,0
256296,0
438401,0
438401,0
192442,0
222360,0
384836,0
384836,0
204818,0
280258,0
450643,0
265980,0
159005,0
274877,0
237920,0
217374,0
294209,0
294209,0
220250,0
340267,0
307374,0
307374,0
307374,0
307374,0
299763,0
299763,0
444242,0
212395,0
368570,0
350189,0
134120,0
324231,0
324231,0
324231,0
344405,0
196633,0
321055,0
345450,0
345450,0
345450,0
398139,0
200769,0
200769,0
327968,0
251295,0
251295,0
251295,0
339859,0
131814,0
395881,0
395881,0
395881,0
428131,0
228268,0
228268,0
108092,0
320253,0
370592,0
370592,0
395135,0
307642,0
270751,0
270751,0
270751,0
386814,0
386814,0
401097,0
431357,0
329472,0
329472,0
251145,0
251145,0
214128,0
275590,0
275590,0
414220,0
135020,0
439707,0
286970,0
441608,0
268512,0
109839,0
129459,0
301321,0
128275,0
323342,0
323342,0
347832,0
448535,0
448535,0
304691,0
304691,0
304691,0
341049,0
318881,0
155227,0
110652,0
352781,0
394961,0
394961,0
352781,0
327980,0
327980,0
363722,0
194434,0
278419,0
278419,0
426409,0
426409,0
106122,0
106122,0
385105,0
346281,0
346281,0
346281,0
173429,0
237472,0
237472,0
237472,0
201247,0
326382,0
326382,0
385405,0
188642,0
307171,0
352305,0
352305,0
352305,0
360228,0
360228,0
360228,0
100900,0
100900,0
100900,0
100900,0
347507,0
227023,0
419149,0
419149,0
419149,0
444243,0
283133,0
359951,0
359951,0
171152,0
160465,0
160465,0
160465,0
359731,0
359731,0
359731,0
359731,0
359731,0
273851,0
199652,0
238492,0
238492,0
238492,0
436878,0
275579,0
262971,0
262971,0
242752,0
242752,0
242752,0
383345,0
225659,0
225659,0
438436,0
260484,0
213499,0
319080,0
278660,0
375200,0
354343,0
354343,0
371797,0
371797,0
238133,0
346856,0
246163,0
269992,0
269992,0
117448,0
322503,0
348444,0
126374,0
126374,0
271960,0
291911,0
291911,0
291911,0
246698,0
277898,0
277898,0
436068,0
436068,0
436068,0
367726,0
376084,0
452525,0
300105,0
300105,0
301177,0
274628,0
274628,0
341496,0
341496,0
280413,0
132364,0
132364,0
155802,0
157114,0
244453,0
179253,0
196551,0
359906,0
216172,0
216172,0
216172,0
328386,0
303693,0
278112,0
271202,0
283157,0
395283,0
395283,0
310107,0
310107,0
210612,0
188282,0
288508,0
221679,0
221679,0
192073,0
355056,0
355056,0
384265,0
384265,0
384265,0
384265,0
401621,0
401621,0
437154,0
437154,0
208876,0
208876,0
282335,0
345827,0
340095,0
340095,0
363722,0
351463,0
351463,0
351463,0
188119,0
343076,0
440723,0
449675,0
449675,0
393981,0
181698,0
332678,0
332678,0
150587,0
150587,0
150587,0
124935,0
393835,0
393835,0
344934,0
260443,0
327845,0
366303,0
275362,0
275362,0
425894,0
126237,0
126237,0
126237,0
126237,0
384441,0
384441,0
124595,0
279380,0
279380,0
279380,0
430818,0
241286,0
158500,0
158500,0
158500,0
349339,0
349339,0
323677,0
323677,0
323677,0
416593,0
160501,0
255258,0
255258,0
427017,0
427017,0
159671,0
159671,0
431825,0
431825,0
431825,0
255356,0
154987,0
296059,0
296059,0
347267,0
347267,0
389563,0
140832,0
299344,0
200155,0
200155,0
294354,0
294354,0
294354,0
134630,0
134630,0
306178,0
128014,0
366383,0
366383,0
428016,0
428016,0
428016,0
119964,0
182686,0
182686,0
402014,0
402014,0
316321,0
269461,0
116406,0
360624,0
360624,0
362212,0
259536,0
259536,0
259536,0
240805,0
375200,0
375200,0
332791,0
332791,0
332791,0
159535,0
212158,0
100245,0
384056,0
384056,0
384056,0
196933,0
354385,0
304315,0
271451,0
116773,0
180556,0
316835,0
316835,0
316835,0
135199,0
334143,0
334143,0
148899,0
427140,0
428114,0
147126,0
147126,0
449470,0
310599,0
219908,0
219908,0
243752,0
128830,0
301363,0
218352,0
350146,0
350146,0
350146,0
305438,0
100948,0
100948,0
343217,0
384311,0
384311,0
384311,0
415007,0
415007,0
149848,0
149848,0
149848,0
180143,0
366911,0
366911,0
366911,0
345804,0
206377,0
115791,0
115791,0
115791,0
245853,0
365206,0
365206,0
360639,0
231968,0
185319,0
185319,0
185319,0
143024,0
135638,0
357974,0
104626,0
144249,0
160188,0
221428,0
112564,0
112564,0
112564,0
112564,0
112564,0
112564,0
372725,0
147922,0
424728,0
113278,0
345831,0
345831,0
345831,0
335018,0
335018,0
335018,0
335018,0
335018,0
335018,0
335018,0
307043,0
307043,0
344625,0
344625,0
455897,0
260400,0
260400,0
272286,0
437847,0
301715,0
173444,0
420037,0
420037,0
224936,0
224936,0
242448,0
242448,0
119540,0
420166,0
138806,0
138806,0
202642,0
310349,0
293822,0
192602,0
242953,0
242953,0
420968,0
250407,0
250407,0
169094,0
169094,0
169094,0
336653,0
336653,0
391886,0
391886,0
391886,0
409104,0
262425,0
125550,0
255182,0
402380,0
402380,0
311879,0
311879,0
451055,0
315585,0
315585,0
370924,0
416741,0
151328,0
151328,0
409914,0
168666,0
259466,0
455605,0
272127,0
420618,0
423601,0
240179,0
240179,0
240179,0
240179,0
417970,0
252306,0
318392,0
444962,0
444962,0
444962,0
444962,0
444962,0
338962,0
390231,0
390231,0
170853,0
234568,0
234568,0
234568,0
234568,0
234568,0
224509,0
363132,0
363132,0
175137,0
175137,0
175137,0
319489,0
263228,0
263228,0
148806,0
109763,0
359301,0
440880,0
139964,0
139964,0
139964,0
254573,0
254573,0
418491,0
238047,0
130309,0
151151,0
258676,0
120822,0
120822,0
143528,0
129645,0
330261,0
142912,0
142912,0
107952,0
448285,0
388403,0
388403,0
388403,0
223375,0
223375,0
307466,0
307466,0
307466,0
220727,0
220727,0
152479,0
152479,0
152479,0
379611,0
379611,0
379611,0
142955,0
142955,0
206345,0
167456,0
206554,0
325316,0
325316,0
408931,0
185944,0
450102,0
334764,0
334764,0
407619,0
351823,0
436305,0
348099,0
293719,0
380012,0
380012,0
249566,0
249566,0
249566,0
259214,0
128477,0
209181,0
209181,0
385265,0
385265,0
415493,0
415493,0
268942,0
383745,0
436502,0
436502,0
353017,0
443010,0
443010,0
146604,0
146604,0
267166,0
267166,0
267166,0
276526,0
135879,0
135879,0
135879,0
151304,0
151304,0
135879,0
114892,0
114892,0
231887,0
450897,0
450897,0
346916,0
346916,0
195806,0
195806,0
158575,0
449794,0
449794,0
205018,0
205018,0
430824,0
430824,0
430824,0
126099,0
126099,0
235392,0
129138,0
149417,0
146646,0
265780,0
265780,0
265780,0
335973,0
166797,0
347624,0
347624,0
347624,0
347624,0
267227,0
283833,0
283833,0
283833,0
283833,0
283833,0
314372,0
231199,0
231199,0
144615,0
144615,0
144615,0
144615,0
231199,0
273437,0
273437,0
176978,0
122381,0
313788,0
422585,0
375764,0
325890,0
105423,0
105423,0
209114,0
198675,0
198675,0
338190,0
308223,0
308223,0
308223,0
449410,0
342060,0
342060,0
381755,0
381755,0
381755,0
243752,0
381755,0
435485,0
438070,0
397539,0
265216,0
387369,0
191106,0
191106,0
366701,0
359728,0
389070,0
389070,0
404476,0
420823,0
393742,0
129718,0
129718,0
129718,0
393742,0
256322,0
290734,0
332328,0
332328,0
163627,0
116259,0
361119,0
401055,0
401055,0
211325,0
245070,0
138643,0
290454,0
397043,0
399341,0
353917,0
367830,0
229608,0
229608,0
155776,0
165232,0
165232,0
165232,0
165232,0
176190,0
368039,0
273106,0
443405,0
127276,0
127276,0
127276,0
370549,0
178801,0
178801,0
323820,0
227895,0
455573,0
455573,0
159905,0
159905,0
278853,0
392438,0
359261,0
388056,0
388056,0
318645,0
318645,0
253171,0
211031,0
293665,0
293665,0
293665,0
395151,0
395151,0
116991,0
116991,0
116991,0
400688,0
432749,0
387562,0
131183,0
149496,0
213150,0
356082,0
356082,0
273500,0
273500,0
217261,0
396016,0
396016,0
396016,0
101134,0
101134,0
101134,0
450199,0
450348,0
257417,0
257417,0
450566,0
361629,0
388192,0
388192,0
386406,0
386406,0
186740,0
365394,0
366661,0
366661,0
366661,0
366661,0
366661,0
326672,0
380777,0
217925,0
294809,0
162571,0
125241,0
125241,0
125241,0
319551,0
319551,0
153464,0
153464,0
345017,0
421535,0
421535,0
139252,0
139252,0
139252,0
125160,0
141364,0
141364,0
191964,0
272364,0
216501,0
216501,0
401384,0
169286,0
203765,0
126656,0
355022,0
404448,0
231775,0
314027,0
154285,0
338827,0
397456,0
142460,0
142460,0
142460,0
342699,0
335975,0
104222,0
104222,0
104222,0
381320,0
186531,0
186531,0
161167,0
161167,0
161167,0
174367,0
362321,0
164980,0
453148,0
453148,0
453148,0
453148,0
453148,0
453148,0
342937,0
342937,0
342937,0
111367,0
419270,0
171454,0
171454,0
295557,0
293360,0
224726,0
209121,0
407155,0
384724,0
304844,0
304844,0
365973,0
361399,0
361399,0
361399,0
361399,0
322847,0
289704,0
318855,0
116287,0
155676,0
219021,0
377265,0
103998,0
103998,0
369966,0
369966,0
369966,0
158500,0
158500,0
359166,0
177333,0
413232,0
446109,0
147491,0
422846,0
269380,0
306925,0
306925,0
373364,0
396693,0
414461,0
414461,0
455593,0
455593,0
219277,0
447187,0
447187,0
354131,0
354131,0
453984,0
453984,0
358245,0
358245,0
358245,0
212115,0
196406,0
196406,0
161719,0
161719,0
161719,0
161719,0
436441,0
281951,0
255200,0
136016,0
375626,0
431763,0
431763,0
372600,0
372600,0
107569,0
107569,0
107569,0
111044,0
111044,0
211371,0
210800,0
182048,0
434632,0
434632,0
207100,0
273745,0
440793,0
230038,0
230038,0
230038,0
437493,0
437493,0
437493,0
434693,0
204856,0
204856,0
440121,0
268709,0
302509,0
335308,0
299427,0
299427,0
239622,0
154212,0
378449,0
412960,0
412960,0
330577,0
195792,0
428248,0
413704,0
393670,0
152287,0
299869,0
398965,0
398965,0
398965,0
235585,0
444869,0
444869,0
142444,0
142444,0
266092,0
167101,0
436741,0
436741,0
297261,0
223865,0
223865,0
156224,0
230169,0
270292,0
270292,0
270292,0
126311,0
126311,0
126311,0
242575,0
130596,0
252542,0
143315,0
143315,0
143315,0
301539,0
440018,0
440018,0
162074,0
234440,0
133908,0
133908,0
292847,0
292847,0
242022,0
367246,0
189631,0
189631,0
206847,0
385932,0
306102,0
428208,0
299010,0
369603,0
426812,0
176998,0
176998,0
176998,0
380178,0
268374,0
268374,0
157611,0
252066,0
252066,0
252066,0
245463,0
197634,0
421590,0
289382,0
289382,0
289382,0
171038,0
230779,0
161755,0
161755,0
165164,0
165164,0
165164,0
226333,0
226333,0
354029,0
354029,0
129723,0
129723,0
425331,0
425331,0
210286,0
298993,0
363200,0
136016,0
446782,0
334868,0
344256,0
376279,0
304691,0
268914,0
268914,0
232603,0
232603,0
232603,0
232603,0
440030,0
381669,0
381669,0
326205,0
205677,0
205677,0
205677,0
374357,0
109746,0
109746,0
442127,0
147432,0
367077,0
367077,0
169676,0
161360,0
116114,0
116114,0
317284,0
436429,0
324740,0
252063,0
252063,0
114712,0
114712,0
260759,0
385868,0
333960,0
333960,0
310850,0
396354,0
422724,0
422724,0
422724,0
186789,0
410022,0
410022,0
421665,0
246596,0
242266,0
242266,0
242266,0
365576,0
177853,0
126961,0
352010,0
352010,0
352010,0
276975,0
276975,0
276975,0
276975,0
415900,0
139630,0
139630,0
139630,0
446703,0
429406,0
429406,0
429406,0
429406,0
180324,0
133479,0
179793,0
395560,0
191077,0
186563,0
124087,0
156193,0
256068,0
256068,0
376008,0
363009,0
363009,0
208643,0
307093,0
215354,0
171412,0
305438,0
266682,0
316310,0
217168,0
148664,0
285379,0
101022,0
130259,0
183841,0
448988,0
448988,0
310472,0
187330,0
187330,0
187330,0
187330,0
354442,0
252419,0
252419,0
444942,0
252336,0
223820,0
223820,0
211866,0
287708,0
287708,0
287708,0
275362,0
276214,0
261362,0
261362,0
371223,0
376066,0
376066,0
376066,0
417667,0
204961,0
204961,0
132527,0
132527,0
149016,0
301932,0
208135,0
256181,0
256181,0
256181,0
107244,0
107244,0
107244,0
107244,0
122089,0
122089,0
210379,0
210379,0
210379,0
260406,0
260406,0
260406,0
374810,0
374810,0
374810,0
318037,0
318037,0
318037,0
318037,0
268455,0
268455,0
171272,0
171272,0
171272,0
171272,0
171272,0
171272,0
171272,0
171272,0
171272,0
171272,0
171272,0
171272,0
171272,0
103741,0
103741,0
103741,0
103741,0
149145,0
287863,0
287863,0
208863,0
340338,0
340338,0
340338,0
340338,0
319948,0
146101,0
146101,0
180676,0
193422,0
307925,0
307925,0
220995,0
435171,0
435171,0
181314,0
181314,0
181314,0
413562,0
398505,0
398505,0
451166,0
451166,0
451166,0
451166,0
451166,0
258298,0
258298,0
142848,0
142848,0
142848,0
145501,0
145501,0
145501,0
145501,0
133994,0
133994,0
133994,0
133994,0
133994,0
133994,0
133994,0
326476,0
326476,0
418974,0
418974,0
418974,0
393195,0
323663,0
323663,0
323663,0
323663,0
375512,0
375512,0
375512,0
189587,0
189587,0
345710,0
332369,0
228001,0
228001,0
162604,0
297276,0
297276,0
297276,0
438696,0
299657,0
318391,0
203568,0
345450,0
345450,0
283134,0
174390,0
201266,0
201266,0
270610,0
438925,0
295522,0
171849,0
100417,0
394254,0
308588,0
262554,0
245271,0
203380,0
229821,0
244962,0
244962,0
401226,0
437450,0
178427,0
178427,0
212015,0
212015,0
330095,0
350874,0
348281,0
358458,0
335540,0
307935,0
248753,0
248753,0
179765,0
179765,0
141013,0
238835,0
353674,0
353674,0
220547,0
220547,0
220547,0
220547,0
220547,0
220547,0
326588,0
203281,0
145304,0
145304,0
253607,0
253607,0
222879,0
222879,0
171580,0
171580,0
206589,0
206589,0
405852,0
405852,0
405852,0
255541,0
255541,0
255541,0
322214,0
322214,0
322214,0
414975,0
140246,0
233982,0
233982,0
143012,0
143012,0
143012,0
337555,0
337555,0
337555,0
217274,0
217274,0
319258,0
149867,0
277614,0
277614,0
277614,0
277614,0
277614,0
277614,0
277614,0
277614,0
295420,0
305124,0
219946,0
294263,0
169705,0
169705,0
169705,0
169705,0
108601,0
108601,0
108601,0
108601,0
108601,0
354725,0
354725,0
354725,0
354725,0
354725,0
354725,0
195852,0
195852,0
451360,0
193618,0
193618,0
318820,0
329955,0
367077,0
143153,0
395620,0
432634,0
432634,0
397032,0
397032,0
397032,0
112026,0
137908,0
119373,0
119373,0
119373,0
119373,0
114203,0
114203,0
192230,0
192230,0
257624,0
385788,0
314372,0
314372,0
350364,0
122889,0
164871,0
230509,0
230509,0
399113,0
399113,0
399113,0
156412,0
144753,0
352839,0
326726,0
233457,0
233457,0
364762,0
365939,0
251417,0
239409,0
290784,0
290784,0
290784,0
290784,0
396446,0
308621,0
308621,0
308621,0
242748,0
242748,0
438925,0
438925,0
438925,0
438925,0
450812,0
162384,0
362067,0
315503,0
315503,0
315503,0
315503,0
315503,0
319544,0
319544,0
319544,0
319544,0
270940,0
270940,0
270940,0
270940,0
236645,0
447197,0
447197,0
285265,0
333482,0
333482,0
333482,0
333482,0
390930,0
334641,0
334641,0
334641,0
416132,0
126507,0
126507,0
126507,0
126507,0
126507,0
126507,0
353509,0
353509,0
363983,0
363983,0
363983,0
363983,0
306092,0
252413,0
216401,0
216401,0
317226,0
203832,0
222528,0
275715,0
275715,0
373741,0
373741,0
373741,0
107051,0
111526,0
111526,0
111526,0
111526,0
111526,0
229806,0
229806,0
229806,0
180219,0
440373,0
440373,0
282209,0
282209,0
282209,0
282209,0
282209,0
282209,0
374636,0
404312,0
140638,0
140638,0
140638,0
140638,0
121987,0
252398,0
252398,0
151394,0
435100,0
325988,0
144907,0
144907,0
144907,0
144907,0
156705,0
156705,0
156705,0
156705,0
156705,0
362375,0
362375,0
362375,0
276713,0
405516,0
409951,0
409951,0
409951,0
242387,0
242387,0
242387,0
242387,0
413828,0
413828,0
168205,0
168205,0
168205,0
168205,0
168205,0
168205,0
168205,0
168205,0
168205,0
168205,0
168205,0
168205,0
168205,0
168205,0
168205,0
433446,0
383216,0
383216,0
383216,0
440791,0
398469,0
227862,0
374715,0
374715,0
212158,0
307700,0
219243,0
222969,0
252208,0
448127,0
278996,0
124340,0
299763,0
299763,0
145856,0
144015,0
144015,0
224999,0
278112,0
399259,0
399259,0
229714,0
302916,0
152518,0
443887,0
443887,0
154467,0
279381,0
184828,0
322520,0
240282,0
240282,0
141292,0
379723,0
379723,0
379723,0
379723,0
379723,0
379723,0
379723,0
379723,0
379723,0
379723,0
216644,0
424478,0
424478,0
299466,0
283647,0
283647,0
283647,0
372851,0
372851,0
372851,0
224769,0
224769,0
224769,0
224769,0
224769,0
224769,0
224769,0
224769,0
224769,0
224769,0
224769,0
224769,0
180214,0
206363,0
206363,0
206363,0
183620,0
183620,0
183620,0
183620,0
183620,0
183620,0
256296,0
148664,0
148664,0
244211,0
244211,0
244211,0
244211,0
244211,0
434565,0
434565,0
212317,0
404627,0
391171,0
266092,0
266092,0
266092,0
266092,0
266092,0
266092,0
266092,0
266092,0
266092,0
266092,0
391937,0
391937,0
391937,0
391937,0
295454,0
430307,0
337555,0
386550,0
304156,0
243617,0
243617,0
396369,0
313389,0
313389,0
313389,0
313389,0
313389,0
336487,0
336128,0
313751,0
156883,0
403559,0
455688,0
220715,0
208676,0
231945,0
266009,0
236389,0
236473,0
233102,0
221375,0
226712,0
226712,0
226712,0
226712,0
394025,0
218828,0
228424,0
371456,0
371456,0
371456,0
131739,0
131739,0
347950,0
347950,0
334567,0
334567,0
261691,0
205507,0
205507,0
445766,0
419156,0
419156,0
428390,0
289249,0
289249,0
289249,0
289249,0
289249,0
329520,0
136922,0
113151,0
134432,0
134432,0
134432,0
269992,0
367300,0
367300,0
124662,0
124662,0
338019,0
121903,0
141125,0
141125,0
101499,0
432374,0
432374,0
338345,0
137807,0
137807,0
137807,0
137807,0
223229,0
223229,0
173259,0
173259,0
173259,0
309916,0
176915,0
176915,0
176915,0
379420,0
379420,0
379420,0
137925,0
336290,0
279627,0
173082,0
173082,0
173082,0
173082,0
308340,0
308340,0
135183,0
135183,0
135183,0
125269,0
125269,0
125269,0
379266,0
209939,0
209939,0
361061,0
330166,0
330166,0
330166,0
330166,0
330166,0
330166,0
251005,0
381755,0
381755,0
314552,0
304239,0
127914,0
293271,0
293271,0
293271,0
137973,0
112430,0
284816,0
284816,0
284816,0
284816,0
284816,0
284816,0
284816,0
284816,0
270252,0
361905,0
332446,0
332446,0
250130,0
250130,0
339333,0
339333,0
339333,0
339333,0
339333,0
339333,0
339333,0
339333,0
339333,0
339333,0
339333,0
249648,0
134584,0
410734,0
410734,0
410734,0
410734,0
410734,0
184880,0
184880,0
158397,0
158397,0
214285,0
315837,0
315837,0
179533,0
179533,0
414939,0
414939,0
119349,0
119349,0
456168,0
456168,0
326195,0
198170,0
363935,0
363935,0
363935,0
384509,0
384509,0
390761,0
154835,0
144813,0
144813,0
238153,0
199457,0
199457,0
199457,0
199457,0
199457,0
199457,0
176310,0
162168,0
378764,0
449165,0
249285,0
177368,0
436269,0
321939,0
289567,0
348410,0
452300,0
362266,0
362266,0
280042,0
419165,0
419165,0
419165,0
423062,0
423062,0
446431,0
446431,0
446431,0
446431,0
253968,0
253968,0
253968,0
253968,0
157079,0
157079,0
281988,0
281988,0
281988,0
281988,0
281988,0
281988,0
281988,0
232767,0
232767,0
196078,0
196078,0
422480,0
422480,0
291326,0
291326,0
291326,0
186940,0
152925,0
152925,0
152925,0
152925,0
136832,0
136832,0
136832,0
287042,0
287042,0
287042,0
287042,0
287042,0
454487,0
454487,0
454487,0
216816,0
216816,0
322624,0
322624,0
322624,0
322624,0
322624,0
322624,0
322624,0
315139,0
447102,0
371225,0
371225,0
156193,0
156193,0
156193,0
209870,0
334616,0
251339,0
251339,0
251339,0
427698,0
385058,0
194868,0
194868,0
140954,0
335738,0
386218,0
431541,0
318761,0
320467,0
165425,0
165425,0
165425,0
222890,0
456018,0
200356,0
271971,0
327227,0
224835,0
246698,0
257788,0
421859,0
421859,0
421859,0
421859,0
354745,0
354745,0
142386,0
222120,0
222120,0
182952,0
455593,0
383237,0
280840,0
108062,0
325600,0
265495,0
152116,0
430396,0
430396,0
436221,0
436221,0
267072,0
344103,0
344103,0
344103,0
234970,0
234970,0
234970,0
256337,0
454165,0
454165,0
454165,0
454165,0
271900,0
271900,0
271900,0
271900,0
271900,0
146369,0
387777,0
387777,0
387777,0
387777,0
249332,0
249332,0
433491,0
291829,0
291829,0
291829,0
243814,0
243814,0
243814,0
263482,0
263482,0
263482,0
124035,0
124035,0
124035,0
124035,0
124035,0
124035,0
124035,0
401543,0
401543,0
401543,0
349938,0
349938,0
349938,0
349938,0
349938,0
349938,0
348709,0
348709,0
133512,0
213593,0
213593,0
352405,0
352405,0
395144,0
395144,0
344564,0
213462,0
330778,0
330778,0
119975,0
119975,0
180153,0
390321,0
390321,0
390321,0
222998,0
388762,0
388762,0
388762,0
330988,0
292179,0
194556,0
290710,0
420896,0
243267,0
453734,0
154467,0
154467,0
357299,0
357299,0
266074,0
266074,0
279366,0
417835,0
308621,0
264828,0
191925,0
285903,0
285903,0
285903,0
417412,0
417412,0
417412,0
417412,0
454195,0
454195,0
454195,0
454195,0
378774,0
378774,0
378774,0
376573,0
376573,0
376573,0
376573,0
338151,0
338151,0
338151,0
399177,0
399177,0
399177,0
399177,0
399177,0
399177,0
399177,0
213534,0
213534,0
213534,0
213534,0
282790,0
223257,0
223257,0
223257,0
131487,0
311305,0
323309,0
236009,0
430660,0
329394,0
329394,0
175301,0
423680,0
414763,0
383838,0
383838,0
383838,0
319831,0
265495,0
100176,0
287218,0
299832,0
139432,0
151934,0
335296,0
115486,0
349189,0
296440,0
296440,0
153148,0
153148,0
260684,0
267719,0
267719,0
170103,0
455801,0
168033,0
168033,0
168033,0
278113,0
278113,0
246285,0
204089,0
185447,0
185447,0
185447,0
185447,0
106095,0
322013,0
342814,0
324114,0
309155,0
309155,0
434308,0
434308,0
434308,0
434308,0
434308,0
434308,0
285768,0
285768,0
337465,0
367786,0
367786,0
367786,0
367786,0
367786,0
367786,0
367786,0
421377,0
121037,0
121037,0
209061,0
191772,0
191772,0
216985,0
411752,0
411752,0
411752,0
411752,0
411752,0
211610,0
211610,0
211610,0
211610,0
398928,0
398928,0
398928,0
398928,0
198362,0
388323,0
388323,0
388323,0
388323,0
388323,0
388323,0
388323,0
388323,0
125550,0
322195,0
296580,0
296580,0
296580,0
188706,0
188706,0
185483,0
185483,0
185483,0
185483,0
266410,0
328787,0
177894,0
416157,0
133064,0
133064,0
346393,0
346393,0
346393,0
346393,0
346393,0
346393,0
346393,0
384433,0
269070,0
272301,0
272301,0
272301,0
272301,0
100612,0
100612,0
344200,0
162384,0
351097,0
183877,0
435586,0
432990,0
432990,0
188156,0
188156,0
363214,0
363214,0
101614,0
101614,0
276214,0
276214,0
324449,0
354831,0
181560,0
192412,0
371035,0
371035,0
371035,0
192179,0
217976,0
181724,0
289909,0
240531,0
240531,0
203308,0
201861,0
168660,0
338845,0
338845,0
269140,0
341531,0
123613,0
149619,0
144581,0
361097,0
183809,0
183809,0
332877,0
139534,0
139534,0
123264,0
257753,0
304717,0
329475,0
318835,0
377590,0
288342,0
128680,0
128680,0
221487,0
157863,0
157863,0
332185,0
179494,0
183550,0
331777,0
130204,0
314209,0
333901,0
227290,0
169037,0
155133,0
155133,0
237920,0
229317,0
245667,0
432930,0
322907,0
332042,0
249509,0
249509,0
262041,0
147788,0
203600,0
281958,0
333774,0
214128,0
157141,0
233817,0
233817,0
233817,0
109984,0
109984,0
150224,0
224075,0
224075,0
363625,0
213385,0
122854,0
370747,0
229828,0
229828,0
437755,0
437755,0
184851,0
292776,0
226033,0
226033,0
395151,0
274776,0
134113,0
270252,0
129143,0
265987,0
127102,0
127102,0
250000,0
311625,0
154330,0
435809,0
323707,0
398021,0
381192,0
369835,0
204250,0
335580,0
178320,0
178320,0
150159,0
259410,0
204833,0
267099,0
267099,0
396584,0
205654,0
217430,0
432669,0
203584,0
396156,0
252727,0
212015,0
216855,0
216855,0
284914,0
286398,0
286398,0
286398,0
286398,0
286398,0
251169,0
329082,0
339047,0
451437,0
342830,0
333256,0
333256,0
357130,0
312666,0
229938,0
229938,0
238475,0
238475,0
348568,0
216931,0
216931,0
216931,0
260484,0
204138,0
204138,0
240457,0
240457,0
284331,0
284331,0
274637,0
274637,0
274637,0
163594,0
163594,0
163594,0
228136,0
309969,0
309969,0
210990,0
108747,0
431677,0
431677,0
431677,0
431677,0
192454,0
434411,0
434411,0
434411,0
434411,0
434411,0
434411,0
219023,0
392955,0
392955,0
341495,0
401050,0
414697,0
414697,0
414697,0
282956,0
136354,0
136354,0
152138,0
152138,0
152138,0
152138,0
152138,0
400772,0
400772,0
129413,0
129413,0
129413,0
129413,0
129413,0
129413,0
129413,0
166937,0
166937,0
166937,0
354699,0
354699,0
353467,0
353467,0
353467,0
353467,0
106642,0
106642,0
429285,0
428616,0
428616,0
240113,0
159493,0
418537,0
137737,0
168349,0
168349,0
168349,0
290149,0
450213,0
357590,0
121925,0
423773,0
287012,0
287012,0
287012,0
287012,0
373645,0
373645,0
373645,0
197557,0
197557,0
197557,0
197557,0
197557,0
260010,0
260010,0
355589,0
126365,0
100397,0
431838,0
431838,0
431838,0
211491,0
441045,0
441045,0
441045,0
441045,0
379569,0
379569,0
379569,0
379569,0
159743,0
159743,0
226073,0
226073,0
205302,0
205302,0
136909,0
443108,0
443108,0
443108,0
151383,0
151383,0
151383,0
259466,0
352946,0
352946,0
199425,0
312324,0
264555,0
264555,0
264555,0
120383,0
135023,0
135023,0
320257,0
320257,0
448988,0
424369,0
280526,0
191768,0
191768,0
191768,0
336168,0
336168,0
124094,0
444204,0
444204,0
416723,0
416723,0
138393,0
124388,0
359363,0
240519,0
240519,0
225992,0
270435,0
361145,0
361145,0
361145,0
361145,0
361145,0
431786,0
157913,0
264087,0
264087,0
438874,0
438874,0
172752,0
172752,0
172752,0
172752,0
176256,0
176256,0
421892,0
186582,0
186582,0
108738,0
108738,0
108738,0
108738,0
108738,0
342013,0
342013,0
134842,0
276296,0
276296,0
276296,0
276296,0
314552,0
328290,0
183133,0
183133,0
183133,0
183133,0
183133,0
370682,0
370682,0
370682,0
370682,0
188623,0
101873,0
101873,0
337760,0
337760,0
337760,0
337760,0
337760,0
337760,0
337760,0
337760,0
337760,0
368328,0
368328,0
368328,0
168398,0
168398,0
168398,0
168398,0
168398,0
337718,0
337718,0
337718,0
337718,0
337718,0
337718,0
219418,0
219418,0
228376,0
228376,0
228376,0
111446,0
111446,0
111446,0
155555,0
121037,0
352584,0
352584,0
352584,0
415754,0
307005,0
307005,0
307005,0
292003,0
441650,0
252772,0
252772,0
238575,0
391416,0
385298,0
166286,0
221599,0
285379,0
436392,0
436392,0
174849,0
174849,0
174849,0
423415,0
315104,0
315104,0
344470,0
421535,0
421535,0
421535,0
421535,0
217834,0
351655,0
115408,0
115408,0
115408,0
115408,0
239728,0
239728,0
104845,0
342652,0
342652,0
392361,0
128621,0
407860,0
407860,0
407860,0
328637,0
328637,0
101394,0
323515,0
294940,0
380628,0
380628,0
363370,0
363370,0
455765,0
404111,0
404111,0
404111,0
108423,0
141698,0
304404,0
351330,0
351330,0
393817,0
260759,0
260759,0
260759,0
417295,0
154300,0
192682,0
357019,0
398502,0
399098,0
320230,0
247963,0
157745,0
157745,0
109959,0
109959,0
285077,0
285077,0
347034,0
347034,0
347034,0
347034,0
375435,0
375435,0
375435,0
375435,0
113017,0
113017,0
301111,0
131529,0
273540,0
273540,0
161167,0
391409,0
452195,0
331236,0
331236,0
331236,0
331236,0
148022,0
148022,0
145563,0
145563,0
145563,0
145563,0
145563,0
398160,0
272860,0
162749,0
372419,0
372419,0
350886,0
350886,0
392534,0
392534,0
447752,0
447752,0
433695,0
433695,0
101587,0
269843,0
269843,0
269843,0
370099,0
292239,0
292239,0
292239,0
355116,0
355116,0
355116,0
310469,0
310469,0
310469,0
424741,0
424741,0
424741,0
432915,0
432915,0
432915,0
279322,0
335940,0
335940,0
335940,0
318694,0
227634,0
227634,0
168022,0
168022,0
261642,0
436318,0
436318,0
422468,0
422468,0
222345,0
222345,0
222345,0
222345,0
317486,0
251982,0
258713,0
323917,0
197657,0
430540,0
223085,0
357223,0
200392,0
200392,0
200392,0
200392,0
217358,0
217358,0
426242,0
184664,0
271226,0
271226,0
271226,0
271226,0
114491,0
382057,0
248284,0
248284,0
248284,0
248284,0
248284,0
180923,0
180923,0
250431,0
214518,0
210470,0
174860,0
135583,0
302696,0
302696,0
442073,0
191172,0
191172,0
355118,0
355118,0
127007,0
341765,0
341765,0
238275,0
301572,0
420190,0
177600,0
177600,0
253383,0
448061,0
448061,0
448061,0
448061,0
433035,0
433035,0
433035,0
433035,0
433035,0
433035,0
433035,0
416903,0
416903,0
416903,0
416903,0
189673,0
189673,0
346647,0
106619,0
106619,0
106619,0
106619,0
106619,0
106619,0
106619,0
279378,0
279378,0
179156,0
179156,0
449992,0
185117,0
185117,0
185117,0
185117,0
185117,0
185117,0
203786,0
203786,0
104222,0
104222,0
274007,0
336987,0
336987,0
263422,0
365889,0
234463,0
234463,0
188836,0
188836,0
188836,0
188836,0
323283,0
323283,0
323283,0
217876,0
217876,0
217876,0
217876,0
393185,0
376070,0
376070,0
290945,0
234397,0
234397,0
234397,0
418027,0
418027,0
418027,0
429526,0
429526,0
264699,0
219418,0
370644,0
199243,0
199243,0
199243,0
315218,0
248988,0
248988,0
265373,0
212144,0
385679,0
138612,0
251125,0
447624,0
225838,0
225838,0
161763,0
161763,0
161763,0
161763,0
145735,0
145735,0
450897,0
450897,0
450897,0
450897,0
357481,0
216449,0
320094,0
446625,0
434032,0
129680,0
368070,0
416332,0
261293,0
435302,0
435302,0
435302,0
435302,0
423157,0
423157,0
423157,0
349472,0
416741,0
416741,0
263243,0
263243,0
263243,0
263243,0
263243,0
263243,0
306780,0
219846,0
379116,0
379116,0
212121,0
157860,0
157860,0
201641,0
416529,0
105260,0
401086,0
430583,0
225964,0
448950,0
261744,0
261744,0
257267,0
257267,0
373592,0
373592,0
373592,0
373592,0
373592,0
373592,0
181381,0
333018,0
128871,0
235076,0
235076,0
110181,0
110181,0
110181,0
301754,0
301754,0
301754,0
301754,0
440586,0
440586,0
440586,0
440586,0
440586,0
440586,0
325600,0
325600,0
367191,0
345602,0
283044,0
132974,0
387717,0
387717,0
387717,0
387717,0
261360,0
211096,0
415959,0
415959,0
315799,0
194734,0
194242,0
194242,0
209846,0
209846,0
209846,0
327628,0
327628,0
327628,0
171770,0
208493,0
208493,0
208493,0
419156,0
305168,0
305168,0
315425,0
315425,0
315425,0
406569,0
406569,0
274191,0
404762,0
404762,0
274834,0
366139,0
316309,0
170514,0
454653,0
369394,0
237823,0
412989,0
412989,0
446488,0
120164,0
120164,0
162707,0
217137,0
162631,0
162631,0
303215,0
279322,0
281164,0
281164,0
281164,0
453516,0
322302,0
322302,0
276876,0
414104,0
405060,0
405060,0
359830,0
309130,0
309130,0
309130,0
309130,0
335074,0
335074,0
165426,0
303249,0
116161,0
169999,0
169999,0
266745,0
398791,0
417337,0
417337,0
390737,0
268856,0
166526,0
359816,0
155637,0
270377,0
270377,0
225627,0
225627,0
387907,0
435749,0
192574,0
331068,0
166500,0
360028,0
362489,0
267379,0
128024,0
384422,0
213133,0
213133,0
231993,0
187347,0
187347,0
187347,0
146191,0
146191,0
163740,0
163740,0
451835,0
451835,0
451835,0
147703,0
147703,0
301967,0
388041,0
388041,0
388041,0
394645,0
394645,0
394645,0
394645,0
340717,0
340717,0
340717,0
340717,0
340717,0
196259,0
350372,0
350372,0
350372,0
350372,0
350888,0
316947,0
316947,0
315283,0
451692,0
451692,0
451692,0
451692,0
171038,0
171038,0
171038,0
171038,0
171038,0
171038,0
171038,0
322624,0
322624,0
367650,0
214092,0
214092,0
214092,0
154352,0
154352,0
154352,0
154352,0
154352,0
382034,0
164032,0
179368,0
179368,0
179368,0
347102,0
347102,0
347102,0
347102,0
347102,0
347102,0
347102,0
334143,0
334143,0
285867,0
285867,0
285867,0
451607,0
451607,0
451607,0
451607,0
451607,0
451607,0
338981,0
338981,0
338981,0
338981,0
338981,0
231453,0
231453,0
231453,0
294209,0
294209,0
294209,0
294209,0
350604,0
350604,0
338316,0
338316,0
338316,0
338316,0
338316,0
338316,0
191636,0
191636,0
191636,0
370754,0
370754,0
370754,0
201352,0
201352,0
201352,0
201352,0
201352,0
201352,0
201352,0
201352,0
201352,0
237268,0
378794,0
378794,0
129782,0
247113,0
198300,0
315509,0
137410,0
137410,0
199897,0
199897,0
199897,0
199897,0
373735,0
373735,0
276013,0
359207,0
359207,0
275016,0
139642,0
139642,0
223438,0
223438,0
391791,0
134185,0
144530,0
439083,0
137848,0
137848,0
122134,0
122134,0
133950,0
133950,0
250655,0
250655,0
307018,0
307018,0
307018,0
307018,0
307018,0
121036,0
374504,0
260903,0
420277,0
420277,0
420277,0
420277,0
350650,0
389509,0
389509,0
148846,0
403094,0
164062,0
282532,0
236885,0
113077,0
113077,0
346151,0
151654,0
209336,0
369375,0
423757,0
423757,0
447683,0
231980,0
285998,0
285998,0
285998,0
144446,0
222871,0
448361,0
448361,0
199900,0
199900,0
199900,0
261448,0
261448,0
206199,0
206199,0
206199,0
307793,0
307793,0
307793,0
307793,0
307793,0
392841,0
316996,0
437110,0
339395,0
339395,0
339395,0
152778,0
108199,0
108199,0
108199,0
108199,0
240768,0
257022,0
292445,0
269180,0
367234,0
340546,0
417510,0
373122,0
373122,0
210353,0
253876,0
314764,0
314764,0
314764,0
314764,0
314764,0
314764,0
290873,0
290873,0
350133,0
350133,0
388952,0
388952,0
174634,0
174634,0
334225,0
334225,0
334225,0
202264,0
202264,0
436526,0
175035,0
175035,0
175035,0
175035,0
175035,0
154547,0
292335,0
292335,0
299398,0
355812,0
390947,0
390947,0
390947,0
391729,0
247324,0
336486,0
232557,0
125986,0
125986,0
125269,0
125269,0
382948,0
215601,0
210713,0
181423,0
322443,0
357158,0
384995,0
332136,0
204197,0
204197,0
204197,0
184162,0
342830,0
342830,0
222874,0
222874,0
326978,0
192081,0
342547,0
134429,0
134429,0
247077,0
401787,0
178859,0
438942,0
402849,0
336152,0
114201,0
328951,0
377507,0
347665,0
307490,0
108115,0
278609,0
263141,0
263141,0
150208,0
251217,0
152708,0
198170,0
428777,0
107821,0
163587,0
174849,0
174849,0
174849,0
174849,0
254758,0
254758,0
254758,0
254758,0
380104,0
380104,0
380104,0
111509,0
111509,0
111509,0
111509,0
111509,0
177097,0
397099,0
397099,0
397099,0
397099,0
119774,0
453103,0
453103,0
453103,0
411527,0
411527,0
411527,0
332085,0
332085,0
332085,0
332085,0
390732,0
390732,0
390732,0
390732,0
292039,0
292039,0
292039,0
292039,0
292039,0
327918,0
253404,0
253404,0
262326,0
247916,0
435752,0
109136,0
100854,0
100854,0
420378,0
420378,0
428545,0
428545,0
143273,0
143273,0
185777,0
185777,0
185777,0
185777,0
112622,0
112622,0
112622,0
424552,0
424552,0
424552,0
370252,0
370252,0
271257,0
350501,0
395622,0
395622,0
395622,0
144531,0
172665,0
234817,0
234817,0
234817,0
234817,0
234817,0
234817,0
234817,0
234817,0
234817,0
234817,0
234817,0
234817,0
234817,0
234817,0
273478,0
273478,0
273478,0
273478,0
199111,0
412088,0
386366,0
355216,0
172035,0
172035,0
172035,0
317792,0
117733,0
117733,0
117733,0
345993,0
149249,0
387099,0
387099,0
387099,0
197419,0
369813,0
369813,0
369813,0
218376,0
218376,0
218376,0
218376,0
218376,0
218376,0
218376,0
218376,0
218376,0
218376,0
218376,0
218376,0
348530,0
348530,0
348530,0
348530,0
394814,0
190590,0
410480,0
113460,0
246485,0
246485,0
391704,0
226941,0
319831,0
319831,0
177075,0
177075,0
150000,0
354487,0
138393,0
138393,0
138393,0
119328,0
119328,0
451057,0
451057,0
242413,0
242413,0
242413,0
242413,0
242413,0
242413,0
242413,0
397460,0
364864,0
364864,0
364864,0
364864,0
364864,0
405297,0
405297,0
405297,0
222879,0
222879,0
222879,0
222879,0
222879,0
239046,0
202987,0
202987,0
202987,0
202987,0
202987,0
202987,0
445666,0
390311,0
167517,0
368369,0
184497,0
439371,0
242799,0
412343,0
157654,0
237208,0
386162,0
386162,0
224598,0
224598,0
226644,0
448746,0
407981,0
145989,0
145989,0
346662,0
323126,0
165626,0
272619,0
272619,0
416660,0
165258,0
165258,0
195176,0
299549,0
299549,0
136177,0
136177,0
279801,0
279801,0
222673,0
222673,0
222673,0
222673,0
222673,0
222673,0
222673,0
222673,0
222673,0
381436,0
381436,0
381436,0
113655,0
113655,0
113655,0
266347,0
266347,0
266347,0
266347,0
381618,0
168482,0
204340,0
204340,0
313224,0
283278,0
233587,0
156124,0
119175,0
119175,0
393526,0
279679,0
279679,0
279679,0
279679,0
279679,0
385651,0
385651,0
385651,0
385651,0
385651,0
385651,0
403378,0
403378,0
297861,0
297861,0
316953,0
316953,0
448610,0
448610,0
448610,0
421055,0
385454,0
175486,0
343812,0
436166,0
414793,0
165879,0
302739,0
308068,0
108708,0
393706,0
304361,0
152673,0
152673,0
376454,0
378537,0
378537,0
171460,0
356444,0
113540,0
285767,0
299290,0
365764,0
280876,0
280876,0
374100,0
313981,0
313981,0
198187,0
198187,0
273032,0
273032,0
190984,0
438743,0
110084,0
110084,0
110084,0
275756,0
418004,0
135527,0
135527,0
135527,0
135527,0
392458,0
275480,0
224654,0
296950,0
162525,0
366345,0
322690,0
140490,0
361618,0
115791,0
144920,0
259266,0
351947,0
280434,0
264610,0
165584,0
145942,0
283436,0
373200,0
163153,0
345649,0
290370,0
290370,0
368909,0
322013,0
370703,0
359282,0
100416,0
413072,0
229701,0
358932,0
378588,0
378588,0
390159,0
393511,0
393511,0
276922,0
264728,0
164343,0
164343,0
435059,0
443410,0
443410,0
176624,0
175724,0
175724,0
445747,0
445747,0
445747,0
125021,0
387112,0
435642,0
277636,0
191218,0
191218,0
191218,0
342093,0
391550,0
391550,0
385190,0
140281,0
140281,0
140281,0
245722,0
245963,0
151594,0
297069,0
268485,0
418319,0
418319,0
204235,0
146884,0
430018,0
288044,0
386261,0
293677,0
206691,0
297258,0
233457,0
233457,0
111818,0
424371,0
404833,0
240305,0
247102,0
247102,0
247102,0
373231,0
199425,0
262902,0
130800,0
164783,0
280513,0
443964,0
443964,0
251097,0
213267,0
254592,0
173610,0
320004,0
320004,0
407956,0
427017,0
451472,0
451472,0
451472,0
451472,0
421500,0
421500,0
421500,0
161702,0
161702,0
161702,0
161702,0
161702,0
161702,0
161702,0
161702,0
161702,0
161702,0
161702,0
161702,0
161702,0
213468,0
256607,0
256607,0
212841,0
212841,0
330272,0
330272,0
330272,0
201677,0
362541,0
362541,0
362541,0
331753,0
373594,0
407694,0
263986,0
167730,0
365451,0
335664,0
395216,0
357673,0
140397,0
209126,0
343877,0
403559,0
346981,0
277620,0
247368,0
303176,0
339845,0
179185,0
179185,0
179185,0
179185,0
179185,0
179185,0
235574,0
153060,0
177457,0
279728,0
136090,0
136090,0
136090,0
331068,0
331068,0
331068,0
331068,0
198829,0
198829,0
198829,0
198829,0
198829,0
198829,0
198829,0
198829,0
198829,0
240111,0
331068,0
248600,0
374554,0
354232,0
103493,0
283760,0
301116,0
432670,0
432670,0
257516,0
257516,0
436874,0
156387,0
391040,0
195357,0
195357,0
158398,0
385100,0
131243,0
131243,0
359119,0
259299,0
259299,0
259299,0
259299,0
214419,0
214419,0
214419,0
214419,0
214419,0
214419,0
395208,0
203936,0
253519,0
363451,0
309198,0
111771,0
111771,0
224225,0
224225,0
224225,0
438798,0
438798,0
438798,0
438798,0
438798,0
438798,0
438798,0
438798,0
438798,0
303099,0
303099,0
303099,0
241601,0
241601,0
241601,0
241601,0
189202,0
189202,0
189202,0
189202,0
124177,0
124177,0
234881,0
234881,0
234881,0
234881,0
234881,0
128375,0
128375,0
232006,0
232006,0
232006,0
124394,0
124394,0
124394,0
124394,0
124394,0
246415,0
239649,0
106222,0
362102,0
362102,0
228376,0
108706,0
277024,0
221134,0
402926,0
137372,0
300440,0
431297,0
431297,0
190762,0
190762,0
299016,0
343833,0
449780,0
200296,0
200296,0
211611,0
211611,0
323266,0
323266,0
104941,0
298491,0
298491,0
298491,0
298491,0
298491,0
391653,0
391653,0
391653,0
391653,0
391653,0
391653,0
160336,0
160336,0
160336,0
155022,0
155022,0
155022,0
155022,0
453417,0
453417,0
373923,0
373923,0
373923,0
373923,0
234632,0
234632,0
234632,0
234632,0
234632,0
108832,0
108832,0
108832,0
108832,0
268593,0
344890,0
344890,0
344890,0
344890,0
344890,0
344890,0
344890,0
344890,0
387565,0
387565,0
387565,0
387565,0
355828,0
181574,0
163828,0
397678,0
162352,0
136016,0
336152,0
336152,0
301664,0
232896,0
232896,0
232896,0
232896,0
232896,0
403196,0
403196,0
403196,0
190297,0
190297,0
190297,0
190297,0
153437,0
153437,0
153437,0
370312,0
370312,0
370312,0
370312,0
370312,0
370312,0
370312,0
428724,0
428724,0
428724,0
428724,0
158049,0
375721,0
286946,0
286946,0
286946,0
286946,0
151694,0
214512,0
202372,0
202372,0
228033,0
165495,0
165495,0
165495,0
131243,0
373409,0
282591,0
282591,0
282591,0
428853,0
428853,0
296880,0
296880,0
252096,0
252096,0
252096,0
252096,0
382741,0
382741,0
382741,0
441407,0
441407,0
441407,0
441407,0
441407,0
441407,0
441407,0
441407,0
239425,0
239425,0
239425,0
307462,0
307462,0
307462,0
208329,0
208329,0
208329,0
379060,0
379060,0
379060,0
379060,0
379060,0
148353,0
148353,0
153265,0
153265,0
153265,0
267460,0
278006,0
223968,0
316309,0
254201,0
254201,0
198569,0
424013,0
290520,0
413121,0
401030,0
401030,0
359119,0
359119,0
314077,0
314077,0
110448,0
110448,0
110448,0
372230,0
405712,0
160077,0
115300,0
115300,0
408304,0
400204,0
226960,0
307323,0
117061,0
245348,0
341267,0
341267,0
341267,0
316774,0
223178,0
223178,0
223178,0
149494,0
299649,0
197514,0
407928,0
388169,0
388169,0
388169,0
314369,0
314369,0
314369,0
314369,0
367312,0
367312,0
156412,0
156412,0
156412,0
220035,0
220035,0
220035,0
220035,0
220035,0
220035,0
220035,0
410967,0
410967,0
112012,0
112012,0
112012,0
112012,0
112012,0
401917,0
420673,0
420673,0
420673,0
420673,0
420673,0
420673,0
420673,0
448396,0
448396,0
448396,0
448396,0
448396,0
373110,0
373110,0
373110,0
317686,0
317686,0
317686,0
317686,0
347412,0
418830,0
418830,0
418830,0
220793,0
220793,0
220793,0
220793,0
220793,0
220793,0
220793,0
220793,0
220793,0
220793,0
308577,0
308577,0
271451,0
266989,0
266989,0
266989,0
266989,0
360935,0
360935,0
442446,0
263650,0
280226,0
181045,0
133089,0
357102,0
194134,0
305336,0
358894,0
189315,0
345273,0
345273,0
345273,0
345273,0
213177,0
354314,0
354314,0
123772,0
123772,0
123772,0
123772,0
123772,0
123772,0
123772,0
430786,0
430786,0
103533,0
332070,0
231153,0
231153,0
231153,0
301820,0
301820,0
301820,0
301820,0
301820,0
301820,0
301820,0
301820,0
301820,0
301820,0
301820,0
434963,0
434963,0
329394,0
207415,0
148373,0
439519,0
439519,0
246588,0
415560,0
161670,0
125426,0
198928,0
410231,0
380047,0
395620,0
351521,0
125562,0
214388,0
188366,0
446378,0
446378,0
323316,0
264896,0
264896,0
264896,0
154091,0
154091,0
154091,0
154091,0
320874,0
161763,0
211851,0
314323,0
314323,0
186582,0
186582,0
186582,0
186582,0
263760,0
143472,0
310510,0
310510,0
310510,0
310510,0
446010,0
446010,0
446010,0
446010,0
446010,0
446010,0
446010,0
446010,0
446010,0
446010,0
152116,0
152116,0
152116,0
152116,0
152116,0
152116,0
390785,0
390785,0
390785,0
390785,0
438861,0
131541,0
313969,0
140361,0
238800,0
456247,0
175213,0
186965,0
278222,0
130658,0
222517,0
158943,0
455905,0
455905,0
366038,0
366038,0
366038,0
107101,0
344487,0
344487,0
154818,0
434097,0
434097,0
211811,0
284165,0
160484,0
326162,0
326162,0
270110,0
297736,0
183620,0
183620,0
217089,0
217089,0
185687,0
185687,0
185687,0
185687,0
185687,0
233029,0
233029,0
233029,0
233029,0
229316,0
126107,0
126107,0
126107,0
150665,0
150665,0
150665,0
325344,0
325344,0
325344,0
200295,0
200295,0
200295,0
200295,0
200295,0
200295,0
240620,0
213578,0
213578,0
213578,0
213578,0
213578,0
213578,0
413559,0
413559,0
413559,0
397796,0
397796,0
397796,0
397796,0
397796,0
397796,0
397796,0
397796,0
397796,0
397796,0
397796,0
397796,0
397796,0
130957,0
130957,0
282082,0
274913,0
222945,0
222945,0
222945,0
245950,0
166081,0
276105,0
276105,0
436968,0
436968,0
332038,0
332038,0
135583,0
135583,0
135583,0
399461,0
399461,0
399461,0
177797,0
177797,0
177797,0
261357,0
284791,0
284791,0
284791,0
296472,0
296472,0
296472,0
296472,0
296472,0
296472,0
296472,0
296472,0
296472,0
169350,0
169350,0
169350,0
169350,0
453984,0
369524,0
127197,0
127197,0
418895,0
418895,0
163017,0
232445,0
439553,0
374433,0
374433,0
374433,0
377947,0
377947,0
377947,0
125309,0
125309,0
125309,0
125309,0
364782,0
364782,0
300273,0
300273,0
300273,0
300273,0
300273,0
300273,0
300273,0
300273,0
300273,0
300273,0
300273,0
300273,0
300273,0
300273,0
226661,0
226661,0
226661,0
198085,0
198085,0
198085,0
198085,0
426218,0
430293,0
310726,0
310726,0
133025,0
133025,0
280520,0
449295,0
270243,0
270243,0
249865,0
249865,0
249865,0
249865,0
144195,0
420043,0
125986,0
351170,0
351170,0
269603,0
103455,0
356082,0
349265,0
349265,0
238382,0
449609,0
449609,0
130259,0
130259,0
260693,0
428976,0
247437,0
247437,0
188484,0
188484,0
280593,0
280593,0
280593,0
227058,0
227058,0
393184,0
256588,0
256588,0
256588,0
242476,0
242476,0
242476,0
242476,0
242476,0
242476,0
242476,0
242476,0
335736,0
335736,0
335736,0
335736,0
335736,0
335736,0
320276,0
320276,0
320276,0
102862,0
131582,0
131582,0
131582,0
131582,0
398737,0
398737,0
369699,0
369699,0
243278,0
243278,0
243278,0
366936,0
201373,0
238643,0
307951,0
104706,0
418583,0
456012,0
394596,0
372090,0
427017,0
208036,0
125021,0
280015,0
112286,0
126582,0
126582,0
266993,0
243267,0
426361,0
163927,0
163927,0
129804,0
129804,0
251798,0
266889,0
122376,0
122376,0
133604,0
133604,0
133604,0
133604,0
126550,0
114863,0
114863,0
333237,0
227321,0
227321,0
275883,0
331548,0
197359,0
197359,0
197359,0
197359,0
197359,0
197359,0
197359,0
197359,0
197359,0
352183,0
352183,0
352183,0
396433,0
396433,0
443135,0
443135,0
443135,0
443135,0
443135,0
443135,0
443135,0
345834,0
377029,0
377029,0
377029,0
352386,0
352386,0
440896,0
440896,0
110480,0
110480,0
110480,0
370627,0
370627,0
370627,0
370627,0
373646,0
373646,0
150047,0
130938,0
130938,0
130938,0
130938,0
130938,0
130938,0
398268,0
157807,0
348530,0
348530,0
348530,0
303544,0
303544,0
303544,0
303544,0
303544,0
303544,0
344256,0
109531,0
109531,0
109531,0
109531,0
180182,0
195109,0
152116,0
298403,0
294303,0
345442,0
345442,0
425190,0
321997,0
437912,0
437912,0
437912,0
437912,0
437912,0
437912,0
321716,0
387237,0
203698,0
203698,0
389497,0
389497,0
389497,0
389497,0
389497,0
383645,0
383645,0
383645,0
383645,0
383645,0
383645,0
417334,0
417334,0
417334,0
417334,0
155008,0
155008,0
155008,0
155008,0
233978,0
233978,0
233978,0
233978,0
233978,0
443642,0
364674,0
364674,0
341588,0
341588,0
448277,0
175268,0
234818,0
386496,0
333409,0
191277,0
202796,0
213267,0
193066,0
193066,0
265311,0
314492,0
314492,0
113342,0
313454,0
271007,0
271007,0
158149,0
189202,0
189202,0
343121,0
232168,0
271226,0
271226,0
271226,0
441391,0
206458,0
242879,0
138542,0
192874,0
154769,0
187173,0
187173,0
447291,0
146685,0
146685,0
146685,0
146685,0
146685,0
146685,0
146685,0
146685,0
146685,0
146685,0
146685,0
146685,0
408705,0
408705,0
408705,0
408705,0
408705,0
454499,0
105771,0
273718,0
361147,0
361147,0
361147,0
361147,0
361147,0
416676,0
416676,0
416676,0
285822,0
285822,0
280809,0
389978,0
347083,0
347083,0
347083,0
347083,0
347083,0
206136,0
206136,0
206136,0
181338,0
181338,0
248277,0
259317,0
259317,0
185505,0
185505,0
185505,0
185505,0
185505,0
185505,0
372659,0
372659,0
372659,0
372659,0
372659,0
372659,0
420216,0
420216,0
420216,0
420216,0
237763,0
237763,0
237763,0
237763,0
237763,0
237763,0
360431,0
222506,0
222506,0
438846,0
438846,0
438846,0
438846,0
438846,0
438846,0
438846,0
438846,0
169286,0
423470,0
283535,0
157101,0
136554,0
290110,0
394000,0
143233,0
143233,0
270921,0
301993,0
307216,0
352693,0
101866,0
382701,0
382701,0
170986,0
159147,0
159147,0
159147,0
159147,0
321009,0
321009,0
282717,0
282717,0
282717,0
282717,0
282717,0
282717,0
250212,0
250212,0
250212,0
250212,0
250212,0
250212,0
369959,0
369959,0
412830,0
412830,0
412830,0
412830,0
412830,0
122473,0
321529,0
321529,0
321529,0
321529,0
321529,0
321529,0
153560,0
153560,0
153560,0
153560,0
153560,0
153560,0
153560,0
153560,0
153560,0
118119,0
348530,0
335611,0
317002,0
420003,0
357102,0
171272,0
344805,0
177168,0
254855,0
278613,0
158413,0
367246,0
279279,0
279279,0
451356,0
451356,0
131740,0
129712,0
115492,0
115492,0
115492,0
252542,0
236940,0
236940,0
236940,0
236940,0
236940,0
236940,0
327216,0
327216,0
298011,0
298011,0
298011,0
298011,0
298011,0
369666,0
369666,0
337302,0
337302,0
337302,0
337302,0
337302,0
337302,0
337302,0
337302,0
337302,0
337302,0
337302,0
434827,0
434827,0
434827,0
434827,0
434827,0
418975,0
418975,0
418975,0
418975,0
224988,0
224988,0
299501,0
132192,0
368687,0
334664,0
381304,0
381304,0
168512,0
321324,0
342323,0
188276,0
254644,0
357271,0
357271,0
379355,0
379355,0
375609,0
218029,0
147243,0
235420,0
369229,0
118085,0
191905,0
235190,0
235190,0
421899,0
192406,0
290266,0
279162,0
373691,0
388095,0
388095,0
388095,0
388095,0
388095,0
388095,0
388095,0
388095,0
388095,0
133220,0
358854,0
132748,0
168420,0
417791,0
211314,0
222890,0
181980,0
336577,0
230822,0
188830,0
317792,0
448691,0
448691,0
448691,0
433059,0
378043,0
378043,0
421362,0
425328,0
278278,0
439786,0
242217,0
415866,0
413594,0
413594,0
359536,0
147397,0
222749,0
251159,0
251159,0
251159,0
120123,0
264932,0
264932,0
106456,0
298706,0
298706,0
197364,0
246304,0
433930,0
378695,0
354285,0
354285,0
446951,0
234454,0
316266,0
409736,0
301184,0
438872,0
438872,0
417730,0
294961,0
100416,0
100416,0
412086,0
263347,0
341604,0
247463,0
447467,0
441509,0
441509,0
366031,0
366031,0
366031,0
190348,0
190348,0
190348,0
190348,0
357836,0
357836,0
106619,0
332715,0
332715,0
157191,0
157191,0
257940,0
257940,0
451377,0
453770,0
368861,0
368861,0
368861,0
368861,0
200196,0
192866,0
192866,0
285179,0
116509,0
140732,0
140732,0
296274,0
368145,0
368145,0
368145,0
368145,0
368145,0
396151,0
288741,0
322682,0
322682,0
247710,0
247710,0
204821,0
204821,0
204821,0
166265,0
382559,0
236902,0
175443,0
132862,0
132862,0
124991,0
256547,0
177208,0
417015,0
417015,0
417015,0
116826,0
116826,0
337615,0
310294,0
249779,0
249779,0
249779,0
288231,0
288231,0
282375,0
282375,0
322008,0
322008,0
158424,0
434393,0
437882,0
145472,0
156925,0
131166,0
131166,0
281056,0
281056,0
144424,0
144424,0
241579,0
301953,0
434790,0
155618,0
304483,0
360047,0
334329,0
298600,0
298600,0
349447,0
349447,0
123531,0
123531,0
123531,0
250182,0
435398,0
123713,0
123713,0
448210,0
372775,0
436603,0
330914,0
344316,0
375695,0
277948,0
322230,0
307167,0
307167,0
392032,0
429615,0
406619,0
406619,0
350151,0
350151,0
454067,0
454067,0
380046,0
380046,0
181933,0
121871,0
260910,0
133671,0
248926,0
177000,0
146121,0
142637,0
142637,0
142637,0
357500,0
449972,0
449972,0
117152,0
153059,0
261063,0
171961,0
267304,0
235133,0
235133,0
276789,0
276789,0
334785,0
334785,0
365446,0
284809,0
284809,0
284809,0
284619,0
366145,0
277161,0
417873,0
110234,0
444175,0
372725,0
170736,0
261744,0
261744,0
141684,0
138769,0
396669,0
397495,0
397495,0
251217,0
251217,0
364890,0
207086,0
267871,0
105439,0
189917,0
189917,0
189917,0
155527,0
424741,0
424741,0
424741,0
424741,0
109997,0
341404,0
341404,0
341404,0
341404,0
341404,0
314077,0
133950,0
133950,0
133950,0
396830,0
396830,0
396830,0
396830,0
307421,0
307421,0
439210,0
365027,0
365027,0
306480,0
306480,0
306480,0
201425,0
381980,0
325994,0
340486,0
340486,0
192538,0
131567,0
131567,0
131567,0
255716,0
255716,0
255716,0
255716,0
255716,0
183900,0
284328,0
156678,0
210568,0
323933,0
346675,0
346675,0
346675,0
346675,0
346675,0
419088,0
135456,0
421680,0
421680,0
421680,0
102674,0
454165,0
454165,0
454165,0
452636,0
452636,0
365253,0
365253,0
365253,0
431943,0
146569,0
146569,0
141466,0
120737,0
120737,0
120737,0
406609,0
406609,0
406609,0
108393,0
108393,0
118722,0
434164,0
434164,0
434164,0
261140,0
261140,0
261140,0
261140,0
350036,0
208379,0
197591,0
401327,0
245186,0
177613,0
214925,0
361744,0
361744,0
248753,0
315171,0
441980,0
441980,0
186990,0
186990,0
383931,0
207825,0
207825,0
207825,0
426041,0
436823,0
450623,0
109719,0
109719,0
380262,0
113362,0
289410,0
389830,0
389830,0
326403,0
186401,0
181378,0
181378,0
400627,0
204940,0
235916,0
310515,0
410071,0
101037,0
101037,0
363392,0
128496,0
128496,0
281719,0
388700,0
329272,0
329272,0
329272,0
413110,0
413110,0
413110,0
314734,0
314734,0
147927,0
145981,0
145981,0
338844,0
440738,0
163110,0
422432,0
422432,0
423304,0
423304,0
316121,0
316121,0
322435,0
170064,0
170064,0
114219,0
114219,0
114219,0
275727,0
424741,0
424741,0
424741,0
424741,0
340775,0
340775,0
318955,0
207726,0
207726,0
381715,0
364608,0
121871,0
387997,0
213585,0
213585,0
213585,0
213585,0
142643,0
142643,0
277582,0
308365,0
308365,0
308365,0
308365,0
331395,0
283120,0
188684,0
101225,0
164588,0
149578,0
106292,0
273469,0
273469,0
216572,0
364105,0
364105,0
364105,0
211643,0
193386,0
193386,0
193386,0
193386,0
139624,0
211456,0
446068,0
379327,0
379327,0
278591,0
334664,0
146676,0
146676,0
364649,0
171412,0
171412,0
313184,0
313184,0
313184,0
313184,0
140622,0
386030,0
386030,0
340458,0
239779,0
239779,0
239779,0
390478,0
190531,0
351971,0
258022,0
258022,0
442533,0
442533,0
442533,0
442533,0
191129,0
191129,0
116703,0
116703,0
353312,0
353312,0
353312,0
353312,0
353312,0
353312,0
202628,0
417144,0
167797,0
167797,0
167797,0
137203,0
286695,0
256721,0
256721,0
290847,0
290847,0
290847,0
454195,0
141971,0
108892,0
416920,0
416920,0
416920,0
212139,0
352693,0
138639,0
375934,0
375934,0
384496,0
198312,0
373171,0
236066,0
453640,0
453640,0
121904,0
183401,0
428208,0
259628,0
356631,0
356631,0
384665,0
410255,0
450044,0
193722,0
234601,0
143705,0
435865,0
362306,0
260205,0
416449,0
384686,0
384686,0
384686,0
304404,0
304404,0
304404,0
287707,0
212557,0
179765,0
279526,0
279526,0
240229,0
282234,0
282234,0
270522,0
270522,0
270522,0
355501,0
323582,0
323582,0
129341,0
129341,0
129341,0
266939,0
267691,0
257484,0
326426,0
326426,0
386236,0
444226,0
444226,0
444226,0
444226,0
293612,0
293612,0
293612,0
293612,0
293612,0
247265,0
144195,0
144195,0
380972,0
200455,0
200455,0
303860,0
186288,0
310135,0
310135,0
200072,0
212761,0
212761,0
125052,0
125052,0
125052,0
125052,0
125052,0
437027,0
125392,0
383640,0
129454,0
145643,0
145643,0
145643,0
287967,0
287967,0
300598,0
277701,0
376370,0
192466,0
438568,0
396935,0
427837,0
427837,0
427837,0
144540,0
446045,0
227718,0
227718,0
424962,0
424962,0
154540,0
276214,0
276214,0
455536,0
455536,0
388273,0
332961,0
332961,0
332961,0
137040,0
135222,0
381385,0
218916,0
218916,0
225303,0
430718,0
216449,0
227420,0
227420,0
423415,0
357915,0
357915,0
357915,0
333136,0
318037,0
125117,0
432409,0
432409,0
281715,0
281715,0
128279,0
281989,0
310688,0
202613,0
202613,0
237899,0
237899,0
237899,0
246390,0
417902,0
417902,0
313017,0
313017,0
160004,0
333136,0
266077,0
266077,0
454991,0
190681,0
109959,0
157495,0
313831,0
188414,0
188414,0
213532,0
191277,0
108148,0
134931,0
406234,0
409444,0
420442,0
358932,0
409684,0
366743,0
194224,0
306570,0
266691,0
272230,0
123294,0
186185,0
417176,0
351317,0
245670,0
137960,0
309341,0
242296,0
330899,0
359851,0
315240,0
131793,0
393051,0
182254,0
283225,0
150942,0
266070,0
243956,0
243956,0
348933,0
203916,0
438493,0
207323,0
285556,0
266115,0
413731,0
104132,0
286497,0
216745,0
425299,0
232712,0
175215,0
397032,0
438032,0
104249,0
212238,0
362630,0
230970,0
382008,0
133044,0
246304,0
193638,0
115986,0
378504,0
378504,0
425600,0
209161,0
206458,0
197170,0
197170,0
427291,0
269843,0
455275,0
345946,0
374532,0
342652,0
429708,0
318564,0
355916,0
436257,0
108289,0
219689,0
284098,0
292179,0
445954,0
186091,0
105731,0
203292,0
456098,0
261624,0
261624,0
446665,0
144092,0
279359,0
352271,0
336486,0
230078,0
393817,0
343176,0
233863,0
441546,0
291091,0
154631,0
248361,0
398383,0
114978,0
443019,0
156387,0
331361,0
118846,0
306113,0
229498,0
305945,0
369466,0
262296,0
344200,0
366561,0
433747,0
101405,0
428609,0
177562,0
337639,0
220805,0
250811,0
412520,0
439995,0
249477,0
199111,0
363653,0
424983,0
247776,0
269785,0
296939,0
145204,0
326773,0
156528,0
260658,0
416320,0
141296,0
254763,0
124118,0
177368,0
211288,0
435636,0
153817,0
300640,0
365889,0
365889,0
245722,0
147619,0
205034,0
432465,0
213239,0
424331,0
424331,0
300087,0
148609,0
106799,0
358458,0
358458,0
453096,0
130448,0
187071,0
289636,0
386905,0
175526,0
175526,0
290270,0
158413,0
409108,0
277696,0
321302,0
174251,0
174251,0
244731,0
430483,0
397363,0
310538,0
359166,0
282532,0
260240,0
391996,0
263368,0
326964,0
414892,0
454050,0
452352,0
232011,0
418110,0
350886,0
249455,0
201114,0
226736,0
119290,0
339705,0
419189,0
373045,0
270014,0
231649,0
141873,0
125269,0
168048,0
444020,0
148879,0
446320,0
259684,0
187649,0
371392,0
394952,0
323737,0
339972,0
424072,0
293434,0
361954,0
419835,0
418590,0
106488,0
107701,0
269441,0
424055,0
363053,0
208397,0
251505,0
270315,0
283682,0
396577,0
280198,0
305165,0
305165,0
436776,0
293166,0
293166,0
341594,0
156260,0
167122,0
164371,0
384595,0
377758,0
349051,0
237031,0
366844,0
326003,0
326003,0
294138,0
302368,0
439085,0
211803,0
164673,0
315888,0
419536,0
199822,0
115675,0
115675,0
423680,0
167834,0
323873,0
113799,0
147948,0
147948,0
179263,0
318267,0
318267,0
354166,0
190129,0
359213,0
311789,0
311789,0
139186,0
209121,0
209121,0
224483,0
224483,0
224483,0
233927,0
233927,0
233927,0
378608,0
378608,0
378608,0
378608,0
308402,0
308402,0
308402,0
308402,0
151212,0
172702,0
172702,0
172702,0
172702,0
257072,0
156335,0
156335,0
231660,0
231660,0
231660,0
203281,0
203281,0
194429,0
194429,0
194429,0
194429,0
327841,0
259818,0
317381,0
178560,0
301359,0
337615,0
337615,0
337615,0
337615,0
337615,0
337615,0
364961,0
364961,0
244052,0
244052,0
244052,0
331210,0
418428,0
259722,0
259722,0
259722,0
259722,0
259722,0
122757,0
122757,0
122757,0
173127,0
173127,0
185064,0
370453,0
399911,0
399911,0
307171,0
250898,0
250898,0
385330,0
385330,0
385330,0
204816,0
363488,0
291212,0
189318,0
189318,0
211766,0
211766,0
211766,0
211766,0
380399,0
401828,0
351823,0
121942,0
281162,0
426871,0
426871,0
355099,0
355099,0
181591,0
372171,0
372171,0
375299,0
242047,0
153228,0
207374,0
310860,0
310860,0
310860,0
310860,0
436016,0
378678,0
377685,0
377685,0
377685,0
377685,0
377685,0
277424,0
237030,0
237030,0
237030,0
436445,0
436445,0
214107,0
214107,0
228795,0
228795,0
314819,0
272247,0
161167,0
318438,0
321153,0
285109,0
106670,0
106670,0
106670,0
342726,0
452369,0
401328,0
401328,0
397072,0
367098,0
367098,0
367098,0
367098,0
367098,0
367098,0
330786,0
181393,0
107777,0
107777,0
107777,0
107777,0
211606,0
343950,0
343950,0
343950,0
343950,0
105968,0
366083,0
135238,0
229224,0
229224,0
420813,0
254394,0
254394,0
352898,0
352898,0
357878,0
357878,0
441887,0
170028,0
170028,0
373551,0
282105,0
282105,0
282105,0
353199,0
353199,0
353199,0
362360,0
250799,0
250799,0
250799,0
116113,0
281206,0
200072,0
278732,0
278732,0
278732,0
278732,0
300949,0
300949,0
300949,0
194213,0
156597,0
441951,0
164633,0
209732,0
209732,0
122119,0
381926,0
316546,0
316546,0
316546,0
161426,0
184899,0
184899,0
184899,0
420162,0
162749,0
453968,0
255978,0
255978,0
255978,0
255978,0
408880,0
408880,0
329767,0
333153,0
353468,0
353468,0
353468,0
353468,0
336168,0
383658,0
383658,0
353423,0
274503,0
400798,0
400798,0
195457,0
310684,0
268436,0
271278,0
234313,0
137960,0
276279,0
276279,0
276279,0
136324,0
136324,0
325827,0
325827,0
351775,0
351775,0
420229,0
285391,0
344086,0
344086,0
344086,0
453957,0
357595,0
357595,0
288347,0
288347,0
385404,0
258330,0
258330,0
258330,0
281093,0
281093,0
259827,0
259827,0
259827,0
259827,0
338550,0
338550,0
338550,0
228093,0
358652,0
191068,0
297174,0
297174,0
288799,0
420772,0
420772,0
333779,0
383645,0
383645,0
374549,0
374549,0
374549,0
263228,0
376573,0
444762,0
138753,0
342270,0
342270,0
325811,0
214505,0
229155,0
229155,0
229155,0
255223,0
255223,0
363189,0
363189,0
219036,0
440310,0
247868,0
366933,0
366933,0
253116,0
253116,0
294140,0
112112,0
181197,0
321432,0
266004,0
129493,0
129493,0
328804,0
142223,0
417315,0
375564,0
230471,0
394577,0
394577,0
394577,0
104966,0
273012,0
253515,0
253515,0
253515,0
223085,0
310612,0
310612,0
135638,0
135638,0
135638,0
198310,0
198310,0
198310,0
343681,0
343681,0
343681,0
144329,0
144329,0
144329,0
226316,0
226316,0
303262,0
303262,0
183017,0
183017,0
183017,0
246390,0
246390,0
246390,0
246390,0
225254,0
225254,0
225254,0
307927,0
291764,0
436511,0
436511,0
436511,0
105899,0
105899,0
385412,0
364649,0
273118,0
405852,0
107391,0
107391,0
384084,0
321211,0
321211,0
321211,0
321211,0
329272,0
329272,0
329272,0
205909,0
205909,0
205909,0
205909,0
205909,0
205909,0
446850,0
216618,0
216618,0
392029,0
231550,0
189051,0
189051,0
127670,0
193625,0
301626,0
301626,0
301626,0
386137,0
274708,0
108136,0
162432,0
301989,0
135700,0
428276,0
428276,0
428276,0
319538,0
382807,0
382807,0
429922,0
429922,0
428763,0
298162,0
304919,0
304919,0
161055,0
370485,0
201773,0
201773,0
320728,0
149638,0
209950,0
418101,0
418101,0
418101,0
285940,0
110769,0
110769,0
110769,0
124912,0
124912,0
429012,0
244433,0
423773,0
423773,0
437801,0
332956,0
332956,0
163210,0
289846,0
289846,0
289846,0
419157,0
419157,0
172388,0
172388,0
391652,0
281670,0
281670,0
456198,0
456198,0
292602,0
164124,0
164124,0
164124,0
290057,0
290057,0
293681,0
366018,0
285301,0
190190,0
113856,0
419270,0
410665,0
107475,0
107475,0
151594,0
296138,0
107274,0
107274,0
123667,0
356351,0
356351,0
208553,0
361289,0
361289,0
361289,0
361289,0
188742,0
290410,0
290410,0
251370,0
425366,0
425366,0
267582,0
447907,0
106897,0
106897,0
137552,0
171563,0
379767,0
379767,0
379767,0
379767,0
379767,0
325711,0
240179,0
240179,0
124748,0
254928,0
408999,0
431526,0
262780,0
262780,0
262780,0
262780,0
249043,0
249043,0
249043,0
249043,0
249043,0
249043,0
308608,0
348766,0
238466,0
199815,0
230581,0
230581,0
230581,0
433211,0
433211,0
149599,0
149599,0
149599,0
334902,0
334902,0
153888,0
125074,0
297925,0
297925,0
397052,0
131740,0
174451,0
248773,0
312646,0
312646,0
312646,0
312646,0
353563,0
393791,0
393791,0
300178,0
260324,0
391271,0
118922,0
118922,0
118922,0
118922,0
190671,0
385190,0
266672,0
266672,0
266672,0
154540,0
433060,0
431566,0
304846,0
304846,0
186645,0
110432,0
287899,0
360203,0
108117,0
265507,0
258925,0
429598,0
429598,0
429598,0
429598,0
257940,0
352549,0
437813,0
154944,0
154944,0
154944,0
446002,0
386360,0
386360,0
191161,0
189631,0
123772,0
172922,0
172922,0
172922,0
172922,0
416708,0
374752,0
374752,0
184911,0
355212,0
396926,0
396926,0
396926,0
396926,0
435420,0
435420,0
435420,0
435420,0
435420,0
435420,0
435420,0
435420,0
306682,0
306682,0
365572,0
436288,0
412989,0
100487,0
100487,0
204794,0
204794,0
182606,0
192226,0
324414,0
324414,0
324414,0
243163,0
243163,0
420781,0
420781,0
340476,0
340476,0
340476,0
340476,0
377403,0
210419,0
193255,0
193255,0
193255,0
131228,0
335163,0
335842,0
114396,0
110432,0
155738,0
215718,0
217274,0
217274,0
217274,0
186545,0
186545,0
186545,0
186545,0
437426,0
342435,0
165586,0
165586,0
390025,0
380621,0
122715,0
356491,0
405173,0
198095,0
167011,0
217804,0
161633,0
364113,0
364113,0
333457,0
345960,0
345960,0
164306,0
308164,0
122711,0
122711,0
246698,0
258199,0
251217,0
291364,0
128317,0
128317,0
128317,0
186366,0
177172,0
177172,0
403012,0
267447,0
267447,0
267447,0
319377,0
430754,0
454942,0
428208,0
208224,0
208224,0
120098,0
112213,0
112213,0
422061,0
407994,0
407994,0
258339,0
258339,0
413276,0
304404,0
200455,0
200455,0
200455,0
123046,0
234204,0
414975,0
414975,0
348709,0
348709,0
268683,0
266818,0
119217,0
251260,0
128477,0
405008,0
299132,0
299132,0
299132,0
130938,0
130938,0
130938,0
301666,0
152138,0
422287,0
422287,0
399049,0
338633,0
196475,0
196475,0
386198,0
344423,0
344423,0
408060,0
315591,0
315591,0
315591,0
256403,0
418777,0
418777,0
139020,0
375934,0
360036,0
288086,0
280805,0
252821,0
360639,0
266691,0
374141,0
322347,0
351401,0
397647,0
397647,0
262514,0
262514,0
163923,0
436844,0
145440,0
145440,0
355265,0
307018,0
203774,0
354360,0
160557,0
113278,0
259396,0
315953,0
127233,0
303150,0
303150,0
245451,0
245451,0
253939,0
124410,0
424590,0
424590,0
240873,0
262566,0
274607,0
415848,0
415848,0
415848,0
415848,0
401653,0
145815,0
145815,0
433676,0
378743,0
246024,0
129737,0
129737,0
181108,0
181108,0
252041,0
264782,0
127569,0
127569,0
405429,0
417336,0
417336,0
286022,0
205590,0
347794,0
191077,0
191077,0
191077,0
398037,0
398037,0
403891,0
370054,0
140057,0
140057,0
140057,0
228758,0
330163,0
330163,0
282939,0
175444,0
175444,0
356631,0
347283,0
383242,0
201591,0
414214,0
414214,0
272950,0
279148,0
186760,0
340002,0
171319,0
362451,0
342447,0
159122,0
255144,0
161976,0
161976,0
247571,0
285847,0
391199,0
291878,0
291878,0
455133,0
455133,0
455133,0
390322,0
259410,0
310604,0
354913,0
208283,0
311336,0
102815,0
188718,0
188718,0
302495,0
290277,0
290277,0
290277,0
325430,0
352176,0
352176,0
352176,0
352176,0
415387,0
291212,0
196454,0
196454,0
361976,0
203006,0
213438,0
213438,0
213438,0
362399,0
420686,0
420686,0
186119,0
422052,0
196405,0
196405,0
334285,0
325128,0
325128,0
137538,0
159312,0
159312,0
104987,0
395663,0
132825,0
132825,0
383420,0
249892,0
370293,0
370293,0
280665,0
376825,0
376825,0
182048,0
295386,0
353316,0
143124,0
143124,0
217326,0
217326,0
217326,0
444687,0
405914,0
218309,0
269904,0
269904,0
142608,0
116413,0
116413,0
287011,0
266989,0
365889,0
109813,0
109813,0
209032,0
389258,0
389258,0
389258,0
168563,0
168563,0
328203,0
316023,0
316023,0
197134,0
197134,0
197134,0
453585,0
453585,0
369394,0
369394,0
248148,0
198510,0
241240,0
327693,0
134250,0
151921,0
129680,0
211047,0
284285,0
284285,0
284285,0
334937,0
201201,0
242114,0
242114,0
123180,0
195664,0
195664,0
192412,0
192412,0
230598,0
230598,0
200455,0
245182,0
245182,0
245182,0
428208,0
271254,0
271254,0
271254,0
145608,0
449972,0
372039,0
372039,0
364100,0
377665,0
427007,0
222983,0
222983,0
136090,0
332085,0
253269,0
253269,0
222656,0
196807,0
353838,0
426119,0
314465,0
273291,0
273291,0
273291,0
422112,0
253725,0
253725,0
253725,0
177150,0
164709,0
164709,0
198020,0
425398,0
425398,0
390964,0
224337,0
224337,0
155686,0
380878,0
380878,0
129389,0
147555,0
335774,0
335774,0
335774,0
221082,0
271253,0
271253,0
271253,0
279255,0
323393,0
344722,0
108568,0
267582,0
267582,0
372696,0
372696,0
372696,0
372696,0
372696,0
372696,0
304093,0
277708,0
277708,0
329676,0
329676,0
427546,0
427546,0
240753,0
419047,0
241096,0
235727,0
202991,0
202991,0
188273,0
188273,0
188273,0
188273,0
312172,0
332037,0
211866,0
211866,0
357595,0
269364,0
269364,0
345048,0
345048,0
345048,0
345048,0
338870,0
272600,0
223652,0
241382,0
321436,0
323569,0
323569,0
323569,0
229791,0
150446,0
150446,0
275571,0
179160,0
208102,0
162299,0
162299,0
455435,0
455435,0
455435,0
455435,0
312194,0
312194,0
196185,0
196185,0
419818,0
135741,0
213348,0
213348,0
419479,0
365184,0
365184,0
437433,0
401340,0
401340,0
111027,0
111027,0
111027,0
111027,0
263047,0
263047,0
126558,0
126558,0
198730,0
278221,0
423803,0
269881,0
228554,0
228554,0
235486,0
235486,0
327160,0
331266,0
331266,0
455112,0
455112,0
455112,0
328821,0
344131,0
161155,0
229685,0
369179,0
359752,0
305658,0
305658,0
348281,0
436209,0
327484,0
327484,0
373818,0
373818,0
384029,0
356842,0
363926,0
208588,0
323437,0
216517,0
141441,0
141441,0
165808,0
447695,0
180578,0
180578,0
180578,0
298600,0
174172,0
174172,0
136132,0
273343,0
330091,0
330091,0
386867,0
157443,0
344676,0
192155,0
133707,0
135123,0
396381,0
171720,0
402013,0
286395,0
186630,0
415700,0
352011,0
352011,0
352011,0
228078,0
263253,0
263253,0
317686,0
335796,0
323437,0
414342,0
414342,0
370983,0
429336,0
204396,0
426069,0
290044,0
290044,0
290044,0
290044,0
290044,0
399266,0
399266,0
216966,0
170672,0
187080,0
187080,0
401226,0
401226,0
142032,0
338316,0
314746,0
212221,0
414674,0
262731,0
197625,0
197625,0
197625,0
191293,0
136985,0
141479,0
359348,0
256310,0
256310,0
437053,0
377677,0
434565,0
434565,0
434565,0
140800,0
330095,0
325040,0
325040,0
168774,0
168774,0
300640,0
125235,0
397875,0
397875,0
330809,0
366131,0
366131,0
366131,0
286494,0
194158,0
424942,0
424942,0
326731,0
326731,0
114408,0
178803,0
178803,0
275321,0
164709,0
223663,0
185290,0
185290,0
185290,0
185290,0
219883,0
219883,0
143615,0
143615,0
169955,0
169955,0
259613,0
142092,0
142092,0
263047,0
142637,0
427542,0
303711,0
338277,0
205799,0
272779,0
272779,0
272779,0
142224,0
330994,0
330994,0
330994,0
330994,0
334809,0
376689,0
376689,0
388582,0
388582,0
388582,0
173298,0
254063,0
224257,0
321443,0
321443,0
418202,0
418202,0
418202,0
417667,0
300793,0
160465,0
229557,0
392433,0
392433,0
127507,0
327175,0
279314,0
379033,0
379033,0
287658,0
196185,0
421340,0
421340,0
147190,0
408495,0
408495,0
132904,0
431545,0
385992,0
147703,0
159305,0
249216,0
226116,0
291894,0
291894,0
288579,0
439525,0
415279,0
283682,0
188119,0
118827,0
145623,0
417269,0
417269,0
417269,0
417269,0
417269,0
144619,0
346737,0
346737,0
388360,0
266155,0
211828,0
128440,0
380213,0
374470,0
330345,0
224974,0
183115,0
183115,0
183115,0
426383,0
269483,0
451008,0
273499,0
273499,0
273499,0
174993,0
354086,0
354086,0
354086,0
320608,0
311732,0
447835,0
373495,0
377591,0
377591,0
377591,0
377591,0
377591,0
377591,0
329204,0
140372,0
227371,0
343317,0
451472,0
451472,0
235539,0
169947,0
169947,0
169947,0
208845,0
230648,0
230648,0
223968,0
378922,0
378922,0
217842,0
336895,0
100437,0
138669,0
352766,0
352766,0
453936,0
418805,0
418805,0
272337,0
272337,0
163464,0
176117,0
240208,0
240208,0
240208,0
240208,0
380290,0
363890,0
437493,0
437493,0
447624,0
443895,0
232943,0
232943,0
391098,0
391098,0
391098,0
386749,0
150754,0
268994,0
136354,0
177791,0
356469,0
198553,0
249177,0
240282,0
363137,0
319680,0
250218,0
262914,0
242797,0
132134,0
132134,0
158290,0
158290,0
158290,0
158290,0
158290,0
248332,0
314634,0
210451,0
106059,0
454602,0
236066,0
261215,0
261215,0
351971,0
224182,0
362359,0
362359,0
362359,0
396829,0
396829,0
342186,0
373549,0
294230,0
294230,0
294230,0
127100,0
134236,0
329979,0
329979,0
350650,0
143103,0
143103,0
343317,0
343317,0
344200,0
200164,0
271188,0
306887,0
306887,0
446674,0
338474,0
338474,0
103960,0
187809,0
447874,0
101470,0
349024,0
331266,0
331266,0
156528,0
335797,0
267081,0
267081,0
186404,0
186404,0
186404,0
186404,0
236575,0
236575,0
236575,0
282554,0
149885,0
127445,0
358599,0
358599,0
191964,0
196402,0
348184,0
259410,0
213523,0
316388,0
169216,0
265566,0
265566,0
393211,0
393211,0
254574,0
127686,0
127686,0
127686,0
273247,0
207326,0
286052,0
286052,0
198100,0
172333,0
118997,0
337648,0
266505,0
266505,0
241964,0
241964,0
343852,0
343852,0
343852,0
343852,0
324893,0
324893,0
246486,0
328297,0
258524,0
172046,0
172046,0
216745,0
304641,0
159318,0
159318,0
230974,0
438100,0
198464,0
134403,0
306014,0
321228,0
193237,0
368393,0
189062,0
189062,0
222673,0
222673,0
421773,0
213177,0
213177,0
442563,0
362596,0
142202,0
381777,0
381777,0
381777,0
428724,0
454584,0
183093,0
183093,0
257608,0
257608,0
257608,0
151151,0
151151,0
151151,0
286992,0
333408,0
437885,0
420003,0
169730,0
361189,0
361189,0
385343,0
133414,0
133414,0
206567,0
206567,0
172032,0
437843,0
444739,0
444739,0
444739,0
444739,0
439083,0
439083,0
439083,0
378870,0
378870,0
432829,0
452181,0
366844,0
366015,0
366015,0
226521,0
141698,0
152733,0
432720,0
432720,0
104984,0
337978,0
337978,0
187543,0
127793,0
127793,0
443701,0
245784,0
245784,0
395638,0
175729,0
139823,0
260916,0
181131,0
308365,0
263182,0
254371,0
126953,0
278126,0
316150,0
354232,0
409252,0
342120,0
356222,0
110423,0
110423,0
110423,0
308831,0
308831,0
324154,0
230939,0
312688,0
183245,0
140246,0
136412,0
136412,0
402470,0
402470,0
367006,0
434224,0
184911,0
365685,0
365685,0
365685,0
257978,0
257978,0
278727,0
278727,0
120477,0
327226,0
123531,0
123531,0
233080,0
271954,0
369206,0
408460,0
408460,0
136922,0
136922,0
239102,0
200049,0
200049,0
200049,0
218371,0
247062,0
151276,0
151276,0
348514,0
348514,0
348514,0
174262,0
382784,0
347229,0
125021,0
125021,0
125021,0
125021,0
229566,0
266672,0
432268,0
177096,0
130800,0
100900,0
139407,0
117472,0
266939,0
266939,0
415006,0
232303,0
232303,0
355299,0
193292,0
164783,0
164783,0
134697,0
155812,0
170098,0
170098,0
170098,0
432889,0
432889,0
432889,0
432889,0
310552,0
270814,0
270814,0
270814,0
270814,0
355487,0
443305,0
443305,0
443305,0
270190,0
264991,0
264991,0
264991,0
332167,0
206986,0
339150,0
257307,0
261960,0
207935,0
207935,0
317063,0
317063,0
140029,0
370689,0
370689,0
258259,0
423739,0
132937,0
293271,0
293271,0
305815,0
172432,0
378831,0
445239,0
445239,0
445239,0
344569,0
420373,0
420373,0
420373,0
409235,0
229503,0
417558,0
384309,0
408760,0
408760,0
408760,0
408760,0
306609,0
306609,0
306609,0
391531,0
391531,0
432618,0
432618,0
399711,0
438070,0
438070,0
305890,0
305890,0
418002,0
341023,0
260460,0
184377,0
356361,0
384956,0
384956,0
308927,0
169584,0
253218,0
329555,0
329555,0
211981,0
441739,0
441739,0
441739,0
441739,0
246994,0
117236,0
417132,0
417132,0
285796,0
101156,0
101156,0
340093,0
127584,0
127584,0
390396,0
390396,0
390396,0
224032,0
224032,0
425678,0
425678,0
425678,0
441931,0
214158,0
119722,0
293651,0
178249,0
178249,0
178249,0
178249,0
178249,0
178249,0
178249,0
224775,0
224775,0
224775,0
224775,0
199869,0
423739,0
367728,0
367728,0
102068,0
102068,0
207360,0
335720,0
449809,0
449809,0
163616,0
163616,0
163616,0
163616,0
374701,0
403266,0
315472,0
315472,0
317486,0
129191,0
372938,0
372938,0
162046,0
313122,0
337321,0
337321,0
217361,0
217361,0
217361,0
279568,0
438694,0
438694,0
240353,0
297901,0
297901,0
297901,0
399471,0
262035,0
438271,0
438271,0
219309,0
219309,0
290128,0
450152,0
339818,0
427831,0
246149,0
364023,0
364023,0
364023,0
364023,0
364023,0
234350,0
234350,0
176190,0
232554,0
232554,0
107774,0
107774,0
107774,0
352032,0
203440,0
183040,0
153142,0
153142,0
153142,0
153142,0
444247,0
416061,0
208458,0
406899,0
284443,0
300497,0
422271,0
422271,0
267504,0
267504,0
423693,0
109221,0
109221,0
328493,0
328493,0
246809,0
246809,0
246809,0
153670,0
272874,0
272874,0
272874,0
272874,0
358434,0
304947,0
334363,0
334363,0
334363,0
334363,0
192190,0
192190,0
192190,0
175744,0
172051,0
130017,0
118858,0
118858,0
118858,0
309881,0
166990,0
354730,0
338867,0
337948,0
220547,0
160267,0
367122,0
367122,0
328379,0
328379,0
410043,0
410043,0
123216,0
424968,0
291323,0
223446,0
441377,0
303114,0
303114,0
357736,0
357736,0
194246,0
138100,0
431944,0
222641,0
222641,0
222641,0
222641,0
274618,0
274618,0
274618,0
402649,0
402649,0
317840,0
317326,0
270199,0
124919,0
426849,0
176941,0
176941,0
219769,0
219769,0
334513,0
334513,0
361298,0
361298,0
361298,0
146085,0
239451,0
239451,0
239451,0
220547,0
153759,0
355969,0
427942,0
101879,0
370441,0
370441,0
100350,0
453888,0
198095,0
198095,0
305222,0
360107,0
360107,0
136016,0
102381,0
102381,0
437960,0
282177,0
150545,0
324458,0
451840,0
415579,0
369068,0
369068,0
364360,0
297753,0
297753,0
322600,0
409088,0
399327,0
155618,0
233356,0
233356,0
244286,0
244286,0
125912,0
197148,0
193697,0
193697,0
263656,0
258078,0
258078,0
228158,0
228158,0
342512,0
342512,0
329075,0
207452,0
398966,0
398966,0
430222,0
214123,0
214123,0
214123,0
190159,0
368955,0
328362,0
399001,0
399001,0
216195,0
145522,0
224527,0
224527,0
224527,0
224527,0
401154,0
248904,0
398160,0
398160,0
177440,0
177440,0
370909,0
447448,0
395255,0
395255,0
395255,0
214450,0
124239,0
100493,0
375795,0
319080,0
374439,0
374439,0
380512,0
380512,0
173794,0
173794,0
222216,0
443609,0
443609,0
361477,0
361477,0
263380,0
263380,0
304032,0
438700,0
263750,0
263750,0
263750,0
438493,0
277079,0
277079,0
192851,0
192851,0
192851,0
336687,0
338064,0
282524,0
282524,0
300682,0
402347,0
402347,0
402347,0
121829,0
121829,0
230501,0
213541,0
213541,0
348183,0
235174,0
345637,0
345637,0
313507,0
433924,0
243270,0
243270,0
448935,0
286913,0
286913,0
399186,0
399186,0
399186,0
176618,0
174368,0
174368,0
342942,0
342942,0
342942,0
342942,0
116193,0
199353,0
377104,0
283706,0
357626,0
291123,0
362513,0
362513,0
362513,0
362513,0
158864,0
158864,0
158864,0
227153,0
165442,0
165442,0
121341,0
121341,0
121341,0
186401,0
186401,0
373854,0
370168,0
370168,0
414763,0
303150,0
303150,0
303150,0
277768,0
131309,0
131309,0
131309,0
222195,0
172723,0
175006,0
333269,0
121342,0
163927,0
372230,0
180153,0
180153,0
180153,0
198700,0
198700,0
316218,0
266641,0
248148,0
272857,0
267354,0
420304,0
172393,0
101026,0
101026,0
101026,0
101026,0
116751,0
224710,0
183550,0
291800,0
142904,0
142904,0
284923,0
129197,0
129197,0
129197,0
367379,0
183470,0
153018,0
103073,0
196695,0
202809,0
411254,0
411254,0
411254,0
259880,0
405852,0
405852,0
186989,0
186989,0
186989,0
122128,0
420019,0
358949,0
358949,0
380998,0
199694,0
199694,0
157837,0
271368,0
383320,0
222374,0
154780,0
154780,0
441931,0
263883,0
172316,0
172316,0
298311,0
298311,0
298311,0
298311,0
424278,0
376502,0
376502,0
406498,0
406498,0
303546,0
104352,0
254569,0
156729,0
176194,0
176194,0
198657,0
448834,0
206436,0
420420,0
420420,0
239822,0
239822,0
401841,0
197637,0
197637,0
285740,0
285740,0
285740,0
226828,0
140864,0
140864,0
225001,0
225001,0
317428,0
317428,0
317428,0
344868,0
305352,0
305352,0
169763,0
169763,0
428545,0
109608,0
146198,0
228472,0
281473,0
271694,0
249964,0
249964,0
220416,0
220416,0
149974,0
317792,0
317792,0
327612,0
327612,0
327612,0
327612,0
327612,0
340866,0
207281,0
335197,0
401621,0
401621,0
415164,0
397673,0
362945,0
362945,0
384158,0
384158,0
448317,0
128665,0
183423,0
448223,0
448223,0
220147,0
151195,0
130725,0
125281,0
263790,0
438271,0
228947,0
181575,0
107792,0
127423,0
447107,0
439838,0
143523,0
143523,0
143523,0
266004,0
140369,0
155676,0
226153,0
322482,0
409130,0
409130,0
126507,0
270252,0
323956,0
323956,0
323956,0
289696,0
289696,0
289696,0
289696,0
117414,0
313500,0
446431,0
229428,0
148255,0
148255,0
428843,0
428843,0
428843,0
428843,0
302225,0
310390,0
123456,0
123456,0
123456,0
336183,0
336183,0
423686,0
348391,0
348391,0
150061,0
150061,0
442877,0
351184,0
351184,0
309615,0
174719,0
174719,0
302739,0
115791,0
115791,0
193745,0
193745,0
193745,0
144920,0
372258,0
402726,0
402726,0
316394,0
344587,0
344587,0
254063,0
368909,0
368909,0
368909,0
420468,0
186977,0
148548,0
148548,0
396534,0
219817,0
219817,0
346869,0
164439,0
164439,0
206594,0
289448,0
289448,0
298516,0
314209,0
314209,0
451057,0
221598,0
426784,0
229388,0
449470,0
117745,0
117745,0
201951,0
201951,0
344220,0
344220,0
132862,0
229701,0
229701,0
229701,0
306166,0
306166,0
306166,0
306166,0
410385,0
410385,0
155409,0
169421,0
347069,0
314552,0
314552,0
214667,0
214667,0
214667,0
369228,0
369228,0
411054,0
277321,0
142423,0
142423,0
199024,0
269792,0
274226,0
109099,0
437541,0
100145,0
427297,0
172605,0
275579,0
287780,0
287780,0
287780,0
377916,0
424020,0
339115,0
139724,0
139724,0
185922,0
390977,0
129612,0
129612,0
129612,0
129612,0
203085,0
267081,0
377455,0
377455,0
377455,0
419781,0
347872,0
347872,0
425861,0
425861,0
224835,0
433743,0
388934,0
256322,0
194531,0
216793,0
383219,0
147243,0
346714,0
129509,0
443524,0
300192,0
455370,0
439321,0
311041,0
438019,0
441600,0
155881,0
418477,0
383866,0
393345,0
335399,0
335399,0
260406,0
238615,0
216917,0
110432,0
132749,0
285265,0
448223,0
107051,0
229806,0
216598,0
372761,0
352305,0
389387,0
294809,0
455632,0
121964,0
124900,0
398199,0
398199,0
295705,0
295705,0
398125,0
313421,0
313421,0
283706,0
283706,0
432392,0
400331,0
400331,0
379404,0
379404,0
379404,0
173981,0
173981,0
389742,0
413594,0
345874,0
345874,0
427625,0
396677,0
105391,0
430660,0
430660,0
366489,0
366489,0
229621,0
173299,0
180696,0
419920,0
151532,0
151532,0
328125,0
149490,0
378505,0
208732,0
364640,0
134647,0
134647,0
157433,0
153887,0
304692,0
304692,0
190251,0
341594,0
376037,0
148609,0
428588,0
390585,0
207486,0
445880,0
135053,0
455266,0
208306,0
171563,0
352864,0
227996,0
308927,0
102061,0
377907,0
351887,0
136090,0
411431,0
257230,0
332946,0
446773,0
183766,0
297392,0
254615,0
254615,0
200523,0
338711,0
229174,0
222945,0
167892,0
177410,0
135068,0
341432,0
254446,0
107959,0
348076,0
141710,0
304417,0
280267,0
333489,0
376717,0
380950,0
256630,0
178425,0
418486,0
309669,0
422663,0
317734,0
434612,0
281609,0
198271,0
394502,0
370099,0
441716,0
441716,0
174815,0
174815,0
448817,0
267979,0
269400,0
346038,0
262998,0
335054,0
396724,0
448780,0
207797,0
265794,0
265794,0
252285,0
288263,0
300010,0
224588,0
396599,0
259072,0
330465,0
305791,0
433973,0
433973,0
433973,0
106761,0
291963,0
227787,0
370109,0
216801,0
216801,0
429906,0
286943,0
286943,0
286943,0
203807,0
107986,0
388323,0
100148,0
276876,0
179402,0
292754,0
428237,0
144079,0
184254,0
440848,0
239860,0
239860,0
279055,0
279055,0
279055,0
279055,0
356593,0
356593,0
350258,0
350258,0
361052,0
199128,0
256181,0
388924,0
388924,0
388924,0
247398,0
247398,0
426993,0
426993,0
429037,0
429503,0
274640,0
100228,0
231675,0
387625,0
347950,0
443489,0
443489,0
342449,0
359975,0
119686,0
119686,0
203765,0
203765,0
180836,0
180836,0
197727,0
357181,0
357181,0
357181,0
264166,0
255981,0
255981,0
255981,0
215433,0
215433,0
215433,0
331996,0
115490,0
103412,0
120737,0
214148,0
261510,0
261510,0
261510,0
261510,0
353926,0
124297,0
363132,0
363132,0
363132,0
363132,0
176676,0
176676,0
128122,0
128122,0
129616,0
313494,0
365131,0
365131,0
365131,0
102557,0
279792,0
268872,0
321482,0
321482,0
321482,0
304110,0
170413,0
430424,0
430424,0
231181,0
149726,0
397533,0
322803,0
322803,0
322803,0
135754,0
135754,0
112136,0
235419,0
284964,0
357595,0
357595,0
357595,0
102199,0
362375,0
356890,0
282684,0
282684,0
336018,0
419558,0
210791,0
210791,0
210791,0
373645,0
193814,0
324822,0
206914,0
440011,0
440011,0
440011,0
440011,0
379502,0
437298,0
243509,0
219090,0
383201,0
383201,0
392887,0
392887,0
233233,0
233233,0
452161,0
204007,0
203737,0
108107,0
389830,0
387702,0
349902,0
136766,0
212183,0
212183,0
173492,0
267347,0
254611,0
254611,0
145582,0
145582,0
145582,0
238175,0
172623,0
181970,0
181970,0
181970,0
324893,0
382726,0
236821,0
220655,0
319807,0
169350,0
169350,0
169350,0
201266,0
188059,0
352711,0
352711,0
352711,0
352711,0
352711,0
367300,0
259130,0
193879,0
193879,0
448780,0
201791,0
305609,0
221196,0
221196,0
221196,0
221196,0
442192,0
442192,0
442192,0
140242,0
140242,0
172744,0
172744,0
296095,0
252112,0
252112,0
127159,0
127159,0
440056,0
440056,0
353316,0
392787,0
401743,0
401743,0
439880,0
300411,0
269066,0
269066,0
431828,0
360228,0
360228,0
111601,0
439569,0
271353,0
373010,0
150180,0
323271,0
252025,0
252025,0
193799,0
193799,0
201458,0
108062,0
108062,0
435202,0
332612,0
168660,0
383524,0
343299,0
343299,0
294159,0
210483,0
210483,0
157098,0
446796,0
358014,0
348406,0
348406,0
320310,0
320310,0
306819,0
391589,0
215688,0
438859,0
253185,0
132609,0
132609,0
408781,0
302077,0
302077,0
302077,0
302077,0
416565,0
416565,0
416565,0
443283,0
443283,0
367572,0
419286,0
351505,0
134217,0
378609,0
214904,0
297636,0
210990,0
381448,0
340471,0
188830,0
394754,0
155821,0
434399,0
304391,0
304391,0
273824,0
164633,0
380498,0
380498,0
449770,0
426871,0
356378,0
356378,0
356378,0
229388,0
270097,0
128453,0
360862,0
307654,0
381777,0
382127,0
142760,0
272619,0
272619,0
370961,0
256917,0
197955,0
269646,0
221580,0
221580,0
290784,0
245186,0
180821,0
392887,0
392887,0
212015,0
297658,0
310254,0
447270,0
377348,0
100465,0
345758,0
286758,0
286758,0
166183,0
161167,0
194358,0
117076,0
225957,0
211825,0
237311,0
275195,0
405954,0
405954,0
347958,0
354327,0
160188,0
114395,0
169216,0
270274,0
214115,0
319716,0
308443,0
405095,0
354170,0
452771,0
169733,0
445182,0
454067,0
121149,0
218309,0
112139,0
406764,0
398438,0
247448,0
351505,0
418021,0
418021,0
433725,0
433725,0
433725,0
387273,0
436445,0
436445,0
343422,0
343422,0
343422,0
343422,0
343422,0
343422,0
422240,0
185230,0
234417,0
234417,0
317237,0
317237,0
322491,0
344019,0
344019,0
344019,0
147316,0
147316,0
147316,0
147316,0
147316,0
235143,0
124748,0
170723,0
170723,0
170723,0
253968,0
167850,0
